<DOMSymbolItem xmlns="http://ns.adobe.com/xfl/2008/" xmlns:xsi="http://www.w3.org/2001/XMLSchema-instance" name="Symbol 36" lastModified="1635072455" symbolType="graphic">
  <timeline>
    <DOMTimeline name="Symbol 36" currentFrame="0">
      <layers>
        <DOMLayer name="Layer 1">
          <frames>
            <DOMFrame index="0" motionTweenScale="false" keyMode="8192">
              <elements>
<DOMShape isFloating="true">
                                             <fills>
  <FillStyle index="1">
    <LinearGradient>
      <matrix>
        <Matrix tx="605.95" ty="259.55" a="0.1065521240234375" d="0.038482666015625" b="-0.1065521240234375" c="0.038482666015625"/>
      </matrix>
      <GradientEntry color="#8c8c8c" alpha="1.0" ratio="0.0"/>
      <GradientEntry color="#ffffff" alpha="0.0" ratio="1.0"/>
    </LinearGradient>
  </FillStyle>
</fills>
                                             <strokes/>
  <edges>
    <Edge fillStyle0="0" fillStyle1="0" strokeStyle="0" edges="!0 0! 0 0"/>
    <Edge fillStyle0="1" fillStyle1="0" strokeStyle="0" edges="!0 0! 14104 1946| 8691 8571| 8746 8616| 15365 3207| 14104 1946"/>
  </edges>
</DOMShape>
                                   </elements>
            </DOMFrame>
          </frames>
        </DOMLayer>
        <DOMLayer name="Layer 2">
          <frames>
            <DOMFrame index="0" motionTweenScale="false" keyMode="8192">
              <elements>
<DOMShape isFloating="true">
                                             <fills>
  <FillStyle index="1">
    <LinearGradient>
      <matrix>
        <Matrix tx="263.75" ty="596.05" a="-0.1065521240234375" d="-0.038482666015625" b="0.1065521240234375" c="-0.038482666015625"/>
      </matrix>
      <GradientEntry color="#8c8c8c" alpha="1.0" ratio="0.0"/>
      <GradientEntry color="#ffffff" alpha="0.0" ratio="1.0"/>
    </LinearGradient>
  </FillStyle>
</fills>
                                             <strokes/>
  <edges>
    <Edge fillStyle0="0" fillStyle1="0" strokeStyle="0" edges="!0 0! 0 0"/>
    <Edge fillStyle0="1" fillStyle1="0" strokeStyle="0" edges="!0 0! 3290 15166| 8703 8541| 8648 8496| 2029 13905| 3290 15166"/>
  </edges>
</DOMShape>
                                   </elements>
            </DOMFrame>
          </frames>
        </DOMLayer>
        <DOMLayer name="Layer 3">
          <frames>
            <DOMFrame index="0" motionTweenScale="false" keyMode="8192">
              <elements>
<DOMShape isFloating="true">
                                             <fills>
  <FillStyle index="1">
    <LinearGradient>
      <matrix>
        <Matrix tx="436.85" ty="187.85" a="0.0" d="0.0" b="-0.15069580078125" c="0.054412841796875"/>
      </matrix>
      <GradientEntry color="#8c8c8c" alpha="1.0" ratio="0.0"/>
      <GradientEntry color="#ffffff" alpha="0.0" ratio="1.0"/>
    </LinearGradient>
  </FillStyle>
</fills>
                                             <strokes/>
  <edges>
    <Edge fillStyle0="0" fillStyle1="0" strokeStyle="0" edges="!0 0! 0 0"/>
    <Edge fillStyle0="1" fillStyle1="0" strokeStyle="0" edges="!0 0! 7846 59| 8703 8571| 8774 8564| 9629 59| 7846 59"/>
  </edges>
</DOMShape>
                                   </elements>
            </DOMFrame>
          </frames>
        </DOMLayer>
        <DOMLayer name="Layer 4">
          <frames>
            <DOMFrame index="0" motionTweenScale="false" keyMode="8192">
              <elements>
<DOMShape isFloating="true">
                                             <fills>
  <FillStyle index="1">
    <LinearGradient>
      <matrix>
        <Matrix tx="432.85" ty="667.75" a="0.0" d="0.0" b="0.15069580078125" c="-0.054412841796875"/>
      </matrix>
      <GradientEntry color="#8c8c8c" alpha="1.0" ratio="0.0"/>
      <GradientEntry color="#ffffff" alpha="0.0" ratio="1.0"/>
    </LinearGradient>
  </FillStyle>
</fills>
                                             <strokes/>
  <edges>
    <Edge fillStyle0="0" fillStyle1="0" strokeStyle="0" edges="!0 0! 0 0"/>
    <Edge fillStyle0="1" fillStyle1="0" strokeStyle="0" edges="!0 0! 9548 17053| 8691 8541| 8620 8548| 7765 17053| 9548 17053"/>
  </edges>
</DOMShape>
                                   </elements>
            </DOMFrame>
          </frames>
        </DOMLayer>
        <DOMLayer name="Layer 5">
          <frames>
            <DOMFrame index="0" motionTweenScale="false" keyMode="8192">
              <elements>
<DOMShape isFloating="true">
                                             <fills>
  <FillStyle index="1">
    <LinearGradient>
      <matrix>
        <Matrix tx="266.6" ty="256.7" a="-0.1065521240234375" d="-0.038482666015625" b="-0.1065521240234375" c="0.038482666015625"/>
      </matrix>
      <GradientEntry color="#8c8c8c" alpha="1.0" ratio="0.0"/>
      <GradientEntry color="#ffffff" alpha="0.0" ratio="1.0"/>
    </LinearGradient>
  </FillStyle>
</fills>
                                             <strokes/>
  <edges>
    <Edge fillStyle0="0" fillStyle1="0" strokeStyle="0" edges="!0 0! 0 0"/>
    <Edge fillStyle0="1" fillStyle1="0" strokeStyle="0" edges="!0 0! 2087 3149| 8712 8562| 8757 8507| 3348 1888| 2087 3149"/>
  </edges>
</DOMShape>
                                   </elements>
            </DOMFrame>
          </frames>
        </DOMLayer>
        <DOMLayer name="Layer 6">
          <frames>
            <DOMFrame index="0" motionTweenScale="false" keyMode="8192">
              <elements>
<DOMShape isFloating="true">
                                             <fills>
  <FillStyle index="1">
    <LinearGradient>
      <matrix>
        <Matrix tx="603.1" ty="598.9" a="0.1065521240234375" d="0.038482666015625" b="0.1065521240234375" c="-0.038482666015625"/>
      </matrix>
      <GradientEntry color="#8c8c8c" alpha="1.0" ratio="0.0"/>
      <GradientEntry color="#ffffff" alpha="0.0" ratio="1.0"/>
    </LinearGradient>
  </FillStyle>
</fills>
                                             <strokes/>
  <edges>
    <Edge fillStyle0="0" fillStyle1="0" strokeStyle="0" edges="!0 0! 0 0"/>
    <Edge fillStyle0="1" fillStyle1="0" strokeStyle="0" edges="!0 0! 15307 13963| 8682 8550| 8637 8605| 14046 15224| 15307 13963"/>
  </edges>
</DOMShape>
                                   </elements>
            </DOMFrame>
          </frames>
        </DOMLayer>
        <DOMLayer name="Layer 7">
          <frames>
            <DOMFrame index="0" motionTweenScale="false" keyMode="8192">
              <elements>
<DOMShape isFloating="true">
                                             <fills>
  <FillStyle index="1">
    <LinearGradient>
      <matrix>
        <Matrix tx="194.9" ty="425.85" a="-0.15069580078125" d="-0.054412841796875"/>
      </matrix>
      <GradientEntry color="#8c8c8c" alpha="1.0" ratio="0.0"/>
      <GradientEntry color="#ffffff" alpha="0.0" ratio="1.0"/>
    </LinearGradient>
  </FillStyle>
</fills>
                                             <strokes/>
  <edges>
    <Edge fillStyle0="0" fillStyle1="0" strokeStyle="0" edges="!0 0! 0 0"/>
    <Edge fillStyle0="1" fillStyle1="0" strokeStyle="0" edges="!0 0! 200 9408| 8712 8551| 8705 8480| 200 7625| 200 9408"/>
  </edges>
</DOMShape>
                                   </elements>
            </DOMFrame>
          </frames>
        </DOMLayer>
        <DOMLayer name="Layer 8">
          <frames>
            <DOMFrame index="0" motionTweenScale="false" keyMode="8192">
              <elements>
<DOMShape isFloating="true">
                                             <fills>
  <FillStyle index="1">
    <LinearGradient>
      <matrix>
        <Matrix tx="549.05" ty="150.9" a="0.0977630615234375" d="0.0200653076171875" b="-0.2460479736328125" c="0.0505218505859375"/>
      </matrix>
      <GradientEntry color="#910000" alpha="1.0" ratio="0.0"/>
      <GradientEntry color="#ffffff" alpha="0.0" ratio="1.0"/>
    </LinearGradient>
  </FillStyle>
</fills>
                                             <strokes/>
  <edges>
    <Edge fillStyle0="0" fillStyle1="0" strokeStyle="0" edges="!0 0! 0 0"/>
    <Edge fillStyle0="1" fillStyle1="0" strokeStyle="0" edges="!0 0! 11078 367| 8697 8572| 8765 8592| 12730 1031| 11078 367"/>
  </edges>
</DOMShape>
                                   </elements>
            </DOMFrame>
          </frames>
        </DOMLayer>
        <DOMLayer name="Layer 9">
          <frames>
            <DOMFrame index="0" motionTweenScale="false" keyMode="8192">
              <elements>
<DOMShape isFloating="true">
                                             <fills>
  <FillStyle index="1">
    <LinearGradient>
      <matrix>
        <Matrix tx="320.6" ty="704.65" a="-0.0977630615234375" d="-0.0200653076171875" b="0.2460479736328125" c="-0.0505218505859375"/>
      </matrix>
      <GradientEntry color="#910000" alpha="1.0" ratio="0.0"/>
      <GradientEntry color="#ffffff" alpha="0.0" ratio="1.0"/>
    </LinearGradient>
  </FillStyle>
</fills>
                                             <strokes/>
  <edges>
    <Edge fillStyle0="0" fillStyle1="0" strokeStyle="0" edges="!0 0! 0 0"/>
    <Edge fillStyle0="1" fillStyle1="0" strokeStyle="0" edges="!0 0! 6315 16744| 8696 8539| 8628 8519| 4663 16080| 6315 16744"/>
  </edges>
</DOMShape>
                                   </elements>
            </DOMFrame>
          </frames>
        </DOMLayer>
        <DOMLayer name="Layer 10">
          <frames>
            <DOMFrame index="0" motionTweenScale="false" keyMode="8192">
              <elements>
<DOMShape isFloating="true">
                                             <fills>
  <FillStyle index="1">
    <LinearGradient>
      <matrix>
        <Matrix tx="319.85" ty="151.2" a="-0.1048431396484375" d="-0.0215301513671875" b="-0.24310302734375" c="0.0499114990234375"/>
      </matrix>
      <GradientEntry color="#910000" alpha="1.0" ratio="0.0"/>
      <GradientEntry color="#ffffff" alpha="0.0" ratio="1.0"/>
    </LinearGradient>
  </FillStyle>
</fills>
                                             <strokes/>
  <edges>
    <Edge fillStyle0="0" fillStyle1="0" strokeStyle="0" edges="!0 0! 0 0"/>
    <Edge fillStyle0="1" fillStyle1="0" strokeStyle="0" edges="!0 0! 4590 1081| 8709 8567| 8771 8533| 6228 383| 4590 1081"/>
  </edges>
</DOMShape>
                                   </elements>
            </DOMFrame>
          </frames>
        </DOMLayer>
        <DOMLayer name="Layer 11">
          <frames>
            <DOMFrame index="0" motionTweenScale="false" keyMode="8192">
              <elements>
<DOMShape isFloating="true">
                                             <fills>
  <FillStyle index="1">
    <LinearGradient>
      <matrix>
        <Matrix tx="549.85" ty="704.4" a="0.1048431396484375" d="0.0215301513671875" b="0.24310302734375" c="-0.0499114990234375"/>
      </matrix>
      <GradientEntry color="#910000" alpha="1.0" ratio="0.0"/>
      <GradientEntry color="#ffffff" alpha="0.0" ratio="1.0"/>
    </LinearGradient>
  </FillStyle>
</fills>
                                             <strokes/>
  <edges>
    <Edge fillStyle0="0" fillStyle1="0" strokeStyle="0" edges="!0 0! 0 0"/>
    <Edge fillStyle0="1" fillStyle1="0" strokeStyle="0" edges="!0 0! 12804 16031| 8685 8545| 8623 8579| 11166 16729| 12804 16031"/>
  </edges>
</DOMShape>
                                   </elements>
            </DOMFrame>
          </frames>
        </DOMLayer>
        <DOMLayer name="Layer 12">
          <frames>
            <DOMFrame index="0" motionTweenScale="false" keyMode="8192">
              <elements>
<DOMShape isFloating="true">
                                             <fills>
  <FillStyle index="1">
    <LinearGradient>
      <matrix>
        <Matrix tx="157.95" ty="313.55" a="-0.2460479736328125" d="-0.0505218505859375" b="-0.0977630615234375" c="0.0200653076171875"/>
      </matrix>
      <GradientEntry color="#910000" alpha="1.0" ratio="0.0"/>
      <GradientEntry color="#ffffff" alpha="0.0" ratio="1.0"/>
    </LinearGradient>
  </FillStyle>
</fills>
                                             <strokes/>
  <edges>
    <Edge fillStyle0="0" fillStyle1="0" strokeStyle="0" edges="!0 0! 0 0"/>
    <Edge fillStyle0="1" fillStyle1="0" strokeStyle="0" edges="!0 0! 508 6174| 8713 8555| 8733 8487| 1172 4522| 508 6174"/>
  </edges>
</DOMShape>
                                   </elements>
            </DOMFrame>
          </frames>
        </DOMLayer>
        <DOMLayer name="Layer 13">
          <frames>
            <DOMFrame index="0" motionTweenScale="false" keyMode="8192">
              <elements>
<DOMShape isFloating="true">
                                             <fills>
  <FillStyle index="1">
    <LinearGradient>
      <matrix>
        <Matrix tx="711.75" ty="542.05" a="0.2460479736328125" d="0.0505218505859375" b="0.0977630615234375" c="-0.0200653076171875"/>
      </matrix>
      <GradientEntry color="#910000" alpha="1.0" ratio="0.0"/>
      <GradientEntry color="#ffffff" alpha="0.0" ratio="1.0"/>
    </LinearGradient>
  </FillStyle>
</fills>
                                             <strokes/>
  <edges>
    <Edge fillStyle0="0" fillStyle1="0" strokeStyle="0" edges="!0 0! 0 0"/>
    <Edge fillStyle0="1" fillStyle1="0" strokeStyle="0" edges="!0 0! 16886 10938| 8681 8557| 8661 8625| 16222 12590| 16886 10938"/>
  </edges>
</DOMShape>
                                   </elements>
            </DOMFrame>
          </frames>
        </DOMLayer>
        <DOMLayer name="Layer 14">
          <frames>
            <DOMFrame index="0" motionTweenScale="false" keyMode="8192">
              <elements>
<DOMShape isFloating="true">
                                             <fills>
  <FillStyle index="1">
    <LinearGradient>
      <matrix>
        <Matrix tx="158.25" ty="542.85" a="-0.24310302734375" d="-0.0499114990234375" b="0.1048431396484375" c="-0.0215301513671875"/>
      </matrix>
      <GradientEntry color="#910000" alpha="1.0" ratio="0.0"/>
      <GradientEntry color="#ffffff" alpha="0.0" ratio="1.0"/>
    </LinearGradient>
  </FillStyle>
</fills>
                                             <strokes/>
  <edges>
    <Edge fillStyle0="0" fillStyle1="0" strokeStyle="0" edges="!0 0! 0 0"/>
    <Edge fillStyle0="1" fillStyle1="0" strokeStyle="0" edges="!0 0! 1222 12664| 8708 8545| 8674 8483| 524 11026| 1222 12664"/>
  </edges>
</DOMShape>
                                   </elements>
            </DOMFrame>
          </frames>
        </DOMLayer>
        <DOMLayer name="Layer 15">
          <frames>
            <DOMFrame index="0" motionTweenScale="false" keyMode="8192">
              <elements>
<DOMShape isFloating="true">
                                             <fills>
  <FillStyle index="1">
    <LinearGradient>
      <matrix>
        <Matrix tx="711.45" ty="312.85" a="0.24310302734375" d="0.0499114990234375" b="-0.1048431396484375" c="0.0215301513671875"/>
      </matrix>
      <GradientEntry color="#910000" alpha="1.0" ratio="0.0"/>
      <GradientEntry color="#ffffff" alpha="0.0" ratio="1.0"/>
    </LinearGradient>
  </FillStyle>
</fills>
                                             <strokes/>
  <edges>
    <Edge fillStyle0="0" fillStyle1="0" strokeStyle="0" edges="!0 0! 0 0"/>
    <Edge fillStyle0="1" fillStyle1="0" strokeStyle="0" edges="!0 0! 16172 4450| 8686 8569| 8720 8631| 16870 6088| 16172 4450"/>
  </edges>
</DOMShape>
                                   </elements>
            </DOMFrame>
          </frames>
        </DOMLayer>
        <DOMLayer name="Layer 16">
          <frames>
            <DOMFrame index="0" motionTweenScale="false" keyMode="8192">
              <elements>
                                        <DOMShape isFloating="true">
                                             <fills>
  <FillStyle index="1">
    <LinearGradient>
      <matrix>
        <Matrix tx="674.8" ty="429.85" a="0.15069580078125" d="0.054412841796875"/>
      </matrix>
      <GradientEntry color="#8c8c8c" alpha="1.0" ratio="0.0"/>
      <GradientEntry color="#ffffff" alpha="0.0" ratio="1.0"/>
    </LinearGradient>
  </FillStyle>
</fills>
                                             <strokes/>
  <edges>
    <Edge fillStyle0="1" edges="!0 0! 17194 7706| 8682 8563| 8689 8634| 17194 9489| 17194 7706"/>
  </edges>
</DOMShape>
                                   </elements>
            </DOMFrame>
          </frames>
        </DOMLayer>
      </layers>
    </DOMTimeline>
  </timeline>
</DOMSymbolItem>
