<DOMSymbolItem xmlns="http://ns.adobe.com/xfl/2008/" xmlns:xsi="http://www.w3.org/2001/XMLSchema-instance" name="Symbol 176" lastModified="1635072455" symbolType="graphic">
  <timeline>
    <DOMTimeline name="Symbol 176" currentFrame="0">
      <layers>
        <DOMLayer name="Layer 1">
          <frames>
            <DOMFrame index="0" motionTweenScale="false" keyMode="8192">
              <elements>
<DOMShape isFloating="true">
                                             <fills>
  <FillStyle index="1">
    <SolidColor color="#000000"/>
  </FillStyle>
</fills>
                                             <strokes/>
  <edges>
    <Edge fillStyle0="0" fillStyle1="0" strokeStyle="0" edges="!0 0! 0 0"/>
    <Edge fillStyle0="1" fillStyle1="0" strokeStyle="0" edges="!0 0! 5921 5404[ 5903 5563 5881 5599[ 5825 5690 5797 5694[ 5773 5697 5758 5686[ 5743 5674 5743 5640[ 5743 5585 5799 5542[ 5892 5467 5932 5249| 5921 5404"/>
    <Edge fillStyle0="1" fillStyle1="0" strokeStyle="0" edges="!5921 5404! 5882 5343[ 5831 5480 5782 5519[ 5715 5572 5714 5641[ 5716 5689 5742 5708[ 5765 5727 5801 5721[ 6000 5610 5937 5222[ 5929 5221 5882 5343"/>
  </edges>
</DOMShape>
                                   </elements>
            </DOMFrame>
          </frames>
        </DOMLayer>
        <DOMLayer name="Layer 2">
          <frames>
            <DOMFrame index="0" motionTweenScale="false" keyMode="8192">
              <elements>
<DOMShape isFloating="true">
                                             <fills>
  <FillStyle index="1">
    <SolidColor color="#f4a057"/>
  </FillStyle>
</fills>
                                             <strokes/>
  <edges>
    <Edge fillStyle0="0" fillStyle1="0" strokeStyle="0" edges="!0 0! 0 0"/>
    <Edge fillStyle0="1" fillStyle1="0" strokeStyle="0" edges="!0 0! 5919 5331| 5897 5426[ 5873 5527 5859 5558[ 5847 5583 5821 5593[ 5793 5604 5778 5626[ 5749 5670 5769 5717| 5855 5656| 5909 5559| 5938 5339| 5933 5317| 5919 5331"/>
  </edges>
</DOMShape>
                                   </elements>
            </DOMFrame>
          </frames>
        </DOMLayer>
        <DOMLayer name="Layer 3">
          <frames>
            <DOMFrame index="0" motionTweenScale="false" keyMode="8192">
              <elements>
<DOMShape isFloating="true">
                                             <fills>
  <FillStyle index="1">
    <SolidColor color="#f5c4a0"/>
  </FillStyle>
</fills>
                                             <strokes/>
  <edges>
    <Edge fillStyle0="0" fillStyle1="0" strokeStyle="0" edges="!5412 5362! 0 0"/>
    <Edge fillStyle0="0" fillStyle1="1" strokeStyle="0" edges="!0 0! 5939 5229| 5927 5398[ 5909 5579 5872 5631[ 5799 5734 5750 5697[ 5726 5680 5729 5633[ 5733 5575 5790 5530[ 5881 5459 5939 5229"/>
  </edges>
</DOMShape>
                                   </elements>
            </DOMFrame>
          </frames>
        </DOMLayer>
        <DOMLayer name="Layer 4">
          <frames>
            <DOMFrame index="0" motionTweenScale="false" keyMode="8192">
              <elements>
<DOMShape isFloating="true">
                                             <fills>
  <FillStyle index="1">
    <SolidColor color="#000000"/>
  </FillStyle>
</fills>
                                             <strokes/>
  <edges>
    <Edge fillStyle0="0" fillStyle1="0" strokeStyle="0" edges="!0 0! 0 0"/>
    <Edge fillStyle0="1" fillStyle1="0" strokeStyle="0" edges="!0 0! 5412 5362[ 5307 5484 5297 5525[ 5269 5627 5285 5651[ 5299 5671 5318 5673[ 5337 5675 5361 5653[ 5402 5615 5395 5545[ 5384 5426 5515 5247| 5412 5362"/>
    <Edge fillStyle0="1" fillStyle1="0" strokeStyle="0" edges="!5412 5362! 5481 5348[ 5417 5479 5423 5541[ 5431 5626 5381 5674[ 5345 5706 5314 5701[ 5283 5697 5263 5667[ 5208 5446 5532 5225[ 5538 5229 5481 5348"/>
  </edges>
</DOMShape>
                                   </elements>
            </DOMFrame>
          </frames>
        </DOMLayer>
        <DOMLayer name="Layer 5">
          <frames>
            <DOMFrame index="0" motionTweenScale="false" keyMode="8192">
              <elements>
<DOMShape isFloating="true">
                                             <fills>
  <FillStyle index="1">
    <SolidColor color="#f4a057"/>
  </FillStyle>
</fills>
                                             <strokes/>
  <edges>
    <Edge fillStyle0="0" fillStyle1="0" strokeStyle="0" edges="!0 0! 0 0"/>
    <Edge fillStyle0="1" fillStyle1="0" strokeStyle="0" edges="!0 0! 5466 5310| 5411 5391[ 5354 5478 5342 5511[ 5332 5536 5342 5562[ 5353 5591 5348 5616[ 5337 5667 5289 5685| 5273 5581| 5307 5476| 5447 5302| 5467 5291| 5466 5310"/>
  </edges>
</DOMShape>
                                   </elements>
            </DOMFrame>
          </frames>
        </DOMLayer>
        <DOMLayer name="Layer 6">
          <frames>
            <DOMFrame index="0" motionTweenScale="false" keyMode="8192">
              <elements>
<DOMShape isFloating="true">
                                             <fills>
  <FillStyle index="1">
    <SolidColor color="#f5c4a0"/>
  </FillStyle>
</fills>
                                             <strokes/>
  <edges>
    <Edge fillStyle0="0" fillStyle1="0" strokeStyle="0" edges="!0 0! 0 0"/>
    <Edge fillStyle0="0" fillStyle1="1" strokeStyle="0" edges="!0 0! 5526 5228| 5411 5353[ 5293 5490 5280 5553[ 5255 5676 5315 5687[ 5344 5692 5376 5658[ 5415 5615 5409 5543[ 5398 5427 5526 5228"/>
  </edges>
</DOMShape>
                                   </elements>
            </DOMFrame>
          </frames>
        </DOMLayer>
        <DOMLayer name="Layer 7">
          <frames>
            <DOMFrame index="0" motionTweenScale="false" keyMode="8192">
              <elements>
<DOMShape isFloating="true">
                                             <fills>
  <FillStyle index="1">
    <SolidColor color="#000000"/>
  </FillStyle>
</fills>
                                             <strokes/>
  <edges>
    <Edge fillStyle0="0" fillStyle1="0" strokeStyle="0" edges="!0 0! 0 0"/>
    <Edge fillStyle0="1" fillStyle1="0" strokeStyle="0" edges="!0 0! 6541 5726| 6378 5351| 6345 5361| 6520 5742| 6541 5726"/>
  </edges>
</DOMShape>
                                   </elements>
            </DOMFrame>
          </frames>
        </DOMLayer>
        <DOMLayer name="Layer 8">
          <frames>
            <DOMFrame index="0" motionTweenScale="false" keyMode="8192">
              <elements>
<DOMShape isFloating="true">
                                             <fills>
  <FillStyle index="1">
    <SolidColor color="#000000"/>
  </FillStyle>
</fills>
                                             <strokes/>
  <edges>
    <Edge fillStyle0="0" fillStyle1="0" strokeStyle="0" edges="!0 0! 0 0"/>
    <Edge fillStyle0="1" fillStyle1="0" strokeStyle="0" edges="!0 0! 6226 5368| 6302 5753| 6365 5749| 6272 5364| 6226 5368"/>
  </edges>
</DOMShape>
                                   </elements>
            </DOMFrame>
          </frames>
        </DOMLayer>
        <DOMLayer name="Layer 9">
          <frames>
            <DOMFrame index="0" motionTweenScale="false" keyMode="8192">
              <elements>
<DOMShape isFloating="true">
                                             <fills>
  <FillStyle index="1">
    <SolidColor color="#000000"/>
  </FillStyle>
</fills>
                                             <strokes/>
  <edges>
    <Edge fillStyle0="0" fillStyle1="0" strokeStyle="0" edges="!0 0! 0 0"/>
    <Edge fillStyle0="1" fillStyle1="0" strokeStyle="0" edges="!0 0! 6066 5371| 6100 5766| 6146 5766| 6110 5368| 6066 5371"/>
  </edges>
</DOMShape>
                                   </elements>
            </DOMFrame>
          </frames>
        </DOMLayer>
        <DOMLayer name="Layer 10">
          <frames>
            <DOMFrame index="0" motionTweenScale="false" keyMode="8192">
              <elements>
<DOMShape isFloating="true">
                                             <fills>
  <FillStyle index="1">
    <SolidColor color="#000000"/>
  </FillStyle>
</fills>
                                             <strokes/>
  <edges>
    <Edge fillStyle0="0" fillStyle1="0" strokeStyle="0" edges="!0 0! 0 0"/>
    <Edge fillStyle0="1" fillStyle1="0" strokeStyle="0" edges="!0 0! 5871 5381| 5894 5766| 5944 5766| 5917 5384| 5871 5381"/>
  </edges>
</DOMShape>
                                   </elements>
            </DOMFrame>
          </frames>
        </DOMLayer>
        <DOMLayer name="Layer 11">
          <frames>
            <DOMFrame index="0" motionTweenScale="false" keyMode="8192">
              <elements>
<DOMShape isFloating="true">
                                             <fills>
  <FillStyle index="1">
    <SolidColor color="#000000"/>
  </FillStyle>
</fills>
                                             <strokes/>
  <edges>
    <Edge fillStyle0="0" fillStyle1="0" strokeStyle="0" edges="!0 0! 0 0"/>
    <Edge fillStyle0="1" fillStyle1="0" strokeStyle="0" edges="!0 0! 5692 5384| 5705 5759| 5752 5766| 5731 5375| 5692 5384"/>
  </edges>
</DOMShape>
                                   </elements>
            </DOMFrame>
          </frames>
        </DOMLayer>
        <DOMLayer name="Layer 12">
          <frames>
            <DOMFrame index="0" motionTweenScale="false" keyMode="8192">
              <elements>
<DOMShape isFloating="true">
                                             <fills>
  <FillStyle index="1">
    <SolidColor color="#000000"/>
  </FillStyle>
</fills>
                                             <strokes/>
  <edges>
    <Edge fillStyle0="0" fillStyle1="0" strokeStyle="0" edges="!0 0! 0 0"/>
    <Edge fillStyle0="1" fillStyle1="0" strokeStyle="0" edges="!0 0! 5513 5375| 5510 5756| 5553 5756| 5556 5388| 5513 5375"/>
  </edges>
</DOMShape>
                                   </elements>
            </DOMFrame>
          </frames>
        </DOMLayer>
        <DOMLayer name="Layer 13">
          <frames>
            <DOMFrame index="0" motionTweenScale="false" keyMode="8192">
              <elements>
<DOMShape isFloating="true">
                                             <fills>
  <FillStyle index="1">
    <SolidColor color="#000000"/>
  </FillStyle>
</fills>
                                             <strokes/>
  <edges>
    <Edge fillStyle0="0" fillStyle1="0" strokeStyle="0" edges="!0 0! 0 0"/>
    <Edge fillStyle0="1" fillStyle1="0" strokeStyle="0" edges="!0 0! 5334 5368| 5297 5759| 5351 5759| 5383 5364| 5334 5368"/>
  </edges>
</DOMShape>
                                   </elements>
            </DOMFrame>
          </frames>
        </DOMLayer>
        <DOMLayer name="Layer 14">
          <frames>
            <DOMFrame index="0" motionTweenScale="false" keyMode="8192">
              <elements>
<DOMShape isFloating="true">
                                             <fills>
  <FillStyle index="1">
    <SolidColor color="#000000"/>
  </FillStyle>
</fills>
                                             <strokes/>
  <edges>
    <Edge fillStyle0="0" fillStyle1="0" strokeStyle="0" edges="!0 0! 0 0"/>
    <Edge fillStyle0="1" fillStyle1="0" strokeStyle="0" edges="!0 0! 5178 5361| 5075 5732| 5125 5739| 5218 5364| 5178 5361"/>
  </edges>
</DOMShape>
                                   </elements>
            </DOMFrame>
          </frames>
        </DOMLayer>
        <DOMLayer name="Layer 15">
          <frames>
            <DOMFrame index="0" motionTweenScale="false" keyMode="8192">
              <elements>
<DOMShape isFloating="true">
                                             <fills>
  <FillStyle index="1">
    <SolidColor color="#000000"/>
  </FillStyle>
</fills>
                                             <strokes/>
  <edges>
    <Edge fillStyle0="0" fillStyle1="0" strokeStyle="0" edges="!0 0! 0 0"/>
    <Edge fillStyle0="1" fillStyle1="0" strokeStyle="0" edges="!0 0! 6404 5329| 5761 5361| 5064 5332| 5062 5359[ 5420 5404 5758 5404[ 6097 5404 6418 5359| 6404 5329"/>
  </edges>
</DOMShape>
                                   </elements>
            </DOMFrame>
          </frames>
        </DOMLayer>
        <DOMLayer name="Layer 16">
          <frames>
            <DOMFrame index="0" motionTweenScale="false" keyMode="8192">
              <elements>
<DOMShape isFloating="true">
                                             <fills>
  <FillStyle index="1">
    <SolidColor color="#000000"/>
  </FillStyle>
</fills>
                                             <strokes/>
  <edges>
    <Edge fillStyle0="0" fillStyle1="0" strokeStyle="0" edges="!0 0! 0 0"/>
    <Edge fillStyle0="1" fillStyle1="0" strokeStyle="0" edges="!0 0! 6510 5397[ 6187 5459 5810 5462[ 5433 5465 4953 5400| 4950 5426[ 5406 5492 5799 5492| 6310 5459| 6526 5426| 6510 5397"/>
  </edges>
</DOMShape>
                                   </elements>
            </DOMFrame>
          </frames>
        </DOMLayer>
        <DOMLayer name="Layer 17">
          <frames>
            <DOMFrame index="0" motionTweenScale="false" keyMode="8192">
              <elements>
<DOMShape isFloating="true">
                                             <fills>
  <FillStyle index="1">
    <SolidColor color="#000000"/>
  </FillStyle>
</fills>
                                             <strokes/>
  <edges>
    <Edge fillStyle0="0" fillStyle1="0" strokeStyle="0" edges="!0 0! 0 0"/>
    <Edge fillStyle0="1" fillStyle1="0" strokeStyle="0" edges="!0 0! 6566 5483[ 6227 5546 5832 5549[ 5436 5552 4933 5487| 4930 5513[ 5408 5578 5820 5578[ 6233 5578 6583 5513| 6566 5483"/>
  </edges>
</DOMShape>
                                   </elements>
            </DOMFrame>
          </frames>
        </DOMLayer>
        <DOMLayer name="Layer 18">
          <frames>
            <DOMFrame index="0" motionTweenScale="false" keyMode="8192">
              <elements>
<DOMShape isFloating="true">
                                             <fills>
  <FillStyle index="1">
    <SolidColor color="#000000"/>
  </FillStyle>
</fills>
                                             <strokes/>
  <edges>
    <Edge fillStyle0="0" fillStyle1="0" strokeStyle="0" edges="!0 0! 0 0"/>
    <Edge fillStyle0="1" fillStyle1="0" strokeStyle="0" edges="!0 0! 6623 5561[ 6269 5624 5855 5627[ 5441 5630 4914 5565| 4911 5591[ 5411 5657 5843 5657[ 6275 5657 6641 5591| 6623 5561"/>
  </edges>
</DOMShape>
                                   </elements>
            </DOMFrame>
          </frames>
        </DOMLayer>
        <DOMLayer name="Layer 19">
          <frames>
            <DOMFrame index="0" motionTweenScale="false" keyMode="8192">
              <elements>
<DOMShape isFloating="true">
                                             <fills>
  <FillStyle index="1">
    <SolidColor color="#000000"/>
  </FillStyle>
</fills>
                                             <strokes/>
  <edges>
    <Edge fillStyle0="0" fillStyle1="0" strokeStyle="0" edges="!0 0! 0 0"/>
    <Edge fillStyle0="1" fillStyle1="0" strokeStyle="0" edges="!0 0! 6623 5630[ 6269 5692 5855 5695[ 5441 5699 4914 5633| 4911 5660[ 5411 5725 5843 5725[ 6275 5725 6641 5660| 6623 5630"/>
  </edges>
</DOMShape>
                                   </elements>
            </DOMFrame>
          </frames>
        </DOMLayer>
        <DOMLayer name="Layer 20">
          <frames>
            <DOMFrame index="0" motionTweenScale="false" keyMode="8192">
              <elements>
<DOMShape isFloating="true">
                                             <fills>
  <FillStyle index="1">
    <SolidColor color="#666666"/>
  </FillStyle>
</fills>
                                             <strokes/>
  <edges>
    <Edge fillStyle0="0" fillStyle1="0" strokeStyle="0" edges="!0 0! 0 0"/>
    <Edge fillStyle0="0" fillStyle1="1" strokeStyle="0" edges="!0 0! 6602 5694[ 6589 5726 6334 5741[ 6110 5754 5775 5750| 5218 5732[ 4962 5716 4949 5694[ 4920 5645 4964 5520[ 5010 5388 5086 5352[ 5162 5316 5758 5320[ 6345 5323 6396 5352[ 6455 5385 6536 5503[ 6625 5634 6602 5694"/>
  </edges>
</DOMShape>
                                   </elements>
            </DOMFrame>
          </frames>
        </DOMLayer>
        <DOMLayer name="Layer 21">
          <frames>
            <DOMFrame index="0" motionTweenScale="false" keyMode="8192">
              <elements>
<DOMShape isFloating="true">
                                             <fills>
  <FillStyle index="1">
    <SolidColor color="#000000"/>
  </FillStyle>
</fills>
                                             <strokes/>
  <edges>
    <Edge fillStyle0="0" fillStyle1="0" strokeStyle="0" edges="!0 0! 0 0"/>
    <Edge fillStyle0="0" fillStyle1="1" strokeStyle="0" edges="!0 0! 6667 5713[ 6653 5749 6378 5765[ 6137 5780 5775 5776| 5174 5755[ 4898 5737 4884 5713[ 4871 5689 4875 5633[ 4880 5579 4900 5518[ 4951 5370 5032 5330[ 5115 5290 5756 5294[ 6390 5298 6445 5330[ 6509 5367 6596 5499[ 6692 5645 6667 5713"/>
  </edges>
</DOMShape>
                                   </elements>
            </DOMFrame>
          </frames>
        </DOMLayer>
        <DOMLayer name="Layer 22">
          <frames>
            <DOMFrame index="0" motionTweenScale="false" keyMode="8192">
              <elements>
<DOMShape isFloating="true">
                                             <fills>
  <FillStyle index="1">
    <SolidColor color="#000000"/>
  </FillStyle>
</fills>
                                             <strokes/>
  <edges>
    <Edge fillStyle0="0" fillStyle1="0" strokeStyle="0" edges="!5040 4305! 0 0"/>
    <Edge fillStyle0="0" fillStyle1="1" strokeStyle="0" edges="!0 0! 5242 4210[ 5242 4197 5235 4187[ 5225 4180 5213 4180[ 5200 4180 5193 4187[ 5183 4197 5183 4210[ 5183 4222 5193 4229[ 5200 4239 5213 4239| 5235 4229| 5242 4210"/>
  </edges>
</DOMShape>
                                   </elements>
            </DOMFrame>
          </frames>
        </DOMLayer>
        <DOMLayer name="Layer 23">
          <frames>
            <DOMFrame index="0" motionTweenScale="false" keyMode="8192">
              <elements>
<DOMShape isFloating="true">
                                             <fills>
  <FillStyle index="1">
    <SolidColor color="#ffffff"/>
  </FillStyle>
  <FillStyle index="2">
    <SolidColor color="#d9d9d9"/>
  </FillStyle>
</fills>
                                             <strokes>
  <StrokeStyle index="1">
    <SolidStroke scaleMode="normal" weight="2.5">
      <fill>
        <SolidColor color="#000000"/>
      </fill>
    </SolidStroke>
  </StrokeStyle>
</strokes>
  <edges>
    <Edge fillStyle0="0" fillStyle1="0" strokeStyle="0" edges="!0 0! 0 0"/>
    <Edge fillStyle0="2" fillStyle1="1" strokeStyle="1" edges="!0 0! 5040 4305| 5074 4349[ 5130 4404 5208 4404| 5265 4396[ 5308 4382 5341 4349| 5376 4301"/>
    <Edge fillStyle0="2" fillStyle1="0" strokeStyle="0" edges="!5376 4301| 5381 4303[ 5349 4533 5063 4474[ 4979 4371 4999 4233| 5040 4305"/>
    <Edge fillStyle0="1" fillStyle1="0" strokeStyle="1" edges="!5040 4305[ 5028 4282 5023 4255[ 5019 4237 5018 4219| 5018 4215[ 5019 4137 5074 4081[ 5130 4026 5208 4026[ 5286 4026 5341 4081[ 5397 4137 5397 4215| 5396 4226| 5395 4247| 5388 4274| 5376 4301"/>
  </edges>
</DOMShape>
                                   </elements>
            </DOMFrame>
          </frames>
        </DOMLayer>
        <DOMLayer name="Layer 24">
          <frames>
            <DOMFrame index="0" motionTweenScale="false" keyMode="8192">
              <elements>
<DOMShape isFloating="true">
                                             <fills>
  <FillStyle index="1">
    <SolidColor color="#000000"/>
  </FillStyle>
</fills>
                                             <strokes/>
  <edges>
    <Edge fillStyle0="0" fillStyle1="0" strokeStyle="0" edges="!5926 4301! 0 0"/>
    <Edge fillStyle0="0" fillStyle1="1" strokeStyle="0" edges="!0 0! 6060 4210[ 6060 4197 6067 4187[ 6077 4180 6089 4180[ 6102 4180 6109 4187[ 6119 4197 6119 4210[ 6119 4222 6109 4229[ 6102 4239 6089 4239[ 6077 4239 6067 4229[ 6060 4222 6060 4210"/>
  </edges>
</DOMShape>
                                   </elements>
            </DOMFrame>
          </frames>
        </DOMLayer>
        <DOMLayer name="Layer 25">
          <frames>
            <DOMFrame index="0" motionTweenScale="false" keyMode="8192">
              <elements>
<DOMShape isFloating="true">
                                             <fills>
  <FillStyle index="1">
    <SolidColor color="#ffffff"/>
  </FillStyle>
  <FillStyle index="2">
    <SolidColor color="#d9d9d9"/>
  </FillStyle>
</fills>
                                             <strokes>
  <StrokeStyle index="1">
    <SolidStroke scaleMode="normal" weight="2.5">
      <fill>
        <SolidColor color="#000000"/>
      </fill>
    </SolidStroke>
  </StrokeStyle>
</strokes>
  <edges>
    <Edge fillStyle0="0" fillStyle1="0" strokeStyle="0" edges="!0 0! 0 0"/>
    <Edge fillStyle0="0" fillStyle1="1" strokeStyle="1" edges="!0 0! 5926 4301| 5914 4274| 5907 4247| 5906 4226| 5905 4215[ 5905 4137 5961 4081[ 6016 4026 6094 4026[ 6172 4026 6228 4081[ 6283 4137 6284 4215| 6284 4219| 6279 4255[ 6274 4282 6262 4305"/>
    <Edge fillStyle0="0" fillStyle1="2" strokeStyle="0" edges="!6262 4305| 6303 4233[ 6323 4371 6239 4474[ 5953 4533 5921 4303| 5926 4301"/>
    <Edge fillStyle0="1" fillStyle1="2" strokeStyle="1" edges="!5926 4301[ 5939 4326 5961 4349[ 5994 4382 6037 4396| 6094 4404[ 6172 4404 6228 4349| 6262 4305"/>
  </edges>
</DOMShape>
                                   </elements>
            </DOMFrame>
          </frames>
        </DOMLayer>
        <DOMLayer name="Layer 26">
          <frames>
            <DOMFrame index="0" motionTweenScale="false" keyMode="8192">
              <elements>
<DOMShape isFloating="true">
                                             <fills>
  <FillStyle index="1">
    <SolidColor color="#ffa800"/>
  </FillStyle>
</fills>
                                             <strokes/>
  <edges>
    <Edge fillStyle0="0" fillStyle1="0" strokeStyle="0" edges="!0 0! 0 0"/>
    <Edge fillStyle0="1" fillStyle1="0" strokeStyle="0" edges="!0 0! 5917 2579[ 5335 2430 4962 2639[ 4664 2806 4513 3191[ 4406 3467 4383 3824[ 4371 4002 4381 4126| 4435 4106[ 4437 3983 4462 3806[ 4512 3453 4628 3183[ 4791 2805 5065 2648[ 5407 2452 5903 2614[ 6194 2506 6395 2714[ 6556 2881 6652 3242[ 6721 3499 6750 3828[ 6765 3993 6766 4106| 6849 4141[ 6848 4028 6833 3863[ 6802 3533 6729 3270[ 6626 2902 6452 2722[ 6234 2497 5917 2579"/>
  </edges>
</DOMShape>
                                   </elements>
            </DOMFrame>
          </frames>
        </DOMLayer>
        <DOMLayer name="Layer 27">
          <frames>
            <DOMFrame index="0" motionTweenScale="false" keyMode="8192">
              <elements>
<DOMShape isFloating="true">
                                             <fills>
  <FillStyle index="1">
    <SolidColor color="#f69c6b"/>
  </FillStyle>
</fills>
                                             <strokes/>
  <edges>
    <Edge fillStyle0="0" fillStyle1="0" strokeStyle="0" edges="!0 0! 0 0"/>
    <Edge fillStyle0="1" fillStyle1="0" strokeStyle="0" edges="!0 0! 5726 4449| 5708 4529| 5765 4503| 5726 4449"/>
  </edges>
</DOMShape>
                                   </elements>
            </DOMFrame>
          </frames>
        </DOMLayer>
        <DOMLayer name="Layer 28">
          <frames>
            <DOMFrame index="0" motionTweenScale="false" keyMode="8192">
              <elements>
<DOMShape isFloating="true">
                                             <fills>
  <FillStyle index="1">
    <SolidColor color="#000000"/>
  </FillStyle>
</fills>
                                             <strokes/>
  <edges>
    <Edge fillStyle0="0" fillStyle1="0" strokeStyle="0" edges="!0 0! 0 0"/>
    <Edge fillStyle0="0" fillStyle1="1" strokeStyle="0" edges="!0 0! 5566 4729| 5620 4716[ 5700 4704 5819 4711[ 6044 4724 6069 4785[ 6076 4802 6024 4814| 6061 4811[ 6099 4805 6102 4785[ 6104 4757 6023 4724[ 5933 4689 5826 4689[ 5730 4689 5638 4709| 5566 4729"/>
  </edges>
</DOMShape>
                                   </elements>
            </DOMFrame>
          </frames>
        </DOMLayer>
        <DOMLayer name="Layer 29">
          <frames>
            <DOMFrame index="0" motionTweenScale="false" keyMode="8192">
              <elements>
<DOMShape isFloating="true">
                                             <fills>
  <FillStyle index="1">
    <SolidColor color="#000000"/>
  </FillStyle>
</fills>
                                             <strokes/>
  <edges>
    <Edge fillStyle0="0" fillStyle1="0" strokeStyle="0" edges="!0 0! 0 0"/>
    <Edge fillStyle0="1" fillStyle1="0" strokeStyle="0" edges="!0 0! 5357 4744[ 5356 4721 5441 4711| 5493 4715[ 5517 4722 5514 4732[ 5513 4740 5503 4737| 5437 4729[ 5393 4729 5368 4745| 5359 4751[ 5356 4752 5357 4744"/>
  </edges>
</DOMShape>
                                   </elements>
            </DOMFrame>
          </frames>
        </DOMLayer>
        <DOMLayer name="Layer 30">
          <frames>
            <DOMFrame index="0" motionTweenScale="false" keyMode="8192">
              <elements>
<DOMShape isFloating="true">
                                             <fills>
  <FillStyle index="1">
    <SolidColor color="#000000"/>
  </FillStyle>
</fills>
                                             <strokes/>
  <edges>
    <Edge fillStyle0="0" fillStyle1="0" strokeStyle="0" edges="!0 0! 0 0"/>
    <Edge fillStyle0="0" fillStyle1="1" strokeStyle="0" edges="!0 0! 4884 3900[ 4961 3847 5067 3851[ 5238 3858 5294 3918[ 5305 3938 5268 3929[ 5143 3882 5067 3877[ 4972 3870 4891 3912| 4829 3955| 4842 3938[ 4860 3917 4884 3900"/>
  </edges>
</DOMShape>
                                   </elements>
            </DOMFrame>
          </frames>
        </DOMLayer>
        <DOMLayer name="Layer 31">
          <frames>
            <DOMFrame index="0" motionTweenScale="false" keyMode="8192">
              <elements>
<DOMShape isFloating="true">
                                             <fills>
  <FillStyle index="1">
    <SolidColor color="#000000"/>
  </FillStyle>
</fills>
                                             <strokes/>
  <edges>
    <Edge fillStyle0="0" fillStyle1="0" strokeStyle="0" edges="!0 0! 0 0"/>
    <Edge fillStyle0="1" fillStyle1="0" strokeStyle="0" edges="!0 0! 5966 3904| 5964 3913| 5991 3915| 6077 3888[ 6145 3866 6191 3863[ 6286 3856 6367 3898[ 6408 3919 6430 3941[ 6413 3914 6374 3886[ 6298 3833 6191 3838[ 6084 3842 6014 3873| 5966 3904"/>
  </edges>
</DOMShape>
                                   </elements>
            </DOMFrame>
          </frames>
        </DOMLayer>
        <DOMLayer name="Layer 32">
          <frames>
            <DOMFrame index="0" motionTweenScale="false" keyMode="8192">
              <elements>
<DOMShape isFloating="true">
                                             <fills>
  <FillStyle index="1">
    <SolidColor color="#000000"/>
  </FillStyle>
</fills>
                                             <strokes/>
  <edges>
    <Edge fillStyle0="0" fillStyle1="0" strokeStyle="0" edges="!0 0! 0 0"/>
    <Edge fillStyle0="0" fillStyle1="1" strokeStyle="0" edges="!0 0! 6751 4497| 6806 4432| 6876 4788[ 6957 5147 7008 5164[ 6933 5188 6816 5099| 6713 5006| 6604 5186| 6544 5099| 6375 5218| 6401 5028| 6467 5017| 6430 5132| 6555 5044| 6609 5104| 6702 4935| 6771 5000[ 6845 5066 6909 5106[ 6858 5036 6751 4497"/>
  </edges>
</DOMShape>
                                   </elements>
            </DOMFrame>
          </frames>
        </DOMLayer>
        <DOMLayer name="Layer 33">
          <frames>
            <DOMFrame index="0" motionTweenScale="false" keyMode="8192">
              <elements>
<DOMShape isFloating="true">
                                             <fills>
  <FillStyle index="1">
    <SolidColor color="#000000"/>
  </FillStyle>
</fills>
                                             <strokes/>
  <edges>
    <Edge fillStyle0="0" fillStyle1="0" strokeStyle="0" edges="!0 0! 0 0"/>
    <Edge fillStyle0="1" fillStyle1="0" strokeStyle="0" edges="!0 0! 4545 4858[ 4428 5011 4321 5078[ 4372 5008 4479 4470| 4424 4404| 4354 4760[ 4273 5120 4222 5137[ 4297 5160 4420 5050[ 4482 4995 4528 4935| 4605 5175| 4687 5050| 4862 5121| 4829 5000| 4763 4989| 4807 5061| 4681 4989| 4621 5077| 4545 4858"/>
  </edges>
</DOMShape>
                                   </elements>
            </DOMFrame>
          </frames>
        </DOMLayer>
        <DOMLayer name="Layer 34">
          <frames>
            <DOMFrame index="0" motionTweenScale="false" keyMode="8192">
              <elements>
<DOMShape isFloating="true">
                                             <fills>
  <FillStyle index="1">
    <SolidColor color="#000000"/>
  </FillStyle>
</fills>
                                             <strokes/>
  <edges>
    <Edge fillStyle0="0" fillStyle1="0" strokeStyle="0" edges="!0 0! 0 0"/>
    <Edge fillStyle0="1" fillStyle1="0" strokeStyle="0" edges="!0 0! 6010 2487[ 6130 2496 6246 2540[ 6620 2682 6817 3130[ 6870 3246 6864 3705[ 6862 3935 6849 4141| 6886 4210[ 6909 4025 6918 3792[ 6936 3326 6864 3088[ 6778 2799 6499 2602[ 6217 2402 5916 2426| 5779 2412[ 5620 2396 5472 2405[ 4985 2434 4632 2721[ 4277 3009 4287 3644[ 4292 3961 4367 4221| 4404 4157[ 4335 3922 4338 3631[ 4343 3048 4701 2764[ 5059 2480 5521 2456[ 5753 2443 5913 2488| 6010 2487"/>
  </edges>
</DOMShape>
                                   </elements>
            </DOMFrame>
          </frames>
        </DOMLayer>
        <DOMLayer name="Layer 35">
          <frames>
            <DOMFrame index="0" motionTweenScale="false" keyMode="8192">
              <elements>
<DOMShape isFloating="true">
                                             <fills>
  <FillStyle index="1">
    <SolidColor color="#000000"/>
  </FillStyle>
</fills>
                                             <strokes/>
  <edges>
    <Edge fillStyle0="0" fillStyle1="0" strokeStyle="0" edges="!0 0! 0 0"/>
    <Edge fillStyle0="1" fillStyle1="0" strokeStyle="0" edges="!0 0! 6359 3740[ 6091 3399 6058 3331[ 6046 3428 5825 3757[ 5840 3732 5834 3643[ 5821 3462 5711 3132[ 5694 3134 5704 3296[ 5714 3477 5683 3536[ 5676 3536 5655 3505| 5600 3429[ 5504 3306 5383 3242[ 5504 3341 5597 3502[ 5644 3582 5666 3643[ 5745 3552 5752 3505[ 5789 3644 5773 3955| 5899 3791[ 6035 3597 6080 3445[ 6115 3569 6398 3847| 6415 3615| 6517 3826[ 6620 4050 6631 4115[ 6648 4216 6614 3950| 6376 3456| 6359 3740"/>
  </edges>
</DOMShape>
                                   </elements>
            </DOMFrame>
          </frames>
        </DOMLayer>
        <DOMLayer name="Layer 36">
          <frames>
            <DOMFrame index="0" motionTweenScale="false" keyMode="8192">
              <elements>
<DOMShape isFloating="true">
                                             <fills>
  <FillStyle index="1">
    <SolidColor color="#000000"/>
  </FillStyle>
</fills>
                                             <strokes/>
  <edges>
    <Edge fillStyle0="0" fillStyle1="0" strokeStyle="0" edges="!0 0! 0 0"/>
    <Edge fillStyle0="0" fillStyle1="1" strokeStyle="0" edges="!0 0! 5284 3630[ 5052 3942 4928 3978[ 4918 3973 4955 3742[ 4992 3515 4974 3518[ 4946 3523 4780 3881[ 4611 4246 4578 4388[ 4519 4459 4633 4046[ 4720 3873 4816 3698[ 5007 3350 5053 3342[ 5095 3336 5047 3594[ 4995 3863 5002 3870[ 5070 3836 5490 3325[ 5399 3474 5284 3630"/>
  </edges>
</DOMShape>
                                   </elements>
            </DOMFrame>
          </frames>
        </DOMLayer>
        <DOMLayer name="Layer 37">
          <frames>
            <DOMFrame index="0" motionTweenScale="false" keyMode="8192">
              <elements>
<DOMShape isFloating="true">
                                             <fills>
  <FillStyle index="1">
    <SolidColor color="#000000"/>
  </FillStyle>
</fills>
                                             <strokes/>
  <edges>
    <Edge fillStyle0="0" fillStyle1="0" strokeStyle="0" edges="!0 0! 0 0"/>
    <Edge fillStyle0="0" fillStyle1="1" strokeStyle="0" edges="!0 0! 4630 4063[ 4637 4079 4590 4092[ 4510 4113 4478 4131[ 4409 4169 4403 4240[ 4396 4313 4447 4385[ 4471 4419 4534 4477[ 4564 4508 4551 4518[ 4497 4511 4445 4472[ 4343 4395 4357 4240[ 4372 4083 4502 4058| 4630 4063"/>
  </edges>
</DOMShape>
                                   </elements>
            </DOMFrame>
          </frames>
        </DOMLayer>
        <DOMLayer name="Layer 38">
          <frames>
            <DOMFrame index="0" motionTweenScale="false" keyMode="8192">
              <elements>
<DOMShape isFloating="true">
                                             <fills>
  <FillStyle index="1">
    <SolidColor color="#000000"/>
  </FillStyle>
</fills>
                                             <strokes/>
  <edges>
    <Edge fillStyle0="0" fillStyle1="0" strokeStyle="0" edges="!0 0! 0 0"/>
    <Edge fillStyle0="1" fillStyle1="0" strokeStyle="0" edges="!0 0! 6628 4073[ 6636 4084 6665 4092[ 6746 4113 6778 4131[ 6847 4169 6852 4240[ 6859 4313 6808 4385[ 6784 4419 6722 4477[ 6702 4497 6702 4509[ 6702 4515 6705 4518| 6739 4510| 6810 4472[ 6912 4395 6898 4240[ 6883 4083 6753 4058| 6665 4056| 6625 4063| 6628 4073"/>
  </edges>
</DOMShape>
                                   </elements>
            </DOMFrame>
          </frames>
        </DOMLayer>
        <DOMLayer name="Layer 39">
          <frames>
            <DOMFrame index="0" motionTweenScale="false" keyMode="8192">
              <elements>
<DOMShape isFloating="true">
                                             <fills>
  <FillStyle index="1">
    <SolidColor color="#000000"/>
  </FillStyle>
</fills>
                                             <strokes/>
  <edges>
    <Edge fillStyle0="0" fillStyle1="0" strokeStyle="0" edges="!0 0! 0 0"/>
    <Edge fillStyle0="0" fillStyle1="1" strokeStyle="0" edges="!0 0! 4650 4012| 4630 4092[ 4607 4191 4592 4287[ 4544 4592 4594 4745[ 4650 4917 5000 5038[ 5317 5148 5643 5148[ 5973 5147 6293 5050[ 6647 4943 6682 4796[ 6714 4665 6648 4246| 6575 3853| 6615 3954[ 6661 4079 6695 4200[ 6804 4587 6751 4790[ 6693 5006 6316 5116[ 6032 5198 5655 5205[ 5313 5209 4960 5097[ 4550 4965 4503 4767[ 4460 4586 4551 4281[ 4579 4185 4617 4089| 4650 4012"/>
  </edges>
</DOMShape>
                                   </elements>
            </DOMFrame>
          </frames>
        </DOMLayer>
        <DOMLayer name="Layer 40">
          <frames>
            <DOMFrame index="0" motionTweenScale="false" keyMode="8192">
              <elements>
<DOMShape isFloating="true">
                                             <fills>
  <FillStyle index="1">
    <SolidColor color="#f4a057"/>
  </FillStyle>
</fills>
                                             <strokes/>
  <edges>
    <Edge fillStyle0="0" fillStyle1="0" strokeStyle="0" edges="!0 0! 0 0"/>
    <Edge fillStyle0="1" fillStyle1="0" strokeStyle="0" edges="!0 0! 4574 4135[ 4518 4153 4482 4218[ 4446 4282 4490 4358[ 4512 4397 4540 4421| 4624 4130| 4574 4135"/>
  </edges>
</DOMShape>
                                   </elements>
            </DOMFrame>
          </frames>
        </DOMLayer>
        <DOMLayer name="Layer 41">
          <frames>
            <DOMFrame index="0" motionTweenScale="false" keyMode="8192">
              <elements>
<DOMShape isFloating="true">
                                             <fills>
  <FillStyle index="1">
    <SolidColor color="#f4a057"/>
  </FillStyle>
</fills>
                                             <strokes/>
  <edges>
    <Edge fillStyle0="0" fillStyle1="0" strokeStyle="0" edges="!0 0! 0 0"/>
    <Edge fillStyle0="1" fillStyle1="0" strokeStyle="0" edges="!0 0! 4965 3460| 4511 4446| 4507 4503[ 4505 4573 4517 4640[ 4555 4853 4710 4950[ 4868 5047 5300 5120| 5759 5183[ 6222 5164 6505 4991[ 6646 4904 6695 4820[ 6606 4882 6445 4946[ 6123 5075 5759 5091[ 5375 5107 5050 4936[ 4928 4871 4833 4789[ 4753 4720 4719 4663[ 4670 4579 4812 4011| 4965 3460"/>
  </edges>
</DOMShape>
                                   </elements>
            </DOMFrame>
          </frames>
        </DOMLayer>
        <DOMLayer name="Layer 42">
          <frames>
            <DOMFrame index="0" motionTweenScale="false" keyMode="8192">
              <elements>
<DOMShape isFloating="true">
                                             <fills>
  <FillStyle index="1">
    <SolidColor color="#f4a057"/>
  </FillStyle>
</fills>
                                             <strokes/>
  <edges>
    <Edge fillStyle0="0" fillStyle1="0" strokeStyle="0" edges="!0 0! 0 0"/>
    <Edge fillStyle0="1" fillStyle1="0" strokeStyle="0" edges="!0 0! 5490 3325| 4977 3930| 5033 3442| 4956 3510| 4920 3727[ 4889 3951 4914 3993[ 4992 4040 5249 3687[ 5378 3511 5490 3325"/>
  </edges>
</DOMShape>
                                   </elements>
            </DOMFrame>
          </frames>
        </DOMLayer>
        <DOMLayer name="Layer 43">
          <frames>
            <DOMFrame index="0" motionTweenScale="false" keyMode="8192">
              <elements>
<DOMShape isFloating="true">
                                             <fills>
  <FillStyle index="1">
    <SolidColor color="#f4a057"/>
  </FillStyle>
</fills>
                                             <strokes/>
  <edges>
    <Edge fillStyle0="0" fillStyle1="0" strokeStyle="0" edges="!0 0! 0 0"/>
    <Edge fillStyle0="0" fillStyle1="1" strokeStyle="0" edges="!0 0! 6436 3681| 6416 3889| 6099 3564| 5738 4026| 5738 3594| 5658 3693| 5476 3324| 5667 3589| 5763 3486| 5813 3860| 6079 3406| 6386 3785| 6408 3594| 6486 3714| 6436 3681"/>
  </edges>
</DOMShape>
                                   </elements>
            </DOMFrame>
          </frames>
        </DOMLayer>
        <DOMLayer name="Layer 44">
          <frames>
            <DOMFrame index="0" motionTweenScale="false" keyMode="8192">
              <elements>
<DOMShape isFloating="true">
                                             <fills>
  <FillStyle index="1">
    <SolidColor color="#f4a057"/>
  </FillStyle>
</fills>
                                             <strokes/>
  <edges>
    <Edge fillStyle0="0" fillStyle1="0" strokeStyle="0" edges="!0 0! 0 0"/>
    <Edge fillStyle0="1" fillStyle1="0" strokeStyle="0" edges="!0 0! 6711 4371| 6766 4339[ 6818 4293 6794 4226[ 6771 4158 6714 4162| 6661 4180| 6711 4371"/>
  </edges>
</DOMShape>
                                   </elements>
            </DOMFrame>
          </frames>
        </DOMLayer>
        <DOMLayer name="Layer 45">
          <frames>
            <DOMFrame index="0" motionTweenScale="false" keyMode="8192">
              <elements>
<DOMShape isFloating="true">
                                             <fills>
  <FillStyle index="1">
    <SolidColor color="#f5be8b"/>
  </FillStyle>
</fills>
                                             <strokes/>
  <edges>
    <Edge fillStyle0="0" fillStyle1="0" strokeStyle="0" edges="!0 0! 0 0"/>
    <Edge fillStyle0="1" fillStyle1="0" strokeStyle="0" edges="!0 0! 5033 3442[ 5005 3423 4823 3751| 4648 4083| 4522 4090[ 4392 4124 4375 4260[ 4365 4341 4525 4492| 4579 4855| 4656 4904[ 4756 4964 4874 5014[ 5252 5174 5669 5177[ 6086 5180 6435 5006[ 6609 4920 6700 4832| 6718 4505| 6746 4494[ 6779 4477 6807 4453[ 6895 4377 6886 4255[ 6878 4133 6761 4096[ 6724 4084 6681 4082| 6645 4083| 6414 3565| 6373 3792| 6087 3397| 5842 3860| 5764 3420| 5693 3569| 5489 3328[ 4988 4015 4956 3947[ 4941 3913 5000 3681[ 5056 3459 5033 3442"/>
  </edges>
</DOMShape>
                                   </elements>
            </DOMFrame>
          </frames>
        </DOMLayer>
        <DOMLayer name="Layer 46">
          <frames>
            <DOMFrame index="0" motionTweenScale="false" keyMode="8192">
              <elements>
<DOMShape isFloating="true">
                                             <fills>
  <FillStyle index="1">
    <SolidColor color="#ffa800"/>
  </FillStyle>
</fills>
                                             <strokes/>
  <edges>
    <Edge fillStyle0="0" fillStyle1="0" strokeStyle="0" edges="!0 0! 0 0"/>
    <Edge fillStyle0="0" fillStyle1="1" strokeStyle="0" edges="!0 0! 6355 3367| 6694 3948| 6862 4124| 6646 4115| 6430 3631| 6386 3785| 6080 3445| 5822 3895| 5752 3437| 5667 3590| 5483 3344| 4994 3904| 4999 3446| 4647 4083| 4567 4062[ 4687 3835 4816 3611[ 5074 3162 5118 3173[ 5099 3197 5093 3471| 5091 3741| 5373 3353[ 5400 3318 5303 3107| 5624 3353| 5704 2992| 5888 3499| 6043 3199| 6316 3560| 6355 3367"/>
  </edges>
</DOMShape>
                                   </elements>
            </DOMFrame>
          </frames>
        </DOMLayer>
        <DOMLayer name="Layer 47">
          <frames>
            <DOMFrame index="0" motionTweenScale="false" keyMode="8192">
              <elements>
<DOMShape isFloating="true">
                                             <fills>
  <FillStyle index="1">
    <SolidColor color="#ffa800"/>
  </FillStyle>
</fills>
                                             <strokes/>
  <edges>
    <Edge fillStyle0="0" fillStyle1="0" strokeStyle="0" edges="!0 0! 0 0"/>
    <Edge fillStyle0="1" fillStyle1="0" strokeStyle="0" edges="!0 0! 4497 4489| 4378 4991| 4532 4868| 4625 5053| 4651 4952| 4807 5061| 4770 4969| 4497 4489"/>
  </edges>
</DOMShape>
                                   </elements>
            </DOMFrame>
          </frames>
        </DOMLayer>
        <DOMLayer name="Layer 48">
          <frames>
            <DOMFrame index="0" motionTweenScale="false" keyMode="8192">
              <elements>
<DOMShape isFloating="true">
                                             <fills>
  <FillStyle index="1">
    <SolidColor color="#ffa800"/>
  </FillStyle>
</fills>
                                             <strokes/>
  <edges>
    <Edge fillStyle0="0" fillStyle1="0" strokeStyle="0" edges="!0 0! 0 0"/>
    <Edge fillStyle0="1" fillStyle1="0" strokeStyle="0" edges="!0 0! 6751 4497| 6465 5026| 6430 5132| 6549 5031| 6624 5048| 6721 4903| 6879 5044| 6751 4497"/>
  </edges>
</DOMShape>
                                   </elements>
            </DOMFrame>
          </frames>
        </DOMLayer>
        <DOMLayer name="Layer 49">
          <frames>
            <DOMFrame index="0" motionTweenScale="false" keyMode="8192">
              <elements>
<DOMShape isFloating="true">
                                             <fills>
  <FillStyle index="1">
    <SolidColor color="#ffbf00"/>
  </FillStyle>
</fills>
                                             <strokes/>
  <edges>
    <Edge fillStyle0="0" fillStyle1="0" strokeStyle="0" edges="!0 0! 0 0"/>
    <Edge fillStyle0="1" fillStyle1="0" strokeStyle="0" edges="!0 0! 5916 2426[ 5288 2411 4897 2598[ 4583 2748 4434 3018[ 4327 3212 4313 3447[ 4306 3565 4320 3644| 4327 3903[ 4344 4180 4400 4274[ 4457 4367 4386 4737[ 4350 4922 4304 5088| 4540 4914| 4631 5134| 4687 5050| 4841 5104| 4829 5000| 6411 5064| 6391 5184| 6544 5099| 6601 5144| 6722 4974| 6926 5115| 6806 4432| 6872 4144[ 6892 4044 6902 3893[ 6922 3590 6872 3331[ 6802 2968 6603 2746[ 6354 2468 5916 2426"/>
  </edges>
</DOMShape>
                                   </elements>
            </DOMFrame>
          </frames>
        </DOMLayer>
        <DOMLayer name="Layer 50">
          <frames>
            <DOMFrame index="0" motionTweenScale="false" keyMode="8192">
              <elements>
<DOMShape isFloating="true">
                                             <fills>
  <FillStyle index="1">
    <SolidColor color="#000000"/>
  </FillStyle>
</fills>
                                             <strokes/>
  <edges>
    <Edge fillStyle0="0" fillStyle1="0" strokeStyle="0" edges="!0 0! 0 0"/>
    <Edge fillStyle0="1" fillStyle1="0" strokeStyle="0" edges="!0 0! 5824 5190| 5812 5165| 5778 5173| 5803 5235[ 5807 5259 5788 5276[ 5767 5296 5726 5298[ 5663 5300 5644 5251[ 5638 5235 5650 5211| 5663 5190| 5633 5172| 5619 5204[ 5605 5239 5610 5255[ 5617 5281 5643 5300[ 5677 5325 5730 5322[ 5782 5320 5811 5289[ 5834 5266 5834 5237[ 5835 5218 5824 5190"/>
  </edges>
</DOMShape>
                                   </elements>
            </DOMFrame>
          </frames>
        </DOMLayer>
        <DOMLayer name="Layer 51">
          <frames>
            <DOMFrame index="0" motionTweenScale="false" keyMode="8192">
              <elements>
<DOMShape isFloating="true">
                                             <fills>
  <FillStyle index="1">
    <SolidColor color="#f4a057"/>
  </FillStyle>
</fills>
                                             <strokes/>
  <edges>
    <Edge fillStyle0="0" fillStyle1="0" strokeStyle="0" edges="!0 0! 0 0"/>
    <Edge fillStyle0="1" fillStyle1="0" strokeStyle="0" edges="!0 0! 5634 5244| 5674 5306| 5739 5310| 5808 5281| 5828 5222| 5827 5192| 5640 5187| 5634 5244"/>
  </edges>
</DOMShape>
                                   </elements>
            </DOMFrame>
          </frames>
        </DOMLayer>
        <DOMLayer name="Layer 52">
          <frames>
            <DOMFrame index="0" motionTweenScale="false" keyMode="8192">
              <elements>
<DOMShape isFloating="true">
                                             <fills>
  <FillStyle index="1">
    <SolidColor color="#000000"/>
  </FillStyle>
</fills>
                                             <strokes/>
  <edges>
    <Edge fillStyle0="0" fillStyle1="0" strokeStyle="0" edges="!0 0! 0 0"/>
    <Edge fillStyle0="1" fillStyle1="0" strokeStyle="0" edges="!0 0! 5855 5435| 5821 5490[ 5819 5501 5834 5599[ 5847 5692 5840 5706[ 5833 5724 5793 5733| 5719 5739[ 5598 5730 5575 5685[ 5565 5666 5590 5583| 5618 5484[ 5618 5470 5593 5438[ 5560 5396 5546 5364[ 5527 5323 5572 5266[ 5594 5238 5620 5217| 5607 5177[ 5577 5201 5550 5235[ 5495 5303 5504 5352[ 5512 5396 5544 5432[ 5572 5464 5573 5479| 5551 5587[ 5532 5676 5543 5698[ 5558 5727 5616 5755[ 5672 5782 5713 5783[ 5754 5784 5819 5762[ 5884 5740 5888 5721[ 5891 5709 5870 5610[ 5849 5512 5854 5496| 5897 5440[ 5932 5393 5935 5341[ 5939 5285 5876 5220| 5812 5164| 5804 5222| 5855 5254[ 5905 5294 5897 5343[ 5888 5387 5855 5435"/>
  </edges>
</DOMShape>
                                   </elements>
            </DOMFrame>
          </frames>
        </DOMLayer>
        <DOMLayer name="Layer 53">
          <frames>
            <DOMFrame index="0" motionTweenScale="false" keyMode="8192">
              <elements>
<DOMShape isFloating="true">
                                             <fills>
  <FillStyle index="1">
    <SolidColor color="#dbe6eb"/>
  </FillStyle>
</fills>
                                             <strokes/>
  <edges>
    <Edge fillStyle0="0" fillStyle1="0" strokeStyle="0" edges="!0 0! 0 0"/>
    <Edge fillStyle0="1" fillStyle1="0" strokeStyle="0" edges="!0 0! 5613 5214| 5564 5262[ 5514 5315 5514 5335[ 5514 5354 5560 5425| 5606 5492| 5557 5678| 5588 5712[ 5634 5747 5714 5754[ 5794 5762 5798 5753[ 5800 5749 5786 5743[ 5719 5688 5713 5622[ 5712 5607 5771 5550[ 5834 5487 5842 5469[ 5804 5476 5758 5449| 5719 5420[ 5647 5469 5616 5442[ 5581 5413 5575 5343[ 5572 5311 5596 5276| 5620 5247| 5613 5214"/>
  </edges>
</DOMShape>
                                   </elements>
            </DOMFrame>
          </frames>
        </DOMLayer>
        <DOMLayer name="Layer 54">
          <frames>
            <DOMFrame index="0" motionTweenScale="false" keyMode="8192">
              <elements>
                                        <DOMShape isFloating="true">
                                             <fills>
  <FillStyle index="1">
    <SolidColor color="#ffffff"/>
  </FillStyle>
</fills>
                                             <strokes/>
  <edges>
    <Edge fillStyle0="1" edges="!0 0! 5543 5698| 5710 5765| 5873 5721| 5838 5493| 5918 5341| 5814 5194| 5631 5189| 5521 5311| 5596 5458| 5543 5698"/>
  </edges>
</DOMShape>
                                   </elements>
            </DOMFrame>
          </frames>
        </DOMLayer>
      </layers>
    </DOMTimeline>
  </timeline>
</DOMSymbolItem>
