<DOMSymbolItem xmlns="http://ns.adobe.com/xfl/2008/" xmlns:xsi="http://www.w3.org/2001/XMLSchema-instance" name="Symbol 138" lastModified="1635072455" symbolType="button">
  <timeline>
    <DOMTimeline name="Symbol 138" currentFrame="0">
      <layers>
        <DOMLayer name="Layer 1" color="#c5a31b">
          <frames>
            <DOMFrame index="0" keyMode="9728">
              <elements>
                                        <DOMSymbolInstance libraryItemName="Symbol 62" symbolType="graphic" loop="loop">
  <matrix>
    <Matrix tx="0.0" ty="0.0"/>
  </matrix>
  <transformationPoint>
    <Point/>
  </transformationPoint>
  <color>
    <Color/>
  </color>
  <filters/>
</DOMSymbolInstance>
                                   </elements>
            </DOMFrame>
            <DOMFrame index="1" keyMode="9728">
              <elements>
                                        <DOMSymbolInstance libraryItemName="Symbol 62" symbolType="graphic" loop="loop">
  <matrix>
    <Matrix tx="0.0" ty="0.0"/>
  </matrix>
  <transformationPoint>
    <Point/>
  </transformationPoint>
  <color>
    <Color/>
  </color>
  <filters/>
</DOMSymbolInstance>
                                   </elements>
            </DOMFrame>
            <DOMFrame index="2" keyMode="9728">
              <elements>
                                        <DOMSymbolInstance libraryItemName="Symbol 62" symbolType="graphic" loop="loop">
  <matrix>
    <Matrix tx="0.0" ty="0.0"/>
  </matrix>
  <transformationPoint>
    <Point/>
  </transformationPoint>
  <color>
    <Color/>
  </color>
  <filters/>
</DOMSymbolInstance>
                                   </elements>
            </DOMFrame>
            <DOMFrame index="3" keyMode="9728">
              <elements>
                                        <DOMSymbolInstance libraryItemName="Symbol 62" symbolType="graphic" loop="loop">
  <matrix>
    <Matrix tx="0.0" ty="0.0"/>
  </matrix>
  <transformationPoint>
    <Point/>
  </transformationPoint>
  <color>
    <Color/>
  </color>
  <filters/>
</DOMSymbolInstance>
                                   </elements>
            </DOMFrame>
          </frames>
        </DOMLayer>
        <DOMLayer name="Layer 2" current="true" isSelected="true" color="#d1fdc5">
          <frames/>
        </DOMLayer>
      </layers>
    </DOMTimeline>
  </timeline>
</DOMSymbolItem>
