<DOMSymbolItem xmlns="http://ns.adobe.com/xfl/2008/" xmlns:xsi="http://www.w3.org/2001/XMLSchema-instance" name="Symbol 103" lastModified="1635072455" symbolType="graphic">
  <timeline>
    <DOMTimeline name="Symbol 103" currentFrame="0">
      <layers>
        <DOMLayer name="Layer 1">
          <frames>
            <DOMFrame index="0" motionTweenScale="false" keyMode="8192">
              <elements>
<DOMShape isFloating="true">
                                             <fills>
  <FillStyle index="1">
    <SolidColor color="#000000" alpha="1.0"/>
  </FillStyle>
</fills>
                                             <strokes/>
  <edges>
    <Edge fillStyle0="0" fillStyle1="0" strokeStyle="0" edges="!0 0! 0 0"/>
    <Edge fillStyle0="0" fillStyle1="1" strokeStyle="0" edges="!0 0! 5011 4208| 5229 4172| 5231 4143| 5017 4117| 5051 4140| 4985 4167| 5051 4172| 5011 4208"/>
  </edges>
</DOMShape>
                                   </elements>
            </DOMFrame>
          </frames>
        </DOMLayer>
        <DOMLayer name="Layer 2">
          <frames>
            <DOMFrame index="0" motionTweenScale="false" keyMode="8192">
              <elements>
<DOMShape isFloating="true">
                                             <fills>
  <FillStyle index="1">
    <SolidColor color="#000000" alpha="1.0"/>
  </FillStyle>
</fills>
                                             <strokes/>
  <edges>
    <Edge fillStyle0="0" fillStyle1="0" strokeStyle="0" edges="!0 0! 0 0"/>
    <Edge fillStyle0="0" fillStyle1="1" strokeStyle="0" edges="!0 0! 6215 4208| 5997 4172| 5995 4143| 6209 4117| 6175 4140| 6241 4167| 6175 4172| 6215 4208"/>
  </edges>
</DOMShape>
                                   </elements>
            </DOMFrame>
          </frames>
        </DOMLayer>
        <DOMLayer name="Layer 3">
          <frames>
            <DOMFrame index="0" motionTweenScale="false" keyMode="8192">
              <elements>
<DOMShape isFloating="true">
                                             <fills>
  <FillStyle index="1">
    <SolidColor color="#999999" alpha="0.5019608"/>
  </FillStyle>
</fills>
                                             <strokes/>
  <edges>
    <Edge fillStyle0="0" fillStyle1="0" strokeStyle="0" edges="!0 0! 0 0"/>
    <Edge fillStyle0="0" fillStyle1="1" strokeStyle="0" edges="!0 0! 7920 3782[ 7968 3569 7852 3383[ 7735 3198 7521 3150[ 7308 3101 7123 3218[ 7068 3252 7025 3294[ 6977 3272 6922 3259[ 6734 3216 6571 3318[ 6407 3422 6365 3610[ 6322 3798 6425 3960[ 6450 4002 6481 4036| 6479 4046[ 6465 4106 6475 4162[ 6430 4154 6389 4180[ 6344 4209 6332 4260[ 6321 4312 6349 4356[ 6377 4402 6428 4413[ 6480 4425 6525 4396[ 6562 4373 6576 4334[ 6628 4377 6697 4392[ 6814 4419 6916 4355[ 6960 4327 6990 4288| 7053 4286| 7071 4318[ 7152 4447 7301 4480[ 7450 4514 7580 4433[ 7709 4352 7743 4203[ 7759 4131 7748 4066[ 7880 3957 7920 3782"/>
  </edges>
</DOMShape>
                                   </elements>
            </DOMFrame>
          </frames>
        </DOMLayer>
        <DOMLayer name="Layer 4">
          <frames>
            <DOMFrame index="0" motionTweenScale="false" keyMode="8192">
              <elements>
<DOMShape isFloating="true">
                                             <fills>
  <FillStyle index="1">
    <SolidColor color="#999999" alpha="0.5019608"/>
  </FillStyle>
</fills>
                                             <strokes/>
  <edges>
    <Edge fillStyle0="0" fillStyle1="0" strokeStyle="0" edges="!6207 4474! 0 0"/>
    <Edge fillStyle0="0" fillStyle1="1" strokeStyle="0" edges="!0 0! 7657 3428[ 7657 3209 7502 3054[ 7347 2899 7128 2899[ 6909 2899 6754 3054[ 6708 3100 6676 3151| 6567 3139[ 6374 3139 6238 3275[ 6101 3412 6101 3605[ 6101 3798 6238 3934| 6310 3995| 6310 4006[ 6310 4067 6332 4120[ 6286 4122 6252 4156[ 6214 4194 6214 4247[ 6214 4300 6252 4337[ 6289 4375 6342 4375[ 6395 4375 6433 4337[ 6464 4306 6469 4265[ 6528 4295 6599 4295[ 6719 4295 6804 4210[ 6841 4173 6862 4128| 6923 4112| 6948 4139[ 7056 4247 7209 4247[ 7362 4247 7470 4139[ 7578 4031 7578 3878[ 7578 3805 7553 3743[ 7657 3607 7657 3428"/>
  </edges>
</DOMShape>
                                   </elements>
            </DOMFrame>
          </frames>
        </DOMLayer>
        <DOMLayer name="Layer 5">
          <frames>
            <DOMFrame index="0" motionTweenScale="false" keyMode="8192">
              <elements>
<DOMShape isFloating="true">
                                             <fills>
  <FillStyle index="1">
    <SolidColor color="#c8c8c8" alpha="1.0"/>
  </FillStyle>
  <FillStyle index="2">
    <SolidColor color="#990000" alpha="1.0"/>
  </FillStyle>
</fills>
                                             <strokes>
  <StrokeStyle index="1">
    <SolidStroke scaleMode="normal" weight="1.0">
      <fill>
        <SolidColor color="#000000" alpha="1.0"/>
      </fill>
    </SolidStroke>
  </StrokeStyle>
  <StrokeStyle index="2">
    <SolidStroke scaleMode="normal" weight="1.0">
      <fill>
        <SolidColor color="#000000" alpha="1.0"/>
      </fill>
    </SolidStroke>
  </StrokeStyle>
</strokes>
  <edges>
    <Edge fillStyle0="0" fillStyle1="0" strokeStyle="0" edges="!6192 4747! 0 0"/>
    <Edge fillStyle0="2" fillStyle1="1" strokeStyle="0" edges="!0 0! 6207 4474| 6146 4440"/>
    <Edge fillStyle0="2" fillStyle1="0" strokeStyle="2" edges="!6146 4440| 6176 4391| 6241 4428| 6207 4474"/>
    <Edge fillStyle0="1" fillStyle1="0" strokeStyle="1" edges="!6207 4474| 5999 4769| 5951 4754| 6146 4440"/>
  </edges>
</DOMShape>
                                   </elements>
            </DOMFrame>
          </frames>
        </DOMLayer>
        <DOMLayer name="Layer 6">
          <frames>
            <DOMFrame index="0" motionTweenScale="false" keyMode="8192">
              <elements>
<DOMShape isFloating="true">
                                             <fills>
  <FillStyle index="1">
    <SolidColor color="#000000" alpha="1.0"/>
  </FillStyle>
</fills>
                                             <strokes/>
  <edges>
    <Edge fillStyle0="0" fillStyle1="0" strokeStyle="0" edges="!0 0! 0 0"/>
    <Edge fillStyle0="1" fillStyle1="0" strokeStyle="0" edges="!0 0! 6192 4747[ 6188 4862 6067 5030| 5948 5176| 6145 5021[ 6346 4851 6376 4762[ 6409 4662 6381 4607[ 6365 4575 6336 4566[ 6310 4557 6266 4588[ 6197 4637 6192 4747"/>
    <Edge fillStyle0="1" fillStyle1="0" strokeStyle="0" edges="!6192 4747! 6242 4553[ 6301 4510 6350 4525[ 6394 4539 6419 4588[ 6456 4660 6417 4775[ 6384 4873 6154 5044| 5918 5206| 6031 5039[ 6145 4851 6149 4746[ 6155 4613 6242 4553"/>
  </edges>
</DOMShape>
                                   </elements>
            </DOMFrame>
          </frames>
        </DOMLayer>
        <DOMLayer name="Layer 7">
          <frames>
            <DOMFrame index="0" motionTweenScale="false" keyMode="8192">
              <elements>
<DOMShape isFloating="true">
                                             <fills>
  <FillStyle index="1">
    <SolidColor color="#f4a057" alpha="1.0"/>
  </FillStyle>
</fills>
                                             <strokes/>
  <edges>
    <Edge fillStyle0="0" fillStyle1="0" strokeStyle="0" edges="!0 0! 0 0"/>
    <Edge fillStyle0="1" fillStyle1="0" strokeStyle="0" edges="!0 0! 6036 5088| 6136 4975[ 6242 4854 6267 4809[ 6288 4770 6278 4729[ 6266 4683 6279 4647[ 6307 4570 6384 4554| 6420 4739| 6319 4893| 6064 5104| 6032 5116| 6036 5088"/>
  </edges>
</DOMShape>
                                   </elements>
            </DOMFrame>
          </frames>
        </DOMLayer>
        <DOMLayer name="Layer 8">
          <frames>
            <DOMFrame index="0" motionTweenScale="false" keyMode="8192">
              <elements>
<DOMShape isFloating="true">
                                             <fills>
  <FillStyle index="1">
    <SolidColor color="#f5c4a0" alpha="1.0"/>
  </FillStyle>
</fills>
                                             <strokes/>
  <edges>
    <Edge fillStyle0="0" fillStyle1="0" strokeStyle="0" edges="!0 0! 0 0"/>
    <Edge fillStyle0="0" fillStyle1="1" strokeStyle="0" edges="!0 0! 6047 5040| 5928 5201| 6143 5042[ 6364 4863 6396 4768[ 6430 4669 6404 4605[ 6384 4559 6343 4546[ 6300 4532 6245 4577[ 6175 4634 6170 4746[ 6166 4857 6047 5040"/>
  </edges>
</DOMShape>
                                   </elements>
            </DOMFrame>
          </frames>
        </DOMLayer>
        <DOMLayer name="Layer 9">
          <frames>
            <DOMFrame index="0" motionTweenScale="false" keyMode="8192">
              <elements>
<DOMShape isFloating="true">
                                             <fills>
  <FillStyle index="1">
    <SolidColor color="#f4a057" alpha="1.0"/>
  </FillStyle>
</fills>
                                             <strokes/>
  <edges>
    <Edge fillStyle0="0" fillStyle1="0" strokeStyle="0" edges="!0 0! 0 0"/>
    <Edge fillStyle0="1" fillStyle1="0" strokeStyle="0" edges="!0 0! 5449 3697| 5487 3710[ 5526 3725 5533 3735[ 5544 3750 5527 3827[ 5565 3738 5557 3720[ 5552 3708 5500 3701| 5449 3697"/>
  </edges>
</DOMShape>
                                   </elements>
            </DOMFrame>
          </frames>
        </DOMLayer>
        <DOMLayer name="Layer 10">
          <frames>
            <DOMFrame index="0" motionTweenScale="false" keyMode="8192">
              <elements>
<DOMShape isFloating="true">
                                             <fills>
  <FillStyle index="1">
    <SolidColor color="#f4a057" alpha="1.0"/>
  </FillStyle>
</fills>
                                             <strokes/>
  <edges>
    <Edge fillStyle0="0" fillStyle1="0" strokeStyle="0" edges="!0 0! 0 0"/>
    <Edge fillStyle0="0" fillStyle1="1" strokeStyle="0" edges="!0 0! 5655 4822| 5695 4794[ 5741 4767 5771 4768[ 5819 4770 5864 4863[ 5801 4807 5769 4801| 5700 4810| 5655 4822"/>
  </edges>
</DOMShape>
                                   </elements>
            </DOMFrame>
          </frames>
        </DOMLayer>
        <DOMLayer name="Layer 11">
          <frames>
            <DOMFrame index="0" motionTweenScale="false" keyMode="8192">
              <elements>
<DOMShape isFloating="true">
                                             <fills>
  <FillStyle index="1">
    <SolidColor color="#f4a057" alpha="1.0"/>
  </FillStyle>
</fills>
                                             <strokes/>
  <edges>
    <Edge fillStyle0="0" fillStyle1="0" strokeStyle="0" edges="!0 0! 0 0"/>
    <Edge fillStyle0="1" fillStyle1="0" strokeStyle="0" edges="!0 0! 6083 4500| 6115 4493[ 6149 4489 6163 4508[ 6183 4538 6179 4617[ 6212 4516 6182 4489[ 6163 4472 6121 4485| 6083 4500"/>
  </edges>
</DOMShape>
                                   </elements>
            </DOMFrame>
          </frames>
        </DOMLayer>
        <DOMLayer name="Layer 12">
          <frames>
            <DOMFrame index="0" motionTweenScale="false" keyMode="8192">
              <elements>
<DOMShape isFloating="true">
                                             <fills>
  <FillStyle index="1">
    <SolidColor color="#000000" alpha="1.0"/>
  </FillStyle>
</fills>
                                             <strokes/>
  <edges>
    <Edge fillStyle0="0" fillStyle1="0" strokeStyle="0" edges="!0 0! 0 0"/>
    <Edge fillStyle0="1" fillStyle1="0" strokeStyle="0" edges="!0 0! 6654 4250| 6627 4255| 6652 4303| 6680 4306| 6654 4250"/>
  </edges>
</DOMShape>
                                   </elements>
            </DOMFrame>
          </frames>
        </DOMLayer>
        <DOMLayer name="Layer 13">
          <frames>
            <DOMFrame index="0" motionTweenScale="false" keyMode="8192">
              <elements>
<DOMShape isFloating="true">
                                             <fills>
  <FillStyle index="1">
    <SolidColor color="#000000" alpha="1.0"/>
  </FillStyle>
</fills>
                                             <strokes/>
  <edges>
    <Edge fillStyle0="0" fillStyle1="0" strokeStyle="0" edges="!0 0! 0 0"/>
    <Edge fillStyle0="1" fillStyle1="0" strokeStyle="0" edges="!0 0! 6730 4235| 6695 4242| 6726 4301| 6762 4305| 6730 4235"/>
  </edges>
</DOMShape>
                                   </elements>
            </DOMFrame>
          </frames>
        </DOMLayer>
        <DOMLayer name="Layer 14">
          <frames>
            <DOMFrame index="0" motionTweenScale="false" keyMode="8192">
              <elements>
<DOMShape isFloating="true">
                                             <fills>
  <FillStyle index="1">
    <SolidColor color="#000000" alpha="1.0"/>
  </FillStyle>
</fills>
                                             <strokes/>
  <edges>
    <Edge fillStyle0="0" fillStyle1="0" strokeStyle="0" edges="!0 0! 0 0"/>
    <Edge fillStyle0="0" fillStyle1="1" strokeStyle="0" edges="!0 0! 4735 4289| 4763 4293| 4741 4342| 4714 4348| 4735 4289"/>
  </edges>
</DOMShape>
                                   </elements>
            </DOMFrame>
          </frames>
        </DOMLayer>
        <DOMLayer name="Layer 15">
          <frames>
            <DOMFrame index="0" motionTweenScale="false" keyMode="8192">
              <elements>
<DOMShape isFloating="true">
                                             <fills>
  <FillStyle index="1">
    <SolidColor color="#000000" alpha="1.0"/>
  </FillStyle>
</fills>
                                             <strokes/>
  <edges>
    <Edge fillStyle0="0" fillStyle1="0" strokeStyle="0" edges="!0 0! 0 0"/>
    <Edge fillStyle0="0" fillStyle1="1" strokeStyle="0" edges="!0 0! 4659 4280| 4694 4285| 4667 4346| 4632 4353| 4659 4280"/>
  </edges>
</DOMShape>
                                   </elements>
            </DOMFrame>
          </frames>
        </DOMLayer>
        <DOMLayer name="Layer 16">
          <frames>
            <DOMFrame index="0" motionTweenScale="false" keyMode="8192">
              <elements>
<DOMShape isFloating="true">
                                             <fills>
  <FillStyle index="1">
    <SolidColor color="#000000" alpha="1.0"/>
  </FillStyle>
</fills>
                                             <strokes/>
  <edges>
    <Edge fillStyle0="0" fillStyle1="0" strokeStyle="0" edges="!0 0! 0 0"/>
    <Edge fillStyle0="0" fillStyle1="1" strokeStyle="0" edges="!0 0! 6087 4889[ 6091 4900 6075 4914[ 6059 4928 6056 4923[ 6074 4906 6041 4860[ 6010 4815 5963 4783[ 5927 4759 5758 4719| 5600 4680[ 5601 4671 5768 4702[ 5940 4732 5986 4758[ 6056 4797 6087 4889"/>
  </edges>
</DOMShape>
                                   </elements>
            </DOMFrame>
          </frames>
        </DOMLayer>
        <DOMLayer name="Layer 17">
          <frames>
            <DOMFrame index="0" motionTweenScale="false" keyMode="8192">
              <elements>
<DOMShape isFloating="true">
                                             <fills>
  <FillStyle index="1">
    <SolidColor color="#000000" alpha="1.0"/>
  </FillStyle>
</fills>
                                             <strokes/>
  <edges>
    <Edge fillStyle0="0" fillStyle1="0" strokeStyle="0" edges="!0 0! 0 0"/>
    <Edge fillStyle0="0" fillStyle1="1" strokeStyle="0" edges="!0 0! 5336 4635| 5320 4589| 5339 4618[ 5361 4649 5385 4658| 5440 4661| 5486 4657[ 5515 4663 5519 4682| 5483 4673| 5435 4681| 5377 4687[ 5355 4682 5336 4635"/>
  </edges>
</DOMShape>
                                   </elements>
            </DOMFrame>
          </frames>
        </DOMLayer>
        <DOMLayer name="Layer 18">
          <frames>
            <DOMFrame index="0" motionTweenScale="false" keyMode="8192">
              <elements>
<DOMShape isFloating="true">
                                             <fills>
  <FillStyle index="1">
    <SolidColor color="#000000" alpha="1.0"/>
  </FillStyle>
</fills>
                                             <strokes/>
  <edges>
    <Edge fillStyle0="0" fillStyle1="0" strokeStyle="0" edges="!0 0! 0 0"/>
    <Edge fillStyle0="1" fillStyle1="0" strokeStyle="0" edges="!0 0! 5701 4281| 5702 4336| 5748 4395| 5712 4477| 5810 4405| 5701 4281"/>
  </edges>
</DOMShape>
                                   </elements>
            </DOMFrame>
          </frames>
        </DOMLayer>
        <DOMLayer name="Layer 19">
          <frames>
            <DOMFrame index="0" motionTweenScale="false" keyMode="8192">
              <elements>
<DOMShape isFloating="true">
                                             <fills>
  <FillStyle index="1">
    <SolidColor color="#000000" alpha="1.0"/>
  </FillStyle>
</fills>
                                             <strokes/>
  <edges>
    <Edge fillStyle0="0" fillStyle1="0" strokeStyle="0" edges="!0 0! 0 0"/>
    <Edge fillStyle0="1" fillStyle1="0" strokeStyle="0" edges="!0 0! 4795 3668| 4870 3757[ 4966 3853 5071 3882[ 5183 3913 5317 3898[ 5437 3884 5447 3860[ 5453 3844 5411 3795| 5366 3750[ 5405 3804 5376 3820[ 5284 3872 5113 3827[ 5022 3804 4899 3734| 4795 3668"/>
  </edges>
</DOMShape>
                                   </elements>
            </DOMFrame>
          </frames>
        </DOMLayer>
        <DOMLayer name="Layer 20">
          <frames>
            <DOMFrame index="0" motionTweenScale="false" keyMode="8192">
              <elements>
<DOMShape isFloating="true">
                                             <fills>
  <FillStyle index="1">
    <SolidColor color="#000000" alpha="1.0"/>
  </FillStyle>
</fills>
                                             <strokes/>
  <edges>
    <Edge fillStyle0="0" fillStyle1="0" strokeStyle="0" edges="!0 0! 0 0"/>
    <Edge fillStyle0="1" fillStyle1="0" strokeStyle="0" edges="!0 0! 5921 3888| 5949 3856[ 5987 3825 6039 3826[ 6087 3828 6216 3911[ 6357 4002 6381 4009[ 6450 4031 6592 3997[ 6445 4097 6376 4076[ 6343 4065 6216 3975[ 6086 3886 6046 3874| 5955 3872| 5921 3888"/>
  </edges>
</DOMShape>
                                   </elements>
            </DOMFrame>
          </frames>
        </DOMLayer>
        <DOMLayer name="Layer 21">
          <frames>
            <DOMFrame index="0" motionTweenScale="false" keyMode="8192">
              <elements>
<DOMShape isFloating="true">
                                             <fills>
  <FillStyle index="1">
    <SolidColor color="#000000" alpha="1.0"/>
  </FillStyle>
</fills>
                                             <strokes/>
  <edges>
    <Edge fillStyle0="0" fillStyle1="0" strokeStyle="0" edges="!0 0! 0 0"/>
    <Edge fillStyle0="1" fillStyle1="0" strokeStyle="0" edges="!0 0! 6599 2192[ 6592 2261 6416 2537[ 6339 2346 6250 2156[ 6072 1778 6012 1785[ 6029 1867 5832 2021| 5610 1637| 5375 2040| 5304 1953[ 5233 1860 5233 1833[ 5192 1828 4957 2197[ 4839 2382 4728 2568[ 4700 2534 4675 2483[ 4623 2382 4635 2298[ 4552 2318 4470 2750[ 4429 2965 4404 3177[ 4231 3114 4172 3025[ 4158 3040 4183 3193| 4248 3537[ 4351 4071 4335 4222[ 4341 4206 4385 4168| 4427 4133[ 4381 3867 4329 3608[ 4267 3300 4231 3189[ 4260 3207 4309 3228[ 4382 3260 4460 3283[ 4487 3074 4520 2862[ 4588 2437 4625 2421[ 4610 2522 4758 2728| 4968 2341[ 5181 1951 5201 1948[ 5188 1988 5279 2067| 5373 2138| 5611 1774| 5815 2158[ 6060 1956 6044 1894[ 6072 1892 6237 2299| 6397 2706[ 6628 2377 6621 2300[ 6705 2539 6748 2939[ 6770 3139 6775 3291| 6911 3214[ 7050 3139 7068 3146[ 6974 3224 6935 3704[ 6915 3945 6914 4169| 6969 4272[ 6969 4031 6993 3757[ 7042 3211 7170 3052[ 7128 3016 6976 3084| 6832 3159[ 6813 2937 6774 2706[ 6696 2242 6599 2192"/>
  </edges>
</DOMShape>
                                   </elements>
            </DOMFrame>
          </frames>
        </DOMLayer>
        <DOMLayer name="Layer 22">
          <frames>
            <DOMFrame index="0" motionTweenScale="false" keyMode="8192">
              <elements>
<DOMShape isFloating="true">
                                             <fills>
  <FillStyle index="1">
    <SolidColor color="#000000" alpha="1.0"/>
  </FillStyle>
</fills>
                                             <strokes/>
  <edges>
    <Edge fillStyle0="0" fillStyle1="0" strokeStyle="0" edges="!0 0! 0 0"/>
    <Edge fillStyle0="0" fillStyle1="1" strokeStyle="0" edges="!0 0! 6654 3437| 6728 3768| 6558 3499| 6345 3654| 6238 3396| 6089 3482| 6270 3254| 6363 3476| 6545 3353| 6654 3437"/>
  </edges>
</DOMShape>
                                   </elements>
            </DOMFrame>
          </frames>
        </DOMLayer>
        <DOMLayer name="Layer 23">
          <frames>
            <DOMFrame index="0" motionTweenScale="false" keyMode="8192">
              <elements>
<DOMShape isFloating="true">
                                             <fills>
  <FillStyle index="1">
    <SolidColor color="#000000" alpha="1.0"/>
  </FillStyle>
</fills>
                                             <strokes/>
  <edges>
    <Edge fillStyle0="0" fillStyle1="0" strokeStyle="0" edges="!0 0! 0 0"/>
    <Edge fillStyle0="1" fillStyle1="0" strokeStyle="0" edges="!0 0! 5178 3510[ 5296 3392 5423 3276[ 5676 3043 5715 3053[ 5668 3132 5756 3370| 5981 3256| 6068 3384| 6094 3339| 5993 3144| 5834 3243[ 5767 2993 5798 2920[ 5688 2930 5318 3257[ 5134 3420 4976 3576| 5178 3510"/>
  </edges>
</DOMShape>
                                   </elements>
            </DOMFrame>
          </frames>
        </DOMLayer>
        <DOMLayer name="Layer 24">
          <frames>
            <DOMFrame index="0" motionTweenScale="false" keyMode="8192">
              <elements>
<DOMShape isFloating="true">
                                             <fills>
  <FillStyle index="1">
    <SolidColor color="#000000" alpha="1.0"/>
  </FillStyle>
</fills>
                                             <strokes/>
  <edges>
    <Edge fillStyle0="0" fillStyle1="0" strokeStyle="0" edges="!0 0! 0 0"/>
    <Edge fillStyle0="1" fillStyle1="0" strokeStyle="0" edges="!0 0! 4770 3265[ 4669 3170 4652 3174[ 4649 3442 4543 3899| 4710 3300| 4891 3502| 5042 3164| 5174 3344| 5226 3299| 5045 3028| 4867 3361| 4770 3265"/>
  </edges>
</DOMShape>
                                   </elements>
            </DOMFrame>
          </frames>
        </DOMLayer>
        <DOMLayer name="Layer 25">
          <frames>
            <DOMFrame index="0" motionTweenScale="false" keyMode="8192">
              <elements>
<DOMShape isFloating="true">
                                             <fills>
  <FillStyle index="1">
    <SolidColor color="#000000" alpha="1.0"/>
  </FillStyle>
</fills>
                                             <strokes/>
  <edges>
    <Edge fillStyle0="0" fillStyle1="0" strokeStyle="0" edges="!0 0! 0 0"/>
    <Edge fillStyle0="0" fillStyle1="1" strokeStyle="0" edges="!0 0! 4526 4125[ 4565 4165 4522 4195[ 4473 4197 4423 4212[ 4325 4242 4329 4306[ 4334 4408 4460 4560[ 4416 4539 4370 4497[ 4279 4415 4270 4315[ 4261 4208 4378 4145[ 4423 4121 4468 4115[ 4512 4110 4526 4125"/>
  </edges>
</DOMShape>
                                   </elements>
            </DOMFrame>
          </frames>
        </DOMLayer>
        <DOMLayer name="Layer 26">
          <frames>
            <DOMFrame index="0" motionTweenScale="false" keyMode="8192">
              <elements>
<DOMShape isFloating="true">
                                             <fills>
  <FillStyle index="1">
    <SolidColor color="#000000" alpha="1.0"/>
  </FillStyle>
</fills>
                                             <strokes/>
  <edges>
    <Edge fillStyle0="0" fillStyle1="0" strokeStyle="0" edges="!0 0! 0 0"/>
    <Edge fillStyle0="1" fillStyle1="0" strokeStyle="0" edges="!0 0! 6797 4130[ 6786 4144 6804 4158| 6854 4188[ 6938 4236 6940 4292[ 6942 4394 6840 4560[ 6879 4535 6919 4489[ 6997 4397 6998 4297[ 7000 4189 6913 4137[ 6878 4117 6844 4115[ 6811 4113 6797 4130"/>
  </edges>
</DOMShape>
                                   </elements>
            </DOMFrame>
          </frames>
        </DOMLayer>
        <DOMLayer name="Layer 27">
          <frames>
            <DOMFrame index="0" motionTweenScale="false" keyMode="8192">
              <elements>
<DOMShape isFloating="true">
                                             <fills>
  <FillStyle index="1">
    <SolidColor color="#000000" alpha="1.0"/>
  </FillStyle>
</fills>
                                             <strokes/>
  <edges>
    <Edge fillStyle0="0" fillStyle1="0" strokeStyle="0" edges="!0 0! 0 0"/>
    <Edge fillStyle0="0" fillStyle1="1" strokeStyle="0" edges="!0 0! 6700 3629[ 6755 3840 6795 4032[ 6923 4647 6861 4855[ 6798 5067 6272 5157[ 6094 5188 5885 5200[ 5731 5209 5646 5205[ 5326 5190 5026 5120[ 4507 4998 4452 4768[ 4398 4542 4533 3909[ 4575 3711 4631 3497| 4678 3322| 4578 3955[ 4487 4619 4531 4770[ 4578 4932 4973 5032[ 5288 5111 5658 5121[ 6045 5131 6322 5087[ 6698 5029 6775 4879[ 6847 4740 6757 4085[ 6730 3880 6689 3648| 6654 3457| 6700 3629"/>
  </edges>
</DOMShape>
                                   </elements>
            </DOMFrame>
          </frames>
        </DOMLayer>
        <DOMLayer name="Layer 28">
          <frames>
            <DOMFrame index="0" motionTweenScale="false" keyMode="8192">
              <elements>
<DOMShape isFloating="true">
                                             <fills>
  <FillStyle index="1">
    <SolidColor color="#f4a057" alpha="1.0"/>
  </FillStyle>
</fills>
                                             <strokes/>
  <edges>
    <Edge fillStyle0="0" fillStyle1="0" strokeStyle="0" edges="!0 0! 0 0"/>
    <Edge fillStyle0="0" fillStyle1="1" strokeStyle="0" edges="!0 0! 4502 4253| 4451 4461[ 4375 4392 4384 4324[ 4389 4282 4446 4264| 4502 4253"/>
  </edges>
</DOMShape>
                                   </elements>
            </DOMFrame>
          </frames>
        </DOMLayer>
        <DOMLayer name="Layer 29">
          <frames>
            <DOMFrame index="0" motionTweenScale="false" keyMode="8192">
              <elements>
<DOMShape isFloating="true">
                                             <fills>
  <FillStyle index="1">
    <SolidColor color="#f4a057" alpha="1.0"/>
  </FillStyle>
</fills>
                                             <strokes/>
  <edges>
    <Edge fillStyle0="0" fillStyle1="0" strokeStyle="0" edges="!0 0! 0 0"/>
    <Edge fillStyle0="1" fillStyle1="0" strokeStyle="0" edges="!0 0! 6808 4252| 6846 4420[ 6902 4337 6888 4297[ 6879 4272 6842 4260| 6808 4252"/>
  </edges>
</DOMShape>
                                   </elements>
            </DOMFrame>
          </frames>
        </DOMLayer>
        <DOMLayer name="Layer 30">
          <frames>
            <DOMFrame index="0" motionTweenScale="false" keyMode="8192">
              <elements>
<DOMShape isFloating="true">
                                             <fills>
  <FillStyle index="1">
    <SolidColor color="#f4a057" alpha="1.0"/>
  </FillStyle>
</fills>
                                             <strokes/>
  <edges>
    <Edge fillStyle0="0" fillStyle1="0" strokeStyle="0" edges="!0 0! 0 0"/>
    <Edge fillStyle0="0" fillStyle1="1" strokeStyle="0" edges="!0 0! 5961 3300[ 5913 3317 5861 3341[ 5758 3388 5740 3418[ 5722 3424 5685 3286[ 5648 3149 5656 3121[ 5660 3105 5418 3312| 5175 3523| 4958 3586| 5739 2959| 5771 3308| 5992 3188| 6068 3384| 5961 3300"/>
  </edges>
</DOMShape>
                                   </elements>
            </DOMFrame>
          </frames>
        </DOMLayer>
        <DOMLayer name="Layer 31">
          <frames>
            <DOMFrame index="0" motionTweenScale="false" keyMode="8192">
              <elements>
<DOMShape isFloating="true">
                                             <fills>
  <FillStyle index="1">
    <SolidColor color="#f4a057" alpha="1.0"/>
  </FillStyle>
</fills>
                                             <strokes/>
  <edges>
    <Edge fillStyle0="0" fillStyle1="0" strokeStyle="0" edges="!0 0! 0 0"/>
    <Edge fillStyle0="1" fillStyle1="0" strokeStyle="0" edges="!0 0! 4880 3386| 4674 3219| 4634 3603| 4730 3350| 4901 3546| 5037 3235| 5170 3341| 5205 3292| 5034 3073| 4880 3386"/>
  </edges>
</DOMShape>
                                   </elements>
            </DOMFrame>
          </frames>
        </DOMLayer>
        <DOMLayer name="Layer 32">
          <frames>
            <DOMFrame index="0" motionTweenScale="false" keyMode="8192">
              <elements>
<DOMShape isFloating="true">
                                             <fills>
  <FillStyle index="1">
    <SolidColor color="#f4a057" alpha="1.0"/>
  </FillStyle>
</fills>
                                             <strokes/>
  <edges>
    <Edge fillStyle0="0" fillStyle1="0" strokeStyle="0" edges="!0 0! 0 0"/>
    <Edge fillStyle0="0" fillStyle1="1" strokeStyle="0" edges="!0 0! 6704 3651| 6757 3883| 6545 3553| 6318 3702| 6230 3461| 6091 3476| 6273 3329| 6351 3543| 6562 3402| 6704 3651"/>
  </edges>
</DOMShape>
                                   </elements>
            </DOMFrame>
          </frames>
        </DOMLayer>
        <DOMLayer name="Layer 33">
          <frames>
            <DOMFrame index="0" motionTweenScale="false" keyMode="8192">
              <elements>
<DOMShape isFloating="true">
                                             <fills>
  <FillStyle index="1">
    <SolidColor color="#f69c6b" alpha="1.0"/>
  </FillStyle>
</fills>
                                             <strokes/>
  <edges>
    <Edge fillStyle0="0" fillStyle1="0" strokeStyle="0" edges="!0 0! 0 0"/>
    <Edge fillStyle0="1" fillStyle1="0" strokeStyle="0" edges="!0 0! 5705 4272| 5703 4336| 5792 4425| 5712 4491| 5839 4423| 5705 4272"/>
  </edges>
</DOMShape>
                                   </elements>
            </DOMFrame>
          </frames>
        </DOMLayer>
        <DOMLayer name="Layer 34">
          <frames>
            <DOMFrame index="0" motionTweenScale="false" keyMode="8192">
              <elements>
<DOMShape isFloating="true">
                                             <fills>
  <FillStyle index="1">
    <SolidColor color="#f4a057" alpha="1.0"/>
  </FillStyle>
</fills>
                                             <strokes/>
  <edges>
    <Edge fillStyle0="0" fillStyle1="0" strokeStyle="0" edges="!0 0! 0 0"/>
    <Edge fillStyle0="1" fillStyle1="0" strokeStyle="0" edges="!0 0! 4657 3430| 4560 4014[ 4468 4613 4492 4689| 4511 4760[ 4520 4789 4531 4807[ 4556 4844 4692 4953[ 4853 5104 5410 5136[ 5689 5152 5935 5137[ 5834 4985 5775 4967[ 5742 4957 5680 4981[ 5603 5010 5567 5012| 5421 4996[ 5296 4974 5173 4937[ 4827 4832 4728 4680[ 4634 4534 4636 3968[ 4637 3791 4647 3593| 4657 3430"/>
  </edges>
</DOMShape>
                                   </elements>
            </DOMFrame>
          </frames>
        </DOMLayer>
        <DOMLayer name="Layer 35">
          <frames>
            <DOMFrame index="0" motionTweenScale="false" keyMode="8192">
              <elements>
<DOMShape isFloating="true">
                                             <fills>
  <FillStyle index="1">
    <SolidColor color="#f4a057" alpha="1.0"/>
  </FillStyle>
</fills>
                                             <strokes/>
  <edges>
    <Edge fillStyle0="0" fillStyle1="0" strokeStyle="0" edges="!0 0! 0 0"/>
    <Edge fillStyle0="1" fillStyle1="0" strokeStyle="0" edges="!0 0! 6732 4769[ 6521 5025 5748 5069[ 5755 5098 5815 5128| 5922 5132| 6182 5120[ 6591 5077 6801 4902[ 6843 4799 6820 4650| 6797 4559| 6799 4597[ 6798 4689 6732 4769"/>
  </edges>
</DOMShape>
                                   </elements>
            </DOMFrame>
          </frames>
        </DOMLayer>
        <DOMLayer name="Layer 36">
          <frames>
            <DOMFrame index="0" motionTweenScale="false" keyMode="8192">
              <elements>
<DOMShape isFloating="true">
                                             <fills>
  <FillStyle index="1">
    <SolidColor color="#f5be8b" alpha="1.0"/>
  </FillStyle>
</fills>
                                             <strokes/>
  <edges>
    <Edge fillStyle0="0" fillStyle1="0" strokeStyle="0" edges="!0 0! 0 0"/>
    <Edge fillStyle0="1" fillStyle1="0" strokeStyle="0" edges="!0 0! 6536 3402| 6377 3522| 6259 3331| 6146 3433| 5990 3178| 5813 3271| 5739 2959| 5245 3329| 5051 3065| 4903 3374| 4862 3381| 4697 3224| 4638 3476| 4509 4149[ 4466 4154 4420 4171[ 4327 4206 4310 4264[ 4292 4322 4372 4454[ 4412 4519 4456 4574| 4497 4783| 4523 4839[ 4568 4905 4665 4961[ 4978 5138 5694 5136[ 6410 5135 6690 4984[ 6778 4937 6811 4880| 6827 4834| 6848 4524[ 6880 4507 6911 4473[ 6972 4404 6966 4317[ 6960 4230 6879 4183[ 6853 4168 6823 4159| 6798 4154| 6683 3566| 6536 3402"/>
  </edges>
</DOMShape>
                                   </elements>
            </DOMFrame>
          </frames>
        </DOMLayer>
        <DOMLayer name="Layer 37">
          <frames>
            <DOMFrame index="0" motionTweenScale="false" keyMode="8192">
              <elements>
<DOMShape isFloating="true">
                                             <fills>
  <FillStyle index="1">
    <SolidColor color="#210000" alpha="1.0"/>
  </FillStyle>
</fills>
                                             <strokes/>
  <edges>
    <Edge fillStyle0="0" fillStyle1="0" strokeStyle="0" edges="!0 0! 0 0"/>
    <Edge fillStyle0="0" fillStyle1="1" strokeStyle="0" edges="!0 0! 6824 3461| 6830 4141| 4526 4125| 4407 3530| 4517 3562| 4608 3052| 4834 3288| 5126 2598| 5324 3071| 5599 2418| 5815 2863| 6077 2591| 6344 3216| 6580 2972| 6690 3512| 6824 3461"/>
  </edges>
</DOMShape>
                                   </elements>
            </DOMFrame>
          </frames>
        </DOMLayer>
        <DOMLayer name="Layer 38">
          <frames>
            <DOMFrame index="0" motionTweenScale="false" keyMode="8192">
              <elements>
<DOMShape isFloating="true">
                                             <fills>
  <FillStyle index="1">
    <SolidColor color="#3d0000" alpha="1.0"/>
  </FillStyle>
</fills>
                                             <strokes/>
  <edges>
    <Edge fillStyle0="0" fillStyle1="0" strokeStyle="0" edges="!0 0! 0 0"/>
    <Edge fillStyle0="1" fillStyle1="0" strokeStyle="0" edges="!0 0! 6503 3303| 6395 3443| 6229 3178| 6122 3350| 5950 3103| 5855 3230| 5808 2901| 5233 3284| 5010 2665| 4841 3016[ 4785 2977 4731 2915[ 4621 2792 4630 2679[ 4576 2677 4499 3406[ 4460 3770 4433 4135| 4512 4108| 4685 3285| 4868 3432| 5022 3174| 5233 3380| 5728 3040| 5801 3324| 5979 3248| 6133 3453| 6260 3377| 6363 3552| 6546 3467| 6672 3654| 6779 4090| 6898 4140| 6932 3994| 6796 3973| 6691 3407| 6503 3303"/>
  </edges>
</DOMShape>
                                   </elements>
            </DOMFrame>
          </frames>
        </DOMLayer>
        <DOMLayer name="Layer 39">
          <frames>
            <DOMFrame index="0" motionTweenScale="false" keyMode="8192">
              <elements>
<DOMShape isFloating="true">
                                             <fills>
  <FillStyle index="1">
    <SolidColor color="#3d0000" alpha="1.0"/>
  </FillStyle>
</fills>
                                             <strokes/>
  <edges>
    <Edge fillStyle0="0" fillStyle1="0" strokeStyle="0" edges="!0 0! 0 0"/>
    <Edge fillStyle0="0" fillStyle1="1" strokeStyle="0" edges="!0 0! 6913 3335| 6874 4017| 6788 3981| 6700 3464[ 6806 3400 6913 3335"/>
  </edges>
</DOMShape>
                                   </elements>
            </DOMFrame>
          </frames>
        </DOMLayer>
        <DOMLayer name="Layer 40">
          <frames>
            <DOMFrame index="0" motionTweenScale="false" keyMode="8192">
              <elements>
<DOMShape isFloating="true">
                                             <fills>
  <FillStyle index="1">
    <SolidColor color="#3d0000" alpha="1.0"/>
  </FillStyle>
</fills>
                                             <strokes/>
  <edges>
    <Edge fillStyle0="0" fillStyle1="0" strokeStyle="0" edges="!0 0! 0 0"/>
    <Edge fillStyle0="1" fillStyle1="0" strokeStyle="0" edges="!0 0! 6621 2633[ 6538 2893 6224 3341| 6433 3493| 6728 3476[ 6669 2646 6621 2633"/>
  </edges>
</DOMShape>
                                   </elements>
            </DOMFrame>
          </frames>
        </DOMLayer>
        <DOMLayer name="Layer 41">
          <frames>
            <DOMFrame index="0" motionTweenScale="false" keyMode="8192">
              <elements>
<DOMShape isFloating="true">
                                             <fills>
  <FillStyle index="1">
    <SolidColor color="#3d0000" alpha="1.0"/>
  </FillStyle>
</fills>
                                             <strokes/>
  <edges>
    <Edge fillStyle0="0" fillStyle1="0" strokeStyle="0" edges="!0 0! 0 0"/>
    <Edge fillStyle0="0" fillStyle1="1" strokeStyle="0" edges="!0 0! 5207 2235[ 5154 2381 5363 2752[ 5467 2938 5582 3094| 5251 3286| 5022 3159| 4915 3336| 4800 3250[ 4868 3025 4952 2785[ 5121 2306 5207 2235"/>
  </edges>
</DOMShape>
                                   </elements>
            </DOMFrame>
          </frames>
        </DOMLayer>
        <DOMLayer name="Layer 42">
          <frames>
            <DOMFrame index="0" motionTweenScale="false" keyMode="8192">
              <elements>
<DOMShape isFloating="true">
                                             <fills>
  <FillStyle index="1">
    <SolidColor color="#3d0000" alpha="1.0"/>
  </FillStyle>
</fills>
                                             <strokes/>
  <edges>
    <Edge fillStyle0="0" fillStyle1="0" strokeStyle="0" edges="!0 0! 0 0"/>
    <Edge fillStyle0="0" fillStyle1="1" strokeStyle="0" edges="!0 0! 5779 3279| 5302 2943| 5601 2060| 5958 3183| 5779 3279"/>
  </edges>
</DOMShape>
                                   </elements>
            </DOMFrame>
          </frames>
        </DOMLayer>
        <DOMLayer name="Layer 43">
          <frames>
            <DOMFrame index="0" motionTweenScale="false" keyMode="8192">
              <elements>
<DOMShape isFloating="true">
                                             <fills>
  <FillStyle index="1">
    <SolidColor color="#3d0000" alpha="1.0"/>
  </FillStyle>
</fills>
                                             <strokes/>
  <edges>
    <Edge fillStyle0="0" fillStyle1="0" strokeStyle="0" edges="!0 0! 0 0"/>
    <Edge fillStyle0="0" fillStyle1="1" strokeStyle="0" edges="!0 0! 6273 2766[ 6350 3036 6412 3302| 6106 3396| 5710 2948[ 5802 2818 5890 2660[ 6068 2344 6049 2204[ 6120 2225 6273 2766"/>
  </edges>
</DOMShape>
                                   </elements>
            </DOMFrame>
          </frames>
        </DOMLayer>
        <DOMLayer name="Layer 44">
          <frames>
            <DOMFrame index="0" motionTweenScale="false" keyMode="8192">
              <elements>
<DOMShape isFloating="true">
                                             <fills>
  <FillStyle index="1">
    <SolidColor color="#3d0000" alpha="1.0"/>
  </FillStyle>
</fills>
                                             <strokes/>
  <edges>
    <Edge fillStyle0="0" fillStyle1="0" strokeStyle="0" edges="!0 0! 0 0"/>
    <Edge fillStyle0="0" fillStyle1="1" strokeStyle="0" edges="!0 0! 4556 3522| 4470 4058| 4341 3414| 4556 3522"/>
  </edges>
</DOMShape>
                                   </elements>
            </DOMFrame>
          </frames>
        </DOMLayer>
        <DOMLayer name="Layer 45">
          <frames>
            <DOMFrame index="0" motionTweenScale="false" keyMode="8192">
              <elements>
<DOMShape isFloating="true">
                                             <fills>
  <FillStyle index="1">
    <SolidColor color="#7f0000" alpha="1.0"/>
  </FillStyle>
</fills>
                                             <strokes/>
  <edges>
    <Edge fillStyle0="0" fillStyle1="0" strokeStyle="0" edges="!5258 6139! 0 0"/>
    <Edge fillStyle0="0" fillStyle1="1" strokeStyle="0" edges="!0 0! 6752 2748[ 6784 2976 6802 3199[ 7140 3081 7106 3108[ 7030 3166 6979 3687[ 6954 3948 6943 4197| 4377 4176| 4211 3130| 4425 3252| 4603 2356| 4755 2639| 5195 1906| 5370 2078| 5632 1712| 5831 2061| 6050 1851| 6417 2606| 6498 2441[ 6587 2275 6623 2267[ 6689 2291 6752 2748"/>
  </edges>
</DOMShape>
                                   </elements>
            </DOMFrame>
          </frames>
        </DOMLayer>
        <DOMLayer name="Layer 46">
          <frames>
            <DOMFrame index="0" motionTweenScale="false" keyMode="8192">
              <elements>
<DOMShape isFloating="true">
                                             <fills>
  <FillStyle index="1">
    <SolidColor color="#000000" alpha="1.0"/>
  </FillStyle>
</fills>
                                             <strokes/>
  <edges>
    <Edge fillStyle0="0" fillStyle1="0" strokeStyle="0" edges="!0 0! 0 0"/>
    <Edge fillStyle0="1" fillStyle1="0" strokeStyle="0" edges="!0 0! 5258 6139[ 5262 6178 5276 6200[ 5291 6223 5387 6231[ 5458 6237 5522 6233[ 5619 6227 5635 6197[ 5647 6173 5643 6130[ 5638 6082 5613 6043[ 5559 5959 5433 5967[ 5313 5973 5274 6052[ 5254 6091 5258 6139"/>
    <Edge fillStyle0="1" fillStyle1="0" strokeStyle="0" edges="!5258 6139! 5306 6179[ 5297 6165 5295 6135[ 5292 6097 5306 6068[ 5336 6009 5435 6003[ 5539 5998 5583 6064[ 5602 6094 5606 6132[ 5609 6164 5602 6180[ 5585 6198 5457 6197[ 5328 6196 5305 6178| 5306 6179"/>
  </edges>
</DOMShape>
                                   </elements>
            </DOMFrame>
          </frames>
        </DOMLayer>
        <DOMLayer name="Layer 47">
          <frames>
            <DOMFrame index="0" motionTweenScale="false" keyMode="8192">
              <elements>
<DOMShape isFloating="true">
                                             <fills>
  <FillStyle index="1">
    <SolidColor color="#301900" alpha="1.0"/>
  </FillStyle>
</fills>
                                             <strokes/>
  <edges>
    <Edge fillStyle0="0" fillStyle1="0" strokeStyle="0" edges="!0 0! 0 0"/>
    <Edge fillStyle0="0" fillStyle1="1" strokeStyle="0" edges="!0 0! 5281 6080| 5327 6116[ 5382 6153 5435 6159[ 5519 6168 5613 6106| 5620 6209| 5411 6231| 5294 6196| 5281 6080"/>
  </edges>
</DOMShape>
                                   </elements>
            </DOMFrame>
          </frames>
        </DOMLayer>
        <DOMLayer name="Layer 48">
          <frames>
            <DOMFrame index="0" motionTweenScale="false" keyMode="8192">
              <elements>
<DOMShape isFloating="true">
                                             <fills>
  <FillStyle index="1">
    <SolidColor color="#7a510a" alpha="1.0"/>
  </FillStyle>
</fills>
                                             <strokes/>
  <edges>
    <Edge fillStyle0="0" fillStyle1="0" strokeStyle="0" edges="!6048 6200! 0 0"/>
    <Edge fillStyle0="1" fillStyle1="0" strokeStyle="0" edges="!0 0! 5291 6189[ 5308 6214 5454 6216[ 5603 6219 5618 6189[ 5643 6139 5606 6068[ 5560 5979 5434 5985[ 5309 5992 5282 6080[ 5262 6146 5291 6189"/>
  </edges>
</DOMShape>
                                   </elements>
            </DOMFrame>
          </frames>
        </DOMLayer>
        <DOMLayer name="Layer 49">
          <frames>
            <DOMFrame index="0" motionTweenScale="false" keyMode="8192">
              <elements>
<DOMShape isFloating="true">
                                             <fills>
  <FillStyle index="1">
    <SolidColor color="#000000" alpha="1.0"/>
  </FillStyle>
</fills>
                                             <strokes/>
  <edges>
    <Edge fillStyle0="0" fillStyle1="0" strokeStyle="0" edges="!0 0! 0 0"/>
    <Edge fillStyle0="1" fillStyle1="0" strokeStyle="0" edges="!0 0! 6048 6200[ 6061 6174 6058 6131[ 6053 6082 6027 6043[ 5972 5957 5843 5964[ 5720 5969 5680 6051[ 5660 6090 5664 6140[ 5668 6180 5682 6202[ 5698 6226 5796 6234[ 5868 6241 5934 6236[ 6034 6230 6048 6200"/>
    <Edge fillStyle0="1" fillStyle1="0" strokeStyle="0" edges="!6048 6200! 6020 6133[ 6024 6167 6015 6183[ 5995 6200 5867 6200[ 5736 6198 5712 6179| 5713 6181[ 5704 6166 5702 6136[ 5699 6097 5713 6068[ 5743 6007 5845 6001[ 5952 5995 5996 6063[ 6016 6094 6020 6133"/>
  </edges>
</DOMShape>
                                   </elements>
            </DOMFrame>
          </frames>
        </DOMLayer>
        <DOMLayer name="Layer 50">
          <frames>
            <DOMFrame index="0" motionTweenScale="false" keyMode="8192">
              <elements>
<DOMShape isFloating="true">
                                             <fills>
  <FillStyle index="1">
    <SolidColor color="#301900" alpha="1.0"/>
  </FillStyle>
</fills>
                                             <strokes/>
  <edges>
    <Edge fillStyle0="0" fillStyle1="0" strokeStyle="0" edges="!0 0! 0 0"/>
    <Edge fillStyle0="0" fillStyle1="1" strokeStyle="0" edges="!0 0! 6034 6212| 5820 6234| 5701 6198| 5688 6080| 5733 6116[ 5791 6154 5844 6160[ 5931 6169 6027 6106| 6034 6212"/>
  </edges>
</DOMShape>
                                   </elements>
            </DOMFrame>
          </frames>
        </DOMLayer>
        <DOMLayer name="Layer 51">
          <frames>
            <DOMFrame index="0" motionTweenScale="false" keyMode="8192">
              <elements>
<DOMShape isFloating="true">
                                             <fills>
  <FillStyle index="1">
    <SolidColor color="#7a510a" alpha="1.0"/>
  </FillStyle>
</fills>
                                             <strokes/>
  <edges>
    <Edge fillStyle0="0" fillStyle1="0" strokeStyle="0" edges="!0 0! 0 0"/>
    <Edge fillStyle0="1" fillStyle1="0" strokeStyle="0" edges="!0 0! 6020 6068[ 5973 5976 5844 5982[ 5716 5989 5688 6079[ 5668 6147 5697 6191[ 5714 6217 5865 6219[ 6017 6221 6032 6191[ 6058 6140 6020 6068"/>
  </edges>
</DOMShape>
                                   </elements>
            </DOMFrame>
          </frames>
        </DOMLayer>
        <DOMLayer name="Layer 52">
          <frames>
            <DOMFrame index="0" motionTweenScale="false" keyMode="8192">
              <elements>
<DOMShape isFloating="true">
                                             <fills>
  <FillStyle index="1">
    <SolidColor color="#000000" alpha="1.0"/>
  </FillStyle>
</fills>
                                             <strokes/>
  <edges>
    <Edge fillStyle0="0" fillStyle1="0" strokeStyle="0" edges="!0 0! 0 0"/>
    <Edge fillStyle0="0" fillStyle1="1" strokeStyle="0" edges="!0 0! 5809 5240[ 5825 5222 5834 5200| 5841 5180| 5890 5201| 5879 5222| 5842 5268[ 5772 5334 5668 5331[ 5564 5328 5503 5258[ 5484 5237 5472 5211| 5464 5190| 5514 5177| 5519 5195| 5541 5236[ 5585 5294 5673 5297[ 5760 5300 5809 5240"/>
  </edges>
</DOMShape>
                                   </elements>
            </DOMFrame>
          </frames>
        </DOMLayer>
        <DOMLayer name="Layer 53">
          <frames>
            <DOMFrame index="0" motionTweenScale="false" keyMode="8192">
              <elements>
<DOMShape isFloating="true">
                                             <fills>
  <FillStyle index="1">
    <SolidColor color="#000000" alpha="1.0"/>
  </FillStyle>
</fills>
                                             <strokes/>
  <edges>
    <Edge fillStyle0="0" fillStyle1="0" strokeStyle="0" edges="!0 0! 0 0"/>
    <Edge fillStyle0="0" fillStyle1="1" strokeStyle="0" edges="!0 0! 5435 5155| 5395 5399[ 5360 5650 5386 5680[ 5436 5738 5699 5754[ 5904 5765 5947 5690[ 5966 5656 5893 5179| 5916 5163[ 6010 5683 6003 5722[ 5996 5756 5920 5781[ 5830 5811 5699 5804[ 5358 5786 5327 5712[ 5310 5673 5359 5404| 5412 5143| 5435 5155"/>
  </edges>
</DOMShape>
                                   </elements>
            </DOMFrame>
          </frames>
        </DOMLayer>
        <DOMLayer name="Layer 54">
          <frames>
            <DOMFrame index="0" motionTweenScale="false" keyMode="8192">
              <elements>
<DOMShape isFloating="true">
                                             <fills>
  <FillStyle index="1">
    <SolidColor color="#f4a057" alpha="1.0"/>
  </FillStyle>
</fills>
                                             <strokes/>
  <edges>
    <Edge fillStyle0="0" fillStyle1="0" strokeStyle="0" edges="!0 0! 0 0"/>
    <Edge fillStyle0="0" fillStyle1="1" strokeStyle="0" edges="!0 0! 5853 5198| 5846 5216| 5820 5257[ 5771 5317 5682 5321[ 5593 5325 5534 5250| 5502 5198| 5493 5174| 5853 5198"/>
  </edges>
</DOMShape>
                                   </elements>
            </DOMFrame>
          </frames>
        </DOMLayer>
        <DOMLayer name="Layer 55">
          <frames>
            <DOMFrame index="0" motionTweenScale="false" keyMode="8192">
              <elements>
<DOMShape isFloating="true">
                                             <fills>
  <FillStyle index="1">
    <SolidColor color="#7f0000" alpha="1.0"/>
  </FillStyle>
</fills>
                                             <strokes/>
  <edges>
    <Edge fillStyle0="0" fillStyle1="0" strokeStyle="0" edges="!0 0! 0 0"/>
    <Edge fillStyle0="0" fillStyle1="1" strokeStyle="0" edges="!0 0! 5662 5480[ 5644 5507 5661 5538[ 5676 5568 5662 5586[ 5648 5604 5621 5594[ 5603 5587 5603 5615[ 5603 5644 5640 5637[ 5690 5629 5713 5649[ 5760 5692 5743 5781| 5412 5755| 5341 5690| 5404 5196| 5493 5174| 5815 5260| 5662 5480"/>
  </edges>
</DOMShape>
                                   </elements>
            </DOMFrame>
          </frames>
        </DOMLayer>
        <DOMLayer name="Layer 56">
          <frames>
            <DOMFrame index="0" motionTweenScale="false" keyMode="8192">
              <elements>
<DOMShape isFloating="true">
                                             <fills>
  <FillStyle index="1">
    <SolidColor color="#bf0000" alpha="1.0"/>
  </FillStyle>
</fills>
                                             <strokes/>
  <edges>
    <Edge fillStyle0="0" fillStyle1="0" strokeStyle="0" edges="!5353 5654! 0 0"/>
    <Edge fillStyle0="0" fillStyle1="1" strokeStyle="0" edges="!0 0! 5341 5690| 5414 5151| 5916 5172| 5971 5734| 5653 5788| 5341 5690"/>
  </edges>
</DOMShape>
                                   </elements>
            </DOMFrame>
          </frames>
        </DOMLayer>
        <DOMLayer name="Layer 57">
          <frames>
            <DOMFrame index="0" motionTweenScale="false" keyMode="8192">
              <elements>
<DOMShape isFloating="true">
                                             <fills>
  <FillStyle index="1">
    <SolidColor color="#000000" alpha="1.0"/>
  </FillStyle>
</fills>
                                             <strokes/>
  <edges>
    <Edge fillStyle0="0" fillStyle1="0" strokeStyle="0" edges="!0 0! 0 0"/>
    <Edge fillStyle0="1" fillStyle1="0" strokeStyle="0" edges="!0 0! 5353 5654[ 5269 5980 5293 6029[ 5317 6077 5534 6075[ 5652 6072 5666 6049| 5668 6053[ 5685 6081 5836 6080[ 6024 6080 6042 6050[ 6058 6019 5986 5674| 5983 5659| 5357 5639| 5353 5654"/>
    <Edge fillStyle0="1" fillStyle1="0" strokeStyle="0" edges="!5353 5654! 5950 5699[ 6007 5976 6006 6026| 5856 6039| 5701 6029| 5702 6031| 5700 6028| 5701 6029[ 5690 6003 5696 5881| 5655 5877| 5630 6027| 5477 6034[ 5349 6029 5329 6011[ 5313 5971 5390 5680| 5950 5699"/>
  </edges>
</DOMShape>
                                   </elements>
            </DOMFrame>
          </frames>
        </DOMLayer>
        <DOMLayer name="Layer 58">
          <frames>
            <DOMFrame index="0" motionTweenScale="false" keyMode="8192">
              <elements>
<DOMShape isFloating="true">
                                             <fills>
  <FillStyle index="1">
    <SolidColor color="#d8e4e9" alpha="1.0"/>
  </FillStyle>
</fills>
                                             <strokes/>
  <edges>
    <Edge fillStyle0="0" fillStyle1="0" strokeStyle="0" edges="!0 0! 0 0"/>
    <Edge fillStyle0="0" fillStyle1="1" strokeStyle="0" edges="!0 0! 5363 5744| 5963 5752| 5984 5802| 5948 5787| 5956 5798[ 5961 5813 5945 5830[ 5920 5859 5862 5820[ 5870 5881 5844 5877[ 5835 5875 5822 5847[ 5810 5821 5784 5823[ 5759 5825 5755 5838[ 5751 5852 5733 5856[ 5708 5860 5697 5847| 5690 5834| 5661 5859| 5683 5885| 5632 6050| 5370 6046[ 5345 6010 5349 5974[ 5350 5959 5371 5959[ 5392 5960 5392 5931[ 5392 5897 5378 5817| 5363 5744"/>
  </edges>
</DOMShape>
                                   </elements>
            </DOMFrame>
          </frames>
        </DOMLayer>
        <DOMLayer name="Layer 59">
          <frames>
            <DOMFrame index="0" motionTweenScale="false" keyMode="8192">
              <elements>
<DOMShape isFloating="true">
                                             <fills>
  <FillStyle index="1">
    <SolidColor color="#ffffff" alpha="1.0"/>
  </FillStyle>
</fills>
                                             <strokes/>
  <edges>
    <Edge fillStyle0="0" fillStyle1="0" strokeStyle="0" edges="!5278 5523! 0 0"/>
    <Edge fillStyle0="1" fillStyle1="0" strokeStyle="0" edges="!0 0! 5334 5823[ 5298 5993 5311 6020[ 5326 6051 5483 6054[ 5638 6058 5647 6039| 5676 5880| 5674 5951[ 5674 6025 5685 6043[ 5698 6063 5856 6059[ 6014 6056 6024 6039[ 6037 6018 5967 5678| 5373 5659| 5334 5823"/>
  </edges>
</DOMShape>
                                   </elements>
            </DOMFrame>
          </frames>
        </DOMLayer>
        <DOMLayer name="Layer 60">
          <frames>
            <DOMFrame index="0" motionTweenScale="false" keyMode="8192">
              <elements>
<DOMShape isFloating="true">
                                             <fills>
  <FillStyle index="1">
    <SolidColor color="#000000" alpha="1.0"/>
  </FillStyle>
</fills>
                                             <strokes/>
  <edges>
    <Edge fillStyle0="0" fillStyle1="0" strokeStyle="0" edges="!0 0! 0 0"/>
    <Edge fillStyle0="1" fillStyle1="0" strokeStyle="0" edges="!0 0! 5278 5523[ 5282 5408 5403 5240| 5522 5094| 5325 5249[ 5124 5419 5094 5508[ 5061 5608 5089 5663[ 5105 5695 5134 5704[ 5160 5713 5204 5682[ 5273 5633 5278 5523"/>
    <Edge fillStyle0="1" fillStyle1="0" strokeStyle="0" edges="!5278 5523! 5228 5717[ 5169 5760 5120 5745[ 5076 5731 5051 5682[ 5014 5610 5053 5495[ 5086 5397 5316 5226| 5552 5064| 5439 5231[ 5325 5419 5321 5524[ 5315 5657 5228 5717"/>
  </edges>
</DOMShape>
                                   </elements>
            </DOMFrame>
          </frames>
        </DOMLayer>
        <DOMLayer name="Layer 61">
          <frames>
            <DOMFrame index="0" motionTweenScale="false" keyMode="8192">
              <elements>
<DOMShape isFloating="true">
                                             <fills>
  <FillStyle index="1">
    <SolidColor color="#f4a057" alpha="1.0"/>
  </FillStyle>
</fills>
                                             <strokes/>
  <edges>
    <Edge fillStyle0="0" fillStyle1="0" strokeStyle="0" edges="!0 0! 0 0"/>
    <Edge fillStyle0="1" fillStyle1="0" strokeStyle="0" edges="!0 0! 5434 5182| 5334 5295[ 5228 5416 5203 5461[ 5182 5500 5192 5541[ 5204 5587 5191 5623[ 5163 5700 5086 5716| 5050 5531| 5151 5377| 5406 5166| 5438 5154| 5434 5182"/>
  </edges>
</DOMShape>
                                   </elements>
            </DOMFrame>
          </frames>
        </DOMLayer>
        <DOMLayer name="Layer 62">
          <frames>
            <DOMFrame index="0" motionTweenScale="false" keyMode="8192">
              <elements>
                                        <DOMShape isFloating="true">
                                             <fills>
  <FillStyle index="1">
    <SolidColor color="#f5c4a0" alpha="1.0"/>
  </FillStyle>
</fills>
                                             <strokes/>
  <edges>
    <Edge fillStyle1="1" edges="!0 0! 5423 5230| 5542 5069| 5327 5228[ 5106 5407 5074 5502[ 5040 5601 5066 5665[ 5086 5711 5127 5724[ 5170 5738 5225 5693[ 5295 5636 5300 5524[ 5304 5413 5423 5230"/>
  </edges>
</DOMShape>
                                   </elements>
            </DOMFrame>
          </frames>
        </DOMLayer>
      </layers>
    </DOMTimeline>
  </timeline>
</DOMSymbolItem>
