<DOMSymbolItem xmlns="http://ns.adobe.com/xfl/2008/" xmlns:xsi="http://www.w3.org/2001/XMLSchema-instance" name="Symbol 98" lastModified="1635072455" symbolType="graphic">
  <timeline>
    <DOMTimeline name="Symbol 98" currentFrame="0">
      <layers>
        <DOMLayer name="Layer 1">
          <frames>
            <DOMFrame index="0" motionTweenScale="false" keyMode="8192">
              <elements>
<DOMShape isFloating="true">
                                             <fills/>
                                             <strokes>
  <StrokeStyle index="1">
    <SolidStroke weight="2.0" scaleMode="normal" caps="none" joints="miter">
      <fill>
        <SolidColor color="#000000"/>
      </fill>
    </SolidStroke>
  </StrokeStyle>
</strokes>
  <edges>
    <Edge fillStyle0="0" fillStyle1="0" strokeStyle="0" edges="!4283 4762! 0 0"/>
    <Edge fillStyle0="0" fillStyle1="0" strokeStyle="1" edges="!0 0! 4910 5193[ 4506 5066 4354 5026[ 4070 4948 3979 4958[ 4249 4892 4276 4763[ 4311 4752 4531 4824[ 4747 4893 5002 4995[ 5658 5259 5646 5351[ 5640 5396 5417 5342[ 5272 5306 4910 5193"/>
  </edges>
</DOMShape>
                                   </elements>
            </DOMFrame>
          </frames>
        </DOMLayer>
        <DOMLayer name="Layer 2">
          <frames>
            <DOMFrame index="0" motionTweenScale="false" keyMode="8192">
              <elements>
<DOMShape isFloating="true">
                                             <fills>
  <FillStyle index="1">
    <SolidColor color="#ffffff" alpha="1.0"/>
  </FillStyle>
  <FillStyle index="2">
    <SolidColor color="#dddddd" alpha="1.0"/>
  </FillStyle>
</fills>
                                             <strokes/>
  <edges>
    <Edge fillStyle0="0" fillStyle1="0" strokeStyle="0" edges="!0 0! 0 0"/>
    <Edge fillStyle0="0" fillStyle1="2" strokeStyle="0" edges="!0 0! 4283 4762[ 4327 4757 4531 4824[ 4747 4893 5002 4996[ 5658 5258 5647 5351[ 5641 5395 5417 5342[ 5272 5306 4910 5193| 4852 5175"/>
    <Edge fillStyle0="0" fillStyle1="1" strokeStyle="0" edges="!4852 5175[ 4494 5063 4354 5026[ 4071 4948 3979 4958[ 4249 4892 4277 4763| 4283 4762"/>
    <Edge fillStyle0="2" fillStyle1="1" strokeStyle="0" edges="!4283 4762| 4289 4867| 4407 4843[ 4368 4953 4635 5028[ 4845 4948 5000 5075[ 5032 5178 4852 5175"/>
  </edges>
</DOMShape>
                                   </elements>
            </DOMFrame>
          </frames>
        </DOMLayer>
        <DOMLayer name="Layer 3">
          <frames>
            <DOMFrame index="0" motionTweenScale="false" keyMode="8192">
              <elements>
<DOMShape isFloating="true">
                                             <fills/>
                                             <strokes>
  <StrokeStyle index="1">
    <SolidStroke weight="2.0" scaleMode="normal" caps="none" joints="miter">
      <fill>
        <SolidColor color="#000000"/>
      </fill>
    </SolidStroke>
  </StrokeStyle>
</strokes>
  <edges>
    <Edge fillStyle0="0" fillStyle1="0" strokeStyle="0" edges="!5927 5668! 0 0"/>
    <Edge fillStyle0="0" fillStyle1="0" strokeStyle="1" edges="!0 0! 5436 5492| 5759 5717[ 6095 5939 6163 5933| 6303 5945[ 6369 5957 6383 5938[ 6408 5902 5476 5442| 5436 5492"/>
  </edges>
</DOMShape>
                                   </elements>
            </DOMFrame>
          </frames>
        </DOMLayer>
        <DOMLayer name="Layer 4">
          <frames>
            <DOMFrame index="0" motionTweenScale="false" keyMode="8192">
              <elements>
                                        <DOMShape isFloating="true">
                                             <fills>
  <FillStyle index="1">
    <SolidColor color="#ffffff" alpha="1.0"/>
  </FillStyle>
  <FillStyle index="2">
    <SolidColor color="#dddddd" alpha="1.0"/>
  </FillStyle>
</fills>
                                             <strokes/>
  <edges>
    <Edge fillStyle1="1" edges="!0 0! 5927 5668[ 6401 5912 6383 5938[ 6371 5954 6322 5948"/>
    <Edge fillStyle1="2" edges="!6322 5948| 6303 5945| 6163 5933[ 6095 5939 5759 5717| 5436 5493| 5477 5442[ 5740 5572 5927 5668"/>
    <Edge fillStyle0="1" fillStyle1="2" edges="!5927 5668| 5947 5752| 5891 5753| 6156 5904| 6165 5847| 6322 5948"/>
  </edges>
</DOMShape>
                                   </elements>
            </DOMFrame>
          </frames>
        </DOMLayer>
      </layers>
    </DOMTimeline>
  </timeline>
</DOMSymbolItem>
