<DOMSymbolItem xmlns="http://ns.adobe.com/xfl/2008/" xmlns:xsi="http://www.w3.org/2001/XMLSchema-instance" name="Symbol 153" lastModified="1635072455" symbolType="graphic">
  <timeline>
    <DOMTimeline name="Symbol 153" currentFrame="0">
      <layers>
        <DOMLayer name="Layer 1">
          <frames>
            <DOMFrame index="0" motionTweenScale="false" keyMode="8192">
              <elements>
<DOMShape isFloating="true">
                                             <fills>
  <FillStyle index="1">
    <SolidColor color="#000000"/>
  </FillStyle>
</fills>
                                             <strokes/>
  <edges>
    <Edge fillStyle0="0" fillStyle1="0" strokeStyle="0" edges="!5325 3701! 0 0"/>
    <Edge fillStyle0="1" fillStyle1="0" strokeStyle="0" edges="!0 0! 7002 4883| 6983 6387| 6884 6354| 6942 4883| 7002 4883"/>
  </edges>
</DOMShape>
                                   </elements>
            </DOMFrame>
          </frames>
        </DOMLayer>
        <DOMLayer name="Layer 2">
          <frames>
            <DOMFrame index="0" motionTweenScale="false" keyMode="8192">
              <elements>
<DOMShape isFloating="true">
                                             <fills>
  <FillStyle index="1">
    <SolidColor color="#006600"/>
  </FillStyle>
  <FillStyle index="2">
    <SolidColor color="#00cc00"/>
  </FillStyle>
</fills>
                                             <strokes/>
  <edges>
    <Edge fillStyle0="0" fillStyle1="0" strokeStyle="0" edges="!0 0! 0 0"/>
    <Edge fillStyle0="0" fillStyle1="1" strokeStyle="0" edges="!0 0! 5325 3701| 5228 3701| 5287 3448[ 6280 3250 7273 3467| 7370 3691| 7283 3692"/>
    <Edge fillStyle0="0" fillStyle1="2" strokeStyle="0" edges="!7283 3692[ 6273 3884 5325 3701"/>
    <Edge fillStyle0="1" fillStyle1="2" strokeStyle="0" edges="!5325 3701[ 6304 3485 7283 3692"/>
  </edges>
</DOMShape>
                                   </elements>
            </DOMFrame>
          </frames>
        </DOMLayer>
        <DOMLayer name="Layer 3">
          <frames>
            <DOMFrame index="0" motionTweenScale="false" keyMode="8192">
              <elements>
<DOMShape isFloating="true">
                                             <fills>
  <FillStyle index="1">
    <SolidColor color="#f4a057"/>
  </FillStyle>
</fills>
                                             <strokes/>
  <edges>
    <Edge fillStyle0="0" fillStyle1="0" strokeStyle="0" edges="!0 0! 0 0"/>
    <Edge fillStyle0="1" fillStyle1="0" strokeStyle="0" edges="!0 0! 6090 3630| 6128 3643[ 6167 3658 6174 3668[ 6185 3683 6168 3760[ 6206 3671 6198 3653[ 6193 3641 6141 3634| 6090 3630"/>
  </edges>
</DOMShape>
                                   </elements>
            </DOMFrame>
          </frames>
        </DOMLayer>
        <DOMLayer name="Layer 4">
          <frames>
            <DOMFrame index="0" motionTweenScale="false" keyMode="8192">
              <elements>
<DOMShape isFloating="true">
                                             <fills>
  <FillStyle index="1">
    <SolidColor color="#f4a057"/>
  </FillStyle>
</fills>
                                             <strokes/>
  <edges>
    <Edge fillStyle0="0" fillStyle1="0" strokeStyle="0" edges="!0 0! 0 0"/>
    <Edge fillStyle0="0" fillStyle1="1" strokeStyle="0" edges="!0 0! 6296 4755| 6336 4727[ 6382 4700 6412 4701[ 6460 4703 6505 4796[ 6442 4740 6410 4734| 6341 4743| 6296 4755"/>
  </edges>
</DOMShape>
                                   </elements>
            </DOMFrame>
          </frames>
        </DOMLayer>
        <DOMLayer name="Layer 5">
          <frames>
            <DOMFrame index="0" motionTweenScale="false" keyMode="8192">
              <elements>
<DOMShape isFloating="true">
                                             <fills>
  <FillStyle index="1">
    <SolidColor color="#f4a057"/>
  </FillStyle>
</fills>
                                             <strokes/>
  <edges>
    <Edge fillStyle0="0" fillStyle1="0" strokeStyle="0" edges="!0 0! 0 0"/>
    <Edge fillStyle0="1" fillStyle1="0" strokeStyle="0" edges="!0 0! 6724 4433| 6756 4426[ 6790 4422 6804 4441[ 6824 4471 6820 4550[ 6853 4449 6823 4422[ 6804 4405 6762 4418| 6724 4433"/>
  </edges>
</DOMShape>
                                   </elements>
            </DOMFrame>
          </frames>
        </DOMLayer>
        <DOMLayer name="Layer 6">
          <frames>
            <DOMFrame index="0" motionTweenScale="false" keyMode="8192">
              <elements>
<DOMShape isFloating="true">
                                             <fills>
  <FillStyle index="1">
    <SolidColor color="#000000"/>
  </FillStyle>
</fills>
                                             <strokes/>
  <edges>
    <Edge fillStyle0="0" fillStyle1="0" strokeStyle="0" edges="!0 0! 0 0"/>
    <Edge fillStyle0="1" fillStyle1="0" strokeStyle="0" edges="!0 0! 7295 4183| 7268 4188| 7293 4236| 7321 4239| 7295 4183"/>
  </edges>
</DOMShape>
                                   </elements>
            </DOMFrame>
          </frames>
        </DOMLayer>
        <DOMLayer name="Layer 7">
          <frames>
            <DOMFrame index="0" motionTweenScale="false" keyMode="8192">
              <elements>
<DOMShape isFloating="true">
                                             <fills>
  <FillStyle index="1">
    <SolidColor color="#000000"/>
  </FillStyle>
</fills>
                                             <strokes/>
  <edges>
    <Edge fillStyle0="0" fillStyle1="0" strokeStyle="0" edges="!0 0! 0 0"/>
    <Edge fillStyle0="1" fillStyle1="0" strokeStyle="0" edges="!0 0! 7371 4168| 7336 4175| 7367 4234| 7403 4238| 7371 4168"/>
  </edges>
</DOMShape>
                                   </elements>
            </DOMFrame>
          </frames>
        </DOMLayer>
        <DOMLayer name="Layer 8">
          <frames>
            <DOMFrame index="0" motionTweenScale="false" keyMode="8192">
              <elements>
<DOMShape isFloating="true">
                                             <fills>
  <FillStyle index="1">
    <SolidColor color="#000000"/>
  </FillStyle>
</fills>
                                             <strokes/>
  <edges>
    <Edge fillStyle0="0" fillStyle1="0" strokeStyle="0" edges="!0 0! 0 0"/>
    <Edge fillStyle0="0" fillStyle1="1" strokeStyle="0" edges="!0 0! 5376 4222| 5404 4226| 5382 4275| 5355 4281| 5376 4222"/>
  </edges>
</DOMShape>
                                   </elements>
            </DOMFrame>
          </frames>
        </DOMLayer>
        <DOMLayer name="Layer 9">
          <frames>
            <DOMFrame index="0" motionTweenScale="false" keyMode="8192">
              <elements>
<DOMShape isFloating="true">
                                             <fills>
  <FillStyle index="1">
    <SolidColor color="#000000"/>
  </FillStyle>
</fills>
                                             <strokes/>
  <edges>
    <Edge fillStyle0="0" fillStyle1="0" strokeStyle="0" edges="!0 0! 0 0"/>
    <Edge fillStyle0="0" fillStyle1="1" strokeStyle="0" edges="!0 0! 5300 4213| 5335 4218| 5308 4279| 5273 4286| 5300 4213"/>
  </edges>
</DOMShape>
                                   </elements>
            </DOMFrame>
          </frames>
        </DOMLayer>
        <DOMLayer name="Layer 10">
          <frames>
            <DOMFrame index="0" motionTweenScale="false" keyMode="8192">
              <elements>
<DOMShape isFloating="true">
                                             <fills>
  <FillStyle index="1">
    <SolidColor color="#000000"/>
  </FillStyle>
</fills>
                                             <strokes/>
  <edges>
    <Edge fillStyle0="0" fillStyle1="0" strokeStyle="0" edges="!0 0! 0 0"/>
    <Edge fillStyle0="1" fillStyle1="0" strokeStyle="0" edges="!0 0! 6597 4608| 6383 4619| 6220 4617[ 6219 4625 6388 4638[ 6562 4652 6613 4638[ 6691 4618 6744 4537[ 6751 4527 6739 4510[ 6727 4492 6722 4496[ 6735 4517 6692 4553[ 6651 4589 6597 4608"/>
  </edges>
</DOMShape>
                                   </elements>
            </DOMFrame>
          </frames>
        </DOMLayer>
        <DOMLayer name="Layer 11">
          <frames>
            <DOMFrame index="0" motionTweenScale="false" keyMode="8192">
              <elements>
<DOMShape isFloating="true">
                                             <fills>
  <FillStyle index="1">
    <SolidColor color="#000000"/>
  </FillStyle>
</fills>
                                             <strokes/>
  <edges>
    <Edge fillStyle0="0" fillStyle1="0" strokeStyle="0" edges="!0 0! 0 0"/>
    <Edge fillStyle0="0" fillStyle1="1" strokeStyle="0" edges="!0 0! 5977 4568| 5961 4522| 5980 4551[ 6002 4582 6026 4591| 6081 4594| 6127 4590[ 6156 4596 6160 4615| 6124 4606| 6076 4614| 6018 4620[ 5996 4615 5977 4568"/>
  </edges>
</DOMShape>
                                   </elements>
            </DOMFrame>
          </frames>
        </DOMLayer>
        <DOMLayer name="Layer 12">
          <frames>
            <DOMFrame index="0" motionTweenScale="false" keyMode="8192">
              <elements>
<DOMShape isFloating="true">
                                             <fills>
  <FillStyle index="1">
    <SolidColor color="#000000"/>
  </FillStyle>
</fills>
                                             <strokes/>
  <edges>
    <Edge fillStyle0="0" fillStyle1="0" strokeStyle="0" edges="!0 0! 0 0"/>
    <Edge fillStyle0="1" fillStyle1="0" strokeStyle="0" edges="!0 0! 6342 4214| 6343 4269| 6389 4328| 6353 4410| 6451 4338| 6342 4214"/>
  </edges>
</DOMShape>
                                   </elements>
            </DOMFrame>
          </frames>
        </DOMLayer>
        <DOMLayer name="Layer 13">
          <frames>
            <DOMFrame index="0" motionTweenScale="false" keyMode="8192">
              <elements>
<DOMShape isFloating="true">
                                             <fills>
  <FillStyle index="1">
    <SolidColor color="#000000"/>
  </FillStyle>
</fills>
                                             <strokes/>
  <edges>
    <Edge fillStyle0="0" fillStyle1="0" strokeStyle="0" edges="!0 0! 0 0"/>
    <Edge fillStyle0="1" fillStyle1="0" strokeStyle="0" edges="!0 0! 5436 3601| 5511 3690[ 5607 3786 5712 3815[ 5824 3846 5958 3831[ 6078 3817 6088 3793[ 6094 3777 6052 3728| 6007 3683[ 6046 3737 6017 3753[ 5925 3805 5754 3760[ 5663 3737 5540 3667| 5436 3601"/>
  </edges>
</DOMShape>
                                   </elements>
            </DOMFrame>
          </frames>
        </DOMLayer>
        <DOMLayer name="Layer 14">
          <frames>
            <DOMFrame index="0" motionTweenScale="false" keyMode="8192">
              <elements>
<DOMShape isFloating="true">
                                             <fills>
  <FillStyle index="1">
    <SolidColor color="#000000"/>
  </FillStyle>
</fills>
                                             <strokes/>
  <edges>
    <Edge fillStyle0="0" fillStyle1="0" strokeStyle="0" edges="!0 0! 0 0"/>
    <Edge fillStyle0="0" fillStyle1="1" strokeStyle="0" edges="!0 0! 5818 4096[ 5819 4128 5809 4152[ 5800 4176 5785 4176[ 5748 4178 5745 4099[ 5742 4020 5779 4019[ 5815 4017 5818 4096"/>
  </edges>
</DOMShape>
                                   </elements>
            </DOMFrame>
          </frames>
        </DOMLayer>
        <DOMLayer name="Layer 15">
          <frames>
            <DOMFrame index="0" motionTweenScale="false" keyMode="8192">
              <elements>
<DOMShape isFloating="true">
                                             <fills>
  <FillStyle index="1">
    <SolidColor color="#000000"/>
  </FillStyle>
</fills>
                                             <strokes/>
  <edges>
    <Edge fillStyle0="0" fillStyle1="0" strokeStyle="0" edges="!0 0! 0 0"/>
    <Edge fillStyle0="0" fillStyle1="1" strokeStyle="0" edges="!0 0! 6906 4094[ 6909 4166 6876 4167[ 6843 4168 6840 4096[ 6837 4024 6870 4023[ 6903 4022 6906 4094"/>
  </edges>
</DOMShape>
                                   </elements>
            </DOMFrame>
          </frames>
        </DOMLayer>
        <DOMLayer name="Layer 16">
          <frames>
            <DOMFrame index="0" motionTweenScale="false" keyMode="8192">
              <elements>
<DOMShape isFloating="true">
                                             <fills>
  <FillStyle index="1">
    <SolidColor color="#000000"/>
  </FillStyle>
</fills>
                                             <strokes/>
  <edges>
    <Edge fillStyle0="0" fillStyle1="0" strokeStyle="0" edges="!0 0! 0 0"/>
    <Edge fillStyle0="1" fillStyle1="0" strokeStyle="0" edges="!0 0! 6555 3749| 6572 3788[ 6600 3829 6651 3841[ 6697 3852 6844 3808[ 7005 3760 7030 3760[ 7102 3758 7229 3829[ 7115 3693 7043 3695[ 7009 3695 6861 3746[ 6713 3796 6670 3797[ 6620 3798 6582 3774| 6555 3749"/>
  </edges>
</DOMShape>
                                   </elements>
            </DOMFrame>
          </frames>
        </DOMLayer>
        <DOMLayer name="Layer 17">
          <frames>
            <DOMFrame index="0" motionTweenScale="false" keyMode="8192">
              <elements>
<DOMShape isFloating="true">
                                             <fills>
  <FillStyle index="1">
    <SolidColor color="#000000"/>
  </FillStyle>
</fills>
                                             <strokes/>
  <edges>
    <Edge fillStyle0="0" fillStyle1="0" strokeStyle="0" edges="!0 0! 0 0"/>
    <Edge fillStyle0="1" fillStyle1="0" strokeStyle="0" edges="!0 0! 7240 2125[ 7233 2194 7057 2470[ 6980 2279 6891 2089[ 6713 1711 6653 1718[ 6670 1800 6473 1954| 6251 1570| 6016 1973| 5945 1886[ 5874 1793 5874 1766[ 5833 1761 5598 2130[ 5480 2315 5369 2501[ 5341 2467 5316 2416[ 5264 2315 5276 2231[ 5193 2251 5111 2683[ 5070 2898 5045 3110[ 4872 3047 4813 2958[ 4799 2973 4824 3126| 4889 3470[ 4992 4004 4976 4155[ 4982 4139 5026 4101| 5068 4066| 4970 3541[ 4908 3233 4872 3122| 4950 3161[ 5023 3193 5101 3216[ 5128 3007 5161 2795[ 5229 2370 5266 2354[ 5251 2455 5399 2661| 5609 2274[ 5822 1884 5842 1881[ 5829 1921 5920 2000| 6014 2071| 6252 1707| 6456 2091[ 6701 1889 6685 1827[ 6713 1825 6878 2232| 7038 2639[ 7269 2310 7262 2233[ 7346 2472 7389 2872[ 7411 3072 7416 3224| 7552 3147[ 7691 3072 7709 3079[ 7615 3157 7576 3637[ 7556 3878 7555 4102| 7610 4205[ 7610 3964 7634 3690[ 7683 3144 7811 2985[ 7769 2949 7617 3017| 7473 3092[ 7454 2870 7415 2639[ 7337 2175 7240 2125"/>
  </edges>
</DOMShape>
                                   </elements>
            </DOMFrame>
          </frames>
        </DOMLayer>
        <DOMLayer name="Layer 18">
          <frames>
            <DOMFrame index="0" motionTweenScale="false" keyMode="8192">
              <elements>
<DOMShape isFloating="true">
                                             <fills>
  <FillStyle index="1">
    <SolidColor color="#000000"/>
  </FillStyle>
</fills>
                                             <strokes/>
  <edges>
    <Edge fillStyle0="0" fillStyle1="0" strokeStyle="0" edges="!0 0! 0 0"/>
    <Edge fillStyle0="0" fillStyle1="1" strokeStyle="0" edges="!0 0! 7295 3370| 7369 3701| 7199 3432| 6986 3587| 6879 3329| 6730 3415| 6911 3187| 7004 3409| 7186 3286| 7295 3370"/>
  </edges>
</DOMShape>
                                   </elements>
            </DOMFrame>
          </frames>
        </DOMLayer>
        <DOMLayer name="Layer 19">
          <frames>
            <DOMFrame index="0" motionTweenScale="false" keyMode="8192">
              <elements>
<DOMShape isFloating="true">
                                             <fills>
  <FillStyle index="1">
    <SolidColor color="#000000"/>
  </FillStyle>
</fills>
                                             <strokes/>
  <edges>
    <Edge fillStyle0="0" fillStyle1="0" strokeStyle="0" edges="!0 0! 0 0"/>
    <Edge fillStyle0="1" fillStyle1="0" strokeStyle="0" edges="!0 0! 5819 3443[ 5937 3325 6064 3209[ 6317 2976 6356 2986[ 6309 3065 6397 3303| 6622 3189| 6709 3317| 6735 3272| 6634 3077| 6475 3176[ 6408 2926 6439 2853[ 6329 2863 5959 3190[ 5775 3353 5617 3509| 5819 3443"/>
  </edges>
</DOMShape>
                                   </elements>
            </DOMFrame>
          </frames>
        </DOMLayer>
        <DOMLayer name="Layer 20">
          <frames>
            <DOMFrame index="0" motionTweenScale="false" keyMode="8192">
              <elements>
<DOMShape isFloating="true">
                                             <fills>
  <FillStyle index="1">
    <SolidColor color="#000000"/>
  </FillStyle>
</fills>
                                             <strokes/>
  <edges>
    <Edge fillStyle0="0" fillStyle1="0" strokeStyle="0" edges="!0 0! 0 0"/>
    <Edge fillStyle0="1" fillStyle1="0" strokeStyle="0" edges="!0 0! 5411 3198[ 5310 3103 5293 3107[ 5290 3375 5184 3832| 5351 3233| 5532 3435| 5683 3097| 5815 3277| 5867 3232| 5686 2961| 5508 3294| 5411 3198"/>
  </edges>
</DOMShape>
                                   </elements>
            </DOMFrame>
          </frames>
        </DOMLayer>
        <DOMLayer name="Layer 21">
          <frames>
            <DOMFrame index="0" motionTweenScale="false" keyMode="8192">
              <elements>
<DOMShape isFloating="true">
                                             <fills>
  <FillStyle index="1">
    <SolidColor color="#000000"/>
  </FillStyle>
</fills>
                                             <strokes/>
  <edges>
    <Edge fillStyle0="0" fillStyle1="0" strokeStyle="0" edges="!0 0! 0 0"/>
    <Edge fillStyle0="0" fillStyle1="1" strokeStyle="0" edges="!0 0! 5167 4058[ 5206 4098 5163 4128[ 5114 4130 5064 4145[ 4966 4175 4970 4239[ 4975 4341 5101 4493[ 5057 4472 5011 4430[ 4920 4348 4911 4248[ 4902 4141 5019 4078[ 5064 4054 5109 4048[ 5153 4043 5167 4058"/>
  </edges>
</DOMShape>
                                   </elements>
            </DOMFrame>
          </frames>
        </DOMLayer>
        <DOMLayer name="Layer 22">
          <frames>
            <DOMFrame index="0" motionTweenScale="false" keyMode="8192">
              <elements>
<DOMShape isFloating="true">
                                             <fills>
  <FillStyle index="1">
    <SolidColor color="#000000"/>
  </FillStyle>
</fills>
                                             <strokes/>
  <edges>
    <Edge fillStyle0="0" fillStyle1="0" strokeStyle="0" edges="!0 0! 0 0"/>
    <Edge fillStyle0="1" fillStyle1="0" strokeStyle="0" edges="!0 0! 7438 4063[ 7427 4077 7445 4091| 7495 4121[ 7579 4169 7581 4225[ 7583 4327 7481 4493[ 7520 4468 7560 4422[ 7638 4330 7639 4230[ 7641 4122 7554 4070[ 7519 4050 7485 4048[ 7452 4046 7438 4063"/>
  </edges>
</DOMShape>
                                   </elements>
            </DOMFrame>
          </frames>
        </DOMLayer>
        <DOMLayer name="Layer 23">
          <frames>
            <DOMFrame index="0" motionTweenScale="false" keyMode="8192">
              <elements>
<DOMShape isFloating="true">
                                             <fills>
  <FillStyle index="1">
    <SolidColor color="#000000"/>
  </FillStyle>
</fills>
                                             <strokes/>
  <edges>
    <Edge fillStyle0="0" fillStyle1="0" strokeStyle="0" edges="!0 0! 0 0"/>
    <Edge fillStyle0="0" fillStyle1="1" strokeStyle="0" edges="!0 0! 7341 3562[ 7396 3773 7436 3965[ 7564 4580 7502 4788[ 7439 5000 6913 5090[ 6735 5121 6526 5133[ 6372 5142 6287 5138[ 5967 5123 5667 5053[ 5148 4931 5093 4701[ 5039 4475 5174 3842[ 5216 3644 5272 3430| 5319 3255| 5219 3888[ 5128 4552 5172 4703[ 5219 4865 5614 4965[ 5929 5044 6299 5054[ 6686 5064 6963 5020[ 7339 4962 7416 4812[ 7488 4673 7398 4018[ 7371 3813 7330 3581| 7295 3390| 7341 3562"/>
  </edges>
</DOMShape>
                                   </elements>
            </DOMFrame>
          </frames>
        </DOMLayer>
        <DOMLayer name="Layer 24">
          <frames>
            <DOMFrame index="0" motionTweenScale="false" keyMode="8192">
              <elements>
<DOMShape isFloating="true">
                                             <fills>
  <FillStyle index="1">
    <SolidColor color="#f4a057"/>
  </FillStyle>
</fills>
                                             <strokes/>
  <edges>
    <Edge fillStyle0="0" fillStyle1="0" strokeStyle="0" edges="!0 0! 0 0"/>
    <Edge fillStyle0="0" fillStyle1="1" strokeStyle="0" edges="!0 0! 5143 4186| 5092 4394[ 5016 4325 5025 4257[ 5030 4215 5087 4197| 5143 4186"/>
  </edges>
</DOMShape>
                                   </elements>
            </DOMFrame>
          </frames>
        </DOMLayer>
        <DOMLayer name="Layer 25">
          <frames>
            <DOMFrame index="0" motionTweenScale="false" keyMode="8192">
              <elements>
<DOMShape isFloating="true">
                                             <fills>
  <FillStyle index="1">
    <SolidColor color="#f4a057"/>
  </FillStyle>
</fills>
                                             <strokes/>
  <edges>
    <Edge fillStyle0="0" fillStyle1="0" strokeStyle="0" edges="!0 0! 0 0"/>
    <Edge fillStyle0="1" fillStyle1="0" strokeStyle="0" edges="!0 0! 7449 4185| 7487 4353[ 7543 4270 7529 4230[ 7520 4205 7483 4193| 7449 4185"/>
  </edges>
</DOMShape>
                                   </elements>
            </DOMFrame>
          </frames>
        </DOMLayer>
        <DOMLayer name="Layer 26">
          <frames>
            <DOMFrame index="0" motionTweenScale="false" keyMode="8192">
              <elements>
<DOMShape isFloating="true">
                                             <fills>
  <FillStyle index="1">
    <SolidColor color="#f4a057"/>
  </FillStyle>
</fills>
                                             <strokes/>
  <edges>
    <Edge fillStyle0="0" fillStyle1="0" strokeStyle="0" edges="!0 0! 0 0"/>
    <Edge fillStyle0="0" fillStyle1="1" strokeStyle="0" edges="!0 0! 6602 3233[ 6554 3250 6502 3274[ 6399 3321 6381 3351[ 6363 3357 6326 3219[ 6289 3082 6297 3054[ 6301 3038 6059 3245| 5816 3456| 5599 3519| 6380 2892| 6412 3241| 6633 3121| 6709 3317| 6602 3233"/>
  </edges>
</DOMShape>
                                   </elements>
            </DOMFrame>
          </frames>
        </DOMLayer>
        <DOMLayer name="Layer 27">
          <frames>
            <DOMFrame index="0" motionTweenScale="false" keyMode="8192">
              <elements>
<DOMShape isFloating="true">
                                             <fills>
  <FillStyle index="1">
    <SolidColor color="#f4a057"/>
  </FillStyle>
</fills>
                                             <strokes/>
  <edges>
    <Edge fillStyle0="0" fillStyle1="0" strokeStyle="0" edges="!0 0! 0 0"/>
    <Edge fillStyle0="1" fillStyle1="0" strokeStyle="0" edges="!0 0! 5521 3319| 5315 3152| 5275 3536| 5371 3283| 5542 3479| 5678 3168| 5811 3274| 5846 3225| 5675 3006| 5521 3319"/>
  </edges>
</DOMShape>
                                   </elements>
            </DOMFrame>
          </frames>
        </DOMLayer>
        <DOMLayer name="Layer 28">
          <frames>
            <DOMFrame index="0" motionTweenScale="false" keyMode="8192">
              <elements>
<DOMShape isFloating="true">
                                             <fills>
  <FillStyle index="1">
    <SolidColor color="#f4a057"/>
  </FillStyle>
</fills>
                                             <strokes/>
  <edges>
    <Edge fillStyle0="0" fillStyle1="0" strokeStyle="0" edges="!0 0! 0 0"/>
    <Edge fillStyle0="0" fillStyle1="1" strokeStyle="0" edges="!0 0! 7345 3584| 7398 3816| 7186 3486| 6959 3635| 6871 3394| 6732 3409| 6914 3262| 6992 3476| 7203 3335| 7345 3584"/>
  </edges>
</DOMShape>
                                   </elements>
            </DOMFrame>
          </frames>
        </DOMLayer>
        <DOMLayer name="Layer 29">
          <frames>
            <DOMFrame index="0" motionTweenScale="false" keyMode="8192">
              <elements>
<DOMShape isFloating="true">
                                             <fills>
  <FillStyle index="1">
    <SolidColor color="#f69c6b"/>
  </FillStyle>
</fills>
                                             <strokes/>
  <edges>
    <Edge fillStyle0="0" fillStyle1="0" strokeStyle="0" edges="!0 0! 0 0"/>
    <Edge fillStyle0="1" fillStyle1="0" strokeStyle="0" edges="!0 0! 6346 4205| 6344 4269| 6433 4358| 6353 4424| 6480 4356| 6346 4205"/>
  </edges>
</DOMShape>
                                   </elements>
            </DOMFrame>
          </frames>
        </DOMLayer>
        <DOMLayer name="Layer 30">
          <frames>
            <DOMFrame index="0" motionTweenScale="false" keyMode="8192">
              <elements>
<DOMShape isFloating="true">
                                             <fills>
  <FillStyle index="1">
    <SolidColor color="#f4a057"/>
  </FillStyle>
</fills>
                                             <strokes/>
  <edges>
    <Edge fillStyle0="0" fillStyle1="0" strokeStyle="0" edges="!0 0! 0 0"/>
    <Edge fillStyle0="0" fillStyle1="1" strokeStyle="0" edges="!0 0! 5246 3665| 7350 3646| 7428 4076[ 6299 4266 5170 4056| 5246 3667| 5246 3665"/>
  </edges>
</DOMShape>
                                   </elements>
            </DOMFrame>
          </frames>
        </DOMLayer>
        <DOMLayer name="Layer 31">
          <frames>
            <DOMFrame index="0" motionTweenScale="false" keyMode="8192">
              <elements>
<DOMShape isFloating="true">
                                             <fills>
  <FillStyle index="1">
    <SolidColor color="#f4a057"/>
  </FillStyle>
</fills>
                                             <strokes/>
  <edges>
    <Edge fillStyle0="0" fillStyle1="0" strokeStyle="0" edges="!0 0! 0 0"/>
    <Edge fillStyle0="1" fillStyle1="0" strokeStyle="0" edges="!0 0! 5298 3363| 5201 3947[ 5109 4546 5133 4622| 5152 4693[ 5161 4722 5172 4740[ 5197 4777 5333 4886[ 5494 5037 6051 5069[ 6330 5085 6576 5070[ 6475 4918 6416 4900[ 6383 4890 6321 4914[ 6244 4943 6208 4945| 6062 4929[ 5937 4907 5814 4870[ 5468 4765 5369 4613[ 5275 4467 5277 3901[ 5278 3724 5288 3526| 5298 3363"/>
  </edges>
</DOMShape>
                                   </elements>
            </DOMFrame>
          </frames>
        </DOMLayer>
        <DOMLayer name="Layer 32">
          <frames>
            <DOMFrame index="0" motionTweenScale="false" keyMode="8192">
              <elements>
<DOMShape isFloating="true">
                                             <fills>
  <FillStyle index="1">
    <SolidColor color="#f4a057"/>
  </FillStyle>
</fills>
                                             <strokes/>
  <edges>
    <Edge fillStyle0="0" fillStyle1="0" strokeStyle="0" edges="!0 0! 0 0"/>
    <Edge fillStyle0="1" fillStyle1="0" strokeStyle="0" edges="!0 0! 7373 4702[ 7162 4958 6389 5002[ 6396 5031 6456 5061| 6563 5065| 6823 5053[ 7232 5010 7442 4835[ 7484 4732 7461 4583| 7438 4492| 7440 4530[ 7439 4622 7373 4702"/>
  </edges>
</DOMShape>
                                   </elements>
            </DOMFrame>
          </frames>
        </DOMLayer>
        <DOMLayer name="Layer 33">
          <frames>
            <DOMFrame index="0" motionTweenScale="false" keyMode="8192">
              <elements>
<DOMShape isFloating="true">
                                             <fills>
  <FillStyle index="1">
    <SolidColor color="#f5be8b"/>
  </FillStyle>
</fills>
                                             <strokes/>
  <edges>
    <Edge fillStyle0="0" fillStyle1="0" strokeStyle="0" edges="!0 0! 0 0"/>
    <Edge fillStyle0="1" fillStyle1="0" strokeStyle="0" edges="!0 0! 7177 3335| 7018 3455| 6900 3264| 6787 3366| 6631 3111| 6454 3204| 6380 2892| 5886 3262| 5692 2998| 5544 3307| 5503 3314| 5338 3157| 5279 3409| 5150 4082[ 5107 4087 5061 4104[ 4968 4139 4951 4197[ 4933 4255 5013 4387[ 5053 4452 5097 4507| 5138 4716| 5164 4772[ 5209 4838 5306 4894[ 5619 5071 6335 5069[ 7051 5068 7331 4917[ 7419 4870 7452 4813| 7468 4767| 7489 4457| 7552 4406[ 7613 4337 7607 4250[ 7601 4163 7520 4116[ 7494 4101 7464 4092| 7439 4087| 7324 3499| 7177 3335"/>
  </edges>
</DOMShape>
                                   </elements>
            </DOMFrame>
          </frames>
        </DOMLayer>
        <DOMLayer name="Layer 34">
          <frames>
            <DOMFrame index="0" motionTweenScale="false" keyMode="8192">
              <elements>
<DOMShape isFloating="true">
                                             <fills>
  <FillStyle index="1">
    <SolidColor color="#210000"/>
  </FillStyle>
</fills>
                                             <strokes/>
  <edges>
    <Edge fillStyle0="0" fillStyle1="0" strokeStyle="0" edges="!0 0! 0 0"/>
    <Edge fillStyle0="0" fillStyle1="1" strokeStyle="0" edges="!0 0! 7465 3394| 7471 4074| 5167 4058| 5048 3463| 5158 3495| 5249 2985| 5475 3221| 5767 2531| 5965 3004| 6240 2351| 6456 2796| 6718 2524| 6985 3149| 7221 2905| 7331 3445| 7465 3394"/>
  </edges>
</DOMShape>
                                   </elements>
            </DOMFrame>
          </frames>
        </DOMLayer>
        <DOMLayer name="Layer 35">
          <frames>
            <DOMFrame index="0" motionTweenScale="false" keyMode="8192">
              <elements>
<DOMShape isFloating="true">
                                             <fills>
  <FillStyle index="1">
    <SolidColor color="#3d0000"/>
  </FillStyle>
</fills>
                                             <strokes/>
  <edges>
    <Edge fillStyle0="0" fillStyle1="0" strokeStyle="0" edges="!0 0! 0 0"/>
    <Edge fillStyle0="1" fillStyle1="0" strokeStyle="0" edges="!0 0! 7144 3236| 7036 3376| 6870 3111| 6763 3283| 6591 3036| 6496 3163| 6449 2834| 5874 3217| 5651 2598| 5482 2949[ 5426 2910 5372 2848[ 5262 2725 5271 2612[ 5217 2610 5140 3339[ 5101 3703 5074 4068| 5153 4041| 5326 3218| 5509 3365| 5663 3107| 5874 3313| 6369 2973| 6442 3257| 6620 3181| 6774 3386| 6901 3310| 7004 3485| 7187 3400| 7313 3587| 7420 4023| 7539 4073| 7573 3927| 7437 3906| 7332 3340| 7144 3236"/>
  </edges>
</DOMShape>
                                   </elements>
            </DOMFrame>
          </frames>
        </DOMLayer>
        <DOMLayer name="Layer 36">
          <frames>
            <DOMFrame index="0" motionTweenScale="false" keyMode="8192">
              <elements>
<DOMShape isFloating="true">
                                             <fills>
  <FillStyle index="1">
    <SolidColor color="#3d0000"/>
  </FillStyle>
</fills>
                                             <strokes/>
  <edges>
    <Edge fillStyle0="0" fillStyle1="0" strokeStyle="0" edges="!0 0! 0 0"/>
    <Edge fillStyle0="0" fillStyle1="1" strokeStyle="0" edges="!0 0! 7554 3268| 7515 3950| 7429 3914| 7341 3397| 7554 3268"/>
  </edges>
</DOMShape>
                                   </elements>
            </DOMFrame>
          </frames>
        </DOMLayer>
        <DOMLayer name="Layer 37">
          <frames>
            <DOMFrame index="0" motionTweenScale="false" keyMode="8192">
              <elements>
<DOMShape isFloating="true">
                                             <fills>
  <FillStyle index="1">
    <SolidColor color="#3d0000"/>
  </FillStyle>
</fills>
                                             <strokes/>
  <edges>
    <Edge fillStyle0="0" fillStyle1="0" strokeStyle="0" edges="!0 0! 0 0"/>
    <Edge fillStyle0="1" fillStyle1="0" strokeStyle="0" edges="!0 0! 7262 2566[ 7179 2826 6865 3274| 7074 3426| 7369 3409[ 7310 2579 7262 2566"/>
  </edges>
</DOMShape>
                                   </elements>
            </DOMFrame>
          </frames>
        </DOMLayer>
        <DOMLayer name="Layer 38">
          <frames>
            <DOMFrame index="0" motionTweenScale="false" keyMode="8192">
              <elements>
<DOMShape isFloating="true">
                                             <fills>
  <FillStyle index="1">
    <SolidColor color="#3d0000"/>
  </FillStyle>
</fills>
                                             <strokes/>
  <edges>
    <Edge fillStyle0="0" fillStyle1="0" strokeStyle="0" edges="!0 0! 0 0"/>
    <Edge fillStyle0="0" fillStyle1="1" strokeStyle="0" edges="!0 0! 5848 2168[ 5795 2314 6004 2685[ 6108 2871 6223 3027| 5892 3219| 5663 3092| 5556 3269| 5441 3183[ 5509 2958 5593 2718[ 5762 2239 5848 2168"/>
  </edges>
</DOMShape>
                                   </elements>
            </DOMFrame>
          </frames>
        </DOMLayer>
        <DOMLayer name="Layer 39">
          <frames>
            <DOMFrame index="0" motionTweenScale="false" keyMode="8192">
              <elements>
<DOMShape isFloating="true">
                                             <fills>
  <FillStyle index="1">
    <SolidColor color="#3d0000"/>
  </FillStyle>
</fills>
                                             <strokes/>
  <edges>
    <Edge fillStyle0="0" fillStyle1="0" strokeStyle="0" edges="!0 0! 0 0"/>
    <Edge fillStyle0="0" fillStyle1="1" strokeStyle="0" edges="!0 0! 6420 3212| 5943 2876| 6242 1993| 6599 3116| 6420 3212"/>
  </edges>
</DOMShape>
                                   </elements>
            </DOMFrame>
          </frames>
        </DOMLayer>
        <DOMLayer name="Layer 40">
          <frames>
            <DOMFrame index="0" motionTweenScale="false" keyMode="8192">
              <elements>
<DOMShape isFloating="true">
                                             <fills>
  <FillStyle index="1">
    <SolidColor color="#3d0000"/>
  </FillStyle>
</fills>
                                             <strokes/>
  <edges>
    <Edge fillStyle0="0" fillStyle1="0" strokeStyle="0" edges="!0 0! 0 0"/>
    <Edge fillStyle0="0" fillStyle1="1" strokeStyle="0" edges="!0 0! 6914 2699[ 6991 2969 7053 3235| 6747 3329| 6351 2881[ 6443 2751 6531 2593[ 6709 2277 6690 2137[ 6761 2158 6914 2699"/>
  </edges>
</DOMShape>
                                   </elements>
            </DOMFrame>
          </frames>
        </DOMLayer>
        <DOMLayer name="Layer 41">
          <frames>
            <DOMFrame index="0" motionTweenScale="false" keyMode="8192">
              <elements>
<DOMShape isFloating="true">
                                             <fills>
  <FillStyle index="1">
    <SolidColor color="#3d0000"/>
  </FillStyle>
</fills>
                                             <strokes/>
  <edges>
    <Edge fillStyle0="0" fillStyle1="0" strokeStyle="0" edges="!0 0! 0 0"/>
    <Edge fillStyle0="0" fillStyle1="1" strokeStyle="0" edges="!0 0! 5197 3455| 5111 3991| 4982 3347| 5197 3455"/>
  </edges>
</DOMShape>
                                   </elements>
            </DOMFrame>
          </frames>
        </DOMLayer>
        <DOMLayer name="Layer 42">
          <frames>
            <DOMFrame index="0" motionTweenScale="false" keyMode="8192">
              <elements>
<DOMShape isFloating="true">
                                             <fills>
  <FillStyle index="1">
    <SolidColor color="#7f0000"/>
  </FillStyle>
</fills>
                                             <strokes/>
  <edges>
    <Edge fillStyle0="0" fillStyle1="0" strokeStyle="0" edges="!5855 5720! 0 0"/>
    <Edge fillStyle0="0" fillStyle1="1" strokeStyle="0" edges="!0 0! 7393 2681[ 7425 2909 7443 3132[ 7781 3014 7747 3041[ 7671 3099 7620 3620[ 7595 3881 7584 4130| 5018 4109| 4852 3063| 5066 3185| 5244 2289| 5396 2572| 5836 1839| 6011 2011| 6273 1645| 6472 1994| 6691 1784| 7058 2539| 7139 2374[ 7228 2208 7264 2200[ 7330 2224 7393 2681"/>
  </edges>
</DOMShape>
                                   </elements>
            </DOMFrame>
          </frames>
        </DOMLayer>
        <DOMLayer name="Layer 43">
          <frames>
            <DOMFrame index="0" motionTweenScale="false" keyMode="8192">
              <elements>
<DOMShape isFloating="true">
                                             <fills>
  <FillStyle index="1">
    <SolidColor color="#000000"/>
  </FillStyle>
</fills>
                                             <strokes/>
  <edges>
    <Edge fillStyle0="0" fillStyle1="0" strokeStyle="0" edges="!0 0! 0 0"/>
    <Edge fillStyle0="1" fillStyle1="0" strokeStyle="0" edges="!0 0! 5855 5720[ 5796 5763 5747 5748[ 5703 5734 5678 5685[ 5641 5613 5680 5498[ 5713 5400 5943 5229[ 6170 5073 6179 5067| 6066 5234[ 5952 5422 5948 5527[ 5942 5660 5855 5720"/>
    <Edge fillStyle0="1" fillStyle1="0" strokeStyle="0" edges="!5855 5720! 5905 5526[ 5909 5411 6030 5243| 6149 5097| 5952 5252[ 5751 5422 5721 5511[ 5688 5611 5716 5666[ 5732 5698 5761 5707[ 5787 5716 5831 5685[ 5900 5636 5905 5526"/>
  </edges>
</DOMShape>
                                   </elements>
            </DOMFrame>
          </frames>
        </DOMLayer>
        <DOMLayer name="Layer 44">
          <frames>
            <DOMFrame index="0" motionTweenScale="false" keyMode="8192">
              <elements>
<DOMShape isFloating="true">
                                             <fills>
  <FillStyle index="1">
    <SolidColor color="#f4a057"/>
  </FillStyle>
</fills>
                                             <strokes/>
  <edges>
    <Edge fillStyle0="0" fillStyle1="0" strokeStyle="0" edges="!0 0! 0 0"/>
    <Edge fillStyle0="1" fillStyle1="0" strokeStyle="0" edges="!0 0! 6061 5185| 5961 5298[ 5855 5419 5830 5464[ 5809 5503 5819 5544[ 5831 5590 5818 5626[ 5790 5703 5713 5719| 5677 5534| 5778 5380| 6033 5169| 6065 5157| 6061 5185"/>
  </edges>
</DOMShape>
                                   </elements>
            </DOMFrame>
          </frames>
        </DOMLayer>
        <DOMLayer name="Layer 45">
          <frames>
            <DOMFrame index="0" motionTweenScale="false" keyMode="8192">
              <elements>
<DOMShape isFloating="true">
                                             <fills>
  <FillStyle index="1">
    <SolidColor color="#f5c4a0"/>
  </FillStyle>
</fills>
                                             <strokes/>
  <edges>
    <Edge fillStyle0="0" fillStyle1="0" strokeStyle="0" edges="!6955 5634! 0 0"/>
    <Edge fillStyle0="0" fillStyle1="1" strokeStyle="0" edges="!0 0! 6050 5233| 6169 5072| 5954 5231[ 5733 5410 5701 5505[ 5667 5604 5693 5668[ 5713 5714 5754 5727[ 5797 5741 5852 5696[ 5922 5639 5927 5527[ 5931 5416 6050 5233"/>
  </edges>
</DOMShape>
                                   </elements>
            </DOMFrame>
          </frames>
        </DOMLayer>
        <DOMLayer name="Layer 46">
          <frames>
            <DOMFrame index="0" motionTweenScale="false" keyMode="8192">
              <elements>
<DOMShape isFloating="true">
                                             <fills>
  <FillStyle index="1">
    <SolidColor color="#000000"/>
  </FillStyle>
</fills>
                                             <strokes/>
  <edges>
    <Edge fillStyle0="0" fillStyle1="0" strokeStyle="0" edges="!0 0! 0 0"/>
    <Edge fillStyle0="1" fillStyle1="0" strokeStyle="0" edges="!0 0! 6955 5634[ 7024 5659 7067 5632[ 7107 5607 7117 5554[ 7135 5474 7066 5373[ 7009 5288 6744 5182| 6474 5087| 6626 5219[ 6785 5371 6816 5472[ 6857 5598 6955 5634"/>
    <Edge fillStyle0="1" fillStyle1="0" strokeStyle="0" edges="!6955 5634! 6858 5459[ 6824 5350 6663 5218| 6511 5109| 6741 5207[ 6979 5319 7031 5397[ 7089 5484 7076 5546[ 7068 5581 7044 5596| 6970 5593[ 6890 5564 6858 5459"/>
  </edges>
</DOMShape>
                                   </elements>
            </DOMFrame>
          </frames>
        </DOMLayer>
        <DOMLayer name="Layer 47">
          <frames>
            <DOMFrame index="0" motionTweenScale="false" keyMode="8192">
              <elements>
<DOMShape isFloating="true">
                                             <fills>
  <FillStyle index="1">
    <SolidColor color="#f4a057"/>
  </FillStyle>
</fills>
                                             <strokes/>
  <edges>
    <Edge fillStyle0="0" fillStyle1="0" strokeStyle="0" edges="!0 0! 0 0"/>
    <Edge fillStyle0="1" fillStyle1="0" strokeStyle="0" edges="!0 0! 6619 5171| 6745 5253[ 6878 5344 6914 5380[ 6944 5412 6945 5454[ 6945 5502 6967 5533[ 7015 5601 7093 5596| 7080 5408| 6942 5285| 6642 5148| 6608 5145| 6619 5171"/>
  </edges>
</DOMShape>
                                   </elements>
            </DOMFrame>
          </frames>
        </DOMLayer>
        <DOMLayer name="Layer 48">
          <frames>
            <DOMFrame index="0" motionTweenScale="false" keyMode="8192">
              <elements>
<DOMShape isFloating="true">
                                             <fills>
  <FillStyle index="1">
    <SolidColor color="#f5c4a0"/>
  </FillStyle>
</fills>
                                             <strokes/>
  <edges>
    <Edge fillStyle0="0" fillStyle1="0" strokeStyle="0" edges="!0 0! 0 0"/>
    <Edge fillStyle0="0" fillStyle1="1" strokeStyle="0" edges="!0 0! 6641 5214| 6485 5089| 6734 5187[ 6993 5303 7049 5386[ 7107 5473 7099 5541[ 7091 5591 7055 5615[ 7017 5639 6952 5610[ 6870 5573 6837 5465[ 6803 5359 6641 5214"/>
  </edges>
</DOMShape>
                                   </elements>
            </DOMFrame>
          </frames>
        </DOMLayer>
        <DOMLayer name="Layer 49">
          <frames>
            <DOMFrame index="0" motionTweenScale="false" keyMode="8192">
              <elements>
<DOMShape isFloating="true">
                                             <fills>
  <FillStyle index="1">
    <SolidColor color="#000000"/>
  </FillStyle>
</fills>
                                             <strokes/>
  <edges>
    <Edge fillStyle0="0" fillStyle1="0" strokeStyle="0" edges="!0 0! 0 0"/>
    <Edge fillStyle0="0" fillStyle1="1" strokeStyle="0" edges="!0 0! 6450 5173[ 6466 5155 6475 5133| 6482 5113| 6531 5134| 6520 5155| 6483 5201[ 6413 5267 6309 5264[ 6205 5261 6144 5191[ 6125 5170 6113 5144| 6105 5123| 6155 5110| 6160 5128[ 6168 5150 6182 5169[ 6226 5227 6314 5230[ 6401 5233 6450 5173"/>
  </edges>
</DOMShape>
                                   </elements>
            </DOMFrame>
          </frames>
        </DOMLayer>
        <DOMLayer name="Layer 50">
          <frames>
            <DOMFrame index="0" motionTweenScale="false" keyMode="8192">
              <elements>
<DOMShape isFloating="true">
                                             <fills>
  <FillStyle index="1">
    <SolidColor color="#000000"/>
  </FillStyle>
</fills>
                                             <strokes/>
  <edges>
    <Edge fillStyle0="0" fillStyle1="0" strokeStyle="0" edges="!0 0! 0 0"/>
    <Edge fillStyle0="0" fillStyle1="1" strokeStyle="0" edges="!0 0! 6076 5088| 6036 5332[ 6001 5583 6027 5613[ 6077 5671 6340 5687[ 6545 5698 6588 5623[ 6607 5589 6534 5112| 6557 5096[ 6651 5616 6644 5655[ 6637 5689 6561 5714[ 6471 5744 6340 5737[ 5999 5719 5968 5645[ 5951 5606 6000 5337| 6053 5076| 6076 5088"/>
  </edges>
</DOMShape>
                                   </elements>
            </DOMFrame>
          </frames>
        </DOMLayer>
        <DOMLayer name="Layer 51">
          <frames>
            <DOMFrame index="0" motionTweenScale="false" keyMode="8192">
              <elements>
<DOMShape isFloating="true">
                                             <fills>
  <FillStyle index="1">
    <SolidColor color="#f4a057"/>
  </FillStyle>
</fills>
                                             <strokes/>
  <edges>
    <Edge fillStyle0="0" fillStyle1="0" strokeStyle="0" edges="!0 0! 0 0"/>
    <Edge fillStyle0="0" fillStyle1="1" strokeStyle="0" edges="!0 0! 6494 5131| 6487 5149| 6461 5190[ 6412 5250 6323 5254[ 6234 5258 6175 5183| 6143 5131| 6134 5107| 6494 5131"/>
  </edges>
</DOMShape>
                                   </elements>
            </DOMFrame>
          </frames>
        </DOMLayer>
        <DOMLayer name="Layer 52">
          <frames>
            <DOMFrame index="0" motionTweenScale="false" keyMode="8192">
              <elements>
<DOMShape isFloating="true">
                                             <fills>
  <FillStyle index="1">
    <SolidColor color="#7f0000"/>
  </FillStyle>
</fills>
                                             <strokes/>
  <edges>
    <Edge fillStyle0="0" fillStyle1="0" strokeStyle="0" edges="!0 0! 0 0"/>
    <Edge fillStyle0="0" fillStyle1="1" strokeStyle="0" edges="!0 0! 6303 5413[ 6285 5440 6302 5471[ 6317 5501 6303 5519[ 6289 5537 6262 5527[ 6244 5520 6244 5548[ 6244 5577 6281 5570[ 6331 5562 6354 5582[ 6401 5625 6384 5714| 6053 5688| 5982 5623| 6045 5129| 6134 5107| 6456 5193| 6303 5413"/>
  </edges>
</DOMShape>
                                   </elements>
            </DOMFrame>
          </frames>
        </DOMLayer>
        <DOMLayer name="Layer 53">
          <frames>
            <DOMFrame index="0" motionTweenScale="false" keyMode="8192">
              <elements>
<DOMShape isFloating="true">
                                             <fills>
  <FillStyle index="1">
    <SolidColor color="#bf0000"/>
  </FillStyle>
</fills>
                                             <strokes/>
  <edges>
    <Edge fillStyle0="0" fillStyle1="0" strokeStyle="0" edges="!6101 6197! 0 0"/>
    <Edge fillStyle0="0" fillStyle1="1" strokeStyle="0" edges="!0 0! 5982 5623| 6055 5084| 6557 5105| 6612 5667| 6294 5721| 5982 5623"/>
  </edges>
</DOMShape>
                                   </elements>
            </DOMFrame>
          </frames>
        </DOMLayer>
        <DOMLayer name="Layer 54">
          <frames>
            <DOMFrame index="0" motionTweenScale="false" keyMode="8192">
              <elements>
<DOMShape isFloating="true">
                                             <fills>
  <FillStyle index="1">
    <SolidColor color="#000000"/>
  </FillStyle>
</fills>
                                             <strokes/>
  <edges>
    <Edge fillStyle0="0" fillStyle1="0" strokeStyle="0" edges="!0 0! 0 0"/>
    <Edge fillStyle0="1" fillStyle1="0" strokeStyle="0" edges="!0 0! 6101 6197[ 6227 6196 6251 6178| 6251 6179| 6253 6177| 6251 6178[ 6260 6164 6263 6135[ 6266 6097 6251 6067[ 6222 6008 6122 6002[ 6017 5996 5973 6063[ 5953 6093 5950 6132[ 5946 6165 5955 6181[ 5974 6198 6101 6197"/>
    <Edge fillStyle0="1" fillStyle1="0" strokeStyle="0" edges="!6101 6197! 5942 6043[ 5998 5958 6124 5965[ 6245 5971 6285 6051[ 6304 6090 6300 6138[ 6297 6178 6283 6199[ 6267 6223 6171 6231[ 6100 6238 6034 6234[ 5936 6227 5921 6197[ 5909 6172 5913 6130[ 5917 6081 5942 6043"/>
  </edges>
</DOMShape>
                                   </elements>
            </DOMFrame>
          </frames>
        </DOMLayer>
        <DOMLayer name="Layer 55">
          <frames>
            <DOMFrame index="0" motionTweenScale="false" keyMode="8192">
              <elements>
<DOMShape isFloating="true">
                                             <fills>
  <FillStyle index="1">
    <SolidColor color="#301900"/>
  </FillStyle>
</fills>
                                             <strokes/>
  <edges>
    <Edge fillStyle0="0" fillStyle1="0" strokeStyle="0" edges="!0 0! 0 0"/>
    <Edge fillStyle0="0" fillStyle1="1" strokeStyle="0" edges="!0 0! 5936 6209| 6147 6231| 6264 6196| 6277 6079| 6231 6115[ 6175 6152 6122 6158[ 6037 6168 5943 6106| 5936 6209"/>
  </edges>
</DOMShape>
                                   </elements>
            </DOMFrame>
          </frames>
        </DOMLayer>
        <DOMLayer name="Layer 56">
          <frames>
            <DOMFrame index="0" motionTweenScale="false" keyMode="8192">
              <elements>
<DOMShape isFloating="true">
                                             <fills>
  <FillStyle index="1">
    <SolidColor color="#7a510a"/>
  </FillStyle>
</fills>
                                             <strokes/>
  <edges>
    <Edge fillStyle0="0" fillStyle1="0" strokeStyle="0" edges="!5986 5665! 0 0"/>
    <Edge fillStyle0="1" fillStyle1="0" strokeStyle="0" edges="!0 0! 5950 6067[ 5996 5977 6123 5983[ 6249 5990 6276 6079[ 6297 6146 6267 6189[ 6251 6214 6103 6216[ 5953 6218 5938 6189[ 5913 6138 5950 6067"/>
  </edges>
</DOMShape>
                                   </elements>
            </DOMFrame>
          </frames>
        </DOMLayer>
        <DOMLayer name="Layer 57">
          <frames>
            <DOMFrame index="0" motionTweenScale="false" keyMode="8192">
              <elements>
<DOMShape isFloating="true">
                                             <fills>
  <FillStyle index="1">
    <SolidColor color="#000000"/>
  </FillStyle>
</fills>
                                             <strokes/>
  <edges>
    <Edge fillStyle0="0" fillStyle1="0" strokeStyle="0" edges="!0 0! 0 0"/>
    <Edge fillStyle0="1" fillStyle1="0" strokeStyle="0" edges="!0 0! 5986 5665| 6602 5646| 6606 5661| 6624 5742[ 6636 5800 6635 5838[ 6635 5875 6491 5873[ 6348 5871 6317 5963| 6311 5984[ 6308 6034 6296 6054[ 6280 6081 6131 6080[ 5946 6079 5928 6050[ 5911 6024 5982 5680| 5986 5665"/>
    <Edge fillStyle0="1" fillStyle1="0" strokeStyle="0" edges="!5986 5665! 6323 5823| 6476 5833[ 6603 5828 6586 5814[ 6610 5795 6595 5774[ 6580 5753 6571 5687| 6019 5704[ 5962 5978 5963 6027| 6110 6039| 6264 6029| 6262 6032| 6265 6029| 6264 6029[ 6275 6003 6269 5885| 6269 5884| 6296 5853[ 6322 5825 6327 5828| 6323 5823"/>
  </edges>
</DOMShape>
                                   </elements>
            </DOMFrame>
          </frames>
        </DOMLayer>
        <DOMLayer name="Layer 58">
          <frames>
            <DOMFrame index="0" motionTweenScale="false" keyMode="8192">
              <elements>
<DOMShape isFloating="true">
                                             <fills>
  <FillStyle index="1">
    <SolidColor color="#d8e4e9"/>
  </FillStyle>
</fills>
                                             <strokes/>
  <edges>
    <Edge fillStyle0="0" fillStyle1="0" strokeStyle="0" edges="!0 0! 0 0"/>
    <Edge fillStyle0="0" fillStyle1="1" strokeStyle="0" edges="!0 0! 6368 5839| 6297 5796| 6247 5845| 6246 5896| 6226 5982| 6240 6041| 6282 6044| 6315 5860| 6368 5839"/>
  </edges>
</DOMShape>
                                   </elements>
            </DOMFrame>
          </frames>
        </DOMLayer>
        <DOMLayer name="Layer 59">
          <frames>
            <DOMFrame index="0" motionTweenScale="false" keyMode="8192">
              <elements>
<DOMShape isFloating="true">
                                             <fills>
  <FillStyle index="1">
    <SolidColor color="#d8e4e9"/>
  </FillStyle>
</fills>
                                             <strokes/>
  <edges>
    <Edge fillStyle0="0" fillStyle1="0" strokeStyle="0" edges="!0 0! 0 0"/>
    <Edge fillStyle0="0" fillStyle1="1" strokeStyle="0" edges="!0 0! 5998 5747| 6034 5732[ 6013 5747 6037 5775[ 6053 5793 6087 5780| 6119 5764[ 6112 5825 6137 5821[ 6146 5819 6158 5791[ 6171 5766 6196 5768[ 6221 5770 6224 5782[ 6228 5796 6246 5800[ 6270 5804 6281 5791| 6288 5778| 6317 5803| 6296 5828| 6338 5788| 6596 5784[ 6621 5750 6617 5714[ 6616 5699 6595 5700[ 6583 5700 6578 5691| 6610 5690[ 6575 5619 6575 5672[ 6575 5684 6578 5691| 6020 5698| 5998 5747"/>
  </edges>
</DOMShape>
                                   </elements>
            </DOMFrame>
          </frames>
        </DOMLayer>
        <DOMLayer name="Layer 60">
          <frames>
            <DOMFrame index="0" motionTweenScale="false" keyMode="8192">
              <elements>
<DOMShape isFloating="true">
                                             <fills>
  <FillStyle index="1">
    <SolidColor color="#ffffff"/>
  </FillStyle>
</fills>
                                             <strokes/>
  <edges>
    <Edge fillStyle0="0" fillStyle1="0" strokeStyle="0" edges="!6370 5942! 0 0"/>
    <Edge fillStyle0="1" fillStyle1="0" strokeStyle="0" edges="!0 0! 6002 5685| 6586 5666[ 6681 5794 6640 5819[ 6618 5832 6563 5840| 6462 5853[ 6329 5870 6303 5923[ 6293 5943 6289 5883| 6290 5953[ 6290 6026 6279 6043[ 6266 6062 6110 6059[ 5955 6056 5945 6040[ 5932 6019 6002 5685"/>
  </edges>
</DOMShape>
                                   </elements>
            </DOMFrame>
          </frames>
        </DOMLayer>
        <DOMLayer name="Layer 61">
          <frames>
            <DOMFrame index="0" motionTweenScale="false" keyMode="8192">
              <elements>
<DOMShape isFloating="true">
                                             <fills>
  <FillStyle index="1">
    <SolidColor color="#000000"/>
  </FillStyle>
</fills>
                                             <strokes/>
  <edges>
    <Edge fillStyle0="0" fillStyle1="0" strokeStyle="0" edges="!0 0! 0 0"/>
    <Edge fillStyle0="1" fillStyle1="0" strokeStyle="0" edges="!0 0! 6370 5942[ 6383 5955 6478 5954[ 6571 5953 6590 5940| 6599 5908[ 6601 5879 6590 5858[ 6568 5813 6494 5809[ 6416 5806 6383 5855[ 6369 5877 6366 5905[ 6364 5929 6370 5942"/>
    <Edge fillStyle0="1" fillStyle1="0" strokeStyle="0" edges="!6370 5942! 6339 5904[ 6342 5868 6361 5839[ 6402 5776 6495 5782[ 6585 5786 6614 5845[ 6629 5874 6626 5910[ 6624 5940 6613 5955[ 6601 5973 6530 5980| 6429 5981[ 6357 5976 6345 5955[ 6336 5936 6339 5904"/>
  </edges>
</DOMShape>
                                   </elements>
            </DOMFrame>
          </frames>
        </DOMLayer>
        <DOMLayer name="Layer 62">
          <frames>
            <DOMFrame index="0" motionTweenScale="false" keyMode="8192">
              <elements>
<DOMShape isFloating="true">
                                             <fills>
  <FillStyle index="1">
    <SolidColor color="#301900"/>
  </FillStyle>
</fills>
                                             <strokes/>
  <edges>
    <Edge fillStyle0="0" fillStyle1="0" strokeStyle="0" edges="!0 0! 0 0"/>
    <Edge fillStyle0="0" fillStyle1="1" strokeStyle="0" edges="!0 0! 6609 5866[ 6557 5918 6494 5925[ 6431 5932 6361 5886| 6356 5963| 6512 5980| 6599 5953| 6609 5866"/>
  </edges>
</DOMShape>
                                   </elements>
            </DOMFrame>
          </frames>
        </DOMLayer>
        <DOMLayer name="Layer 63">
          <frames>
            <DOMFrame index="0" motionTweenScale="false" keyMode="8192">
              <elements>
                                        <DOMShape isFloating="true">
                                             <fills>
  <FillStyle index="1">
    <SolidColor color="#7a510a"/>
  </FillStyle>
</fills>
                                             <strokes/>
  <edges>
    <Edge fillStyle0="1" edges="!0 0! 6601 5948[ 6589 5966 6479 5968[ 6368 5970 6357 5948[ 6338 5910 6366 5857[ 6400 5790 6495 5796[ 6587 5800 6608 5866[ 6623 5916 6601 5948"/>
  </edges>
</DOMShape>
                                   </elements>
            </DOMFrame>
          </frames>
        </DOMLayer>
      </layers>
    </DOMTimeline>
  </timeline>
</DOMSymbolItem>
