<DOMSymbolItem xmlns="http://ns.adobe.com/xfl/2008/" xmlns:xsi="http://www.w3.org/2001/XMLSchema-instance" name="Symbol 72" lastModified="1635072455" symbolType="graphic">
  <timeline>
    <DOMTimeline name="Symbol 72" currentFrame="0">
      <layers>
        <DOMLayer name="Layer 1">
          <frames>
            <DOMFrame index="0" motionTweenScale="false" keyMode="8192">
              <elements>
                                        <DOMShape isFloating="true">
                                             <fills>
  <FillStyle index="1">
    <SolidColor color="#ffffff"/>
  </FillStyle>
</fills>
                                             <strokes/>
  <edges>
    <Edge fillStyle0="1" edges="!0 0! 6450 -6557[ 9511 -6558 11686 -4383[ 13860 -2209 13860 853[ 13860 3914 11686 6088[ 9511 8262 6450 8263[ 3388 8262 1214 6088[ -960 3914 -960 853[ -960 -2209 1214 -4383[ 3388 -6558 6450 -6557"/>
    <Edge fillStyle0="0" fillStyle1="1" edges="!6450 -6557! 6431 -7687[ 9951 -7688 12451 -5188[ 14950 -2688 14951 832[ 14950 4352 12451 6852[ 9951 9351 6431 9351[ 2911 9351 412 6852[ -2088 4352 -2088 832[ -2088 -2688 412 -5188[ 2911 -7688 6431 -7687"/>
  </edges>
</DOMShape>
                                   </elements>
            </DOMFrame>
          </frames>
        </DOMLayer>
      </layers>
    </DOMTimeline>
  </timeline>
</DOMSymbolItem>
