<DOMSymbolItem xmlns="http://ns.adobe.com/xfl/2008/" xmlns:xsi="http://www.w3.org/2001/XMLSchema-instance" name="Symbol 48" lastModified="1635072455">
  <timeline>
    <DOMTimeline name="Symbol 48">
      <layers>
        <DOMLayer name="Script Layer" color="#ed9889">
          <frames>
            <DOMFrame index="0" keyMode="9728">
              <Actionscript>
                <script><![CDATA[stop();
]]></script>
              </Actionscript>
              <elements/>
            </DOMFrame>
            <DOMFrame index="1" keyMode="9728">
              <Actionscript>
                <script><![CDATA[stop();
]]></script>
              </Actionscript>
              <elements/>
            </DOMFrame>
          </frames>
        </DOMLayer>
                    <DOMLayer name="Layer 2" color="#de12b9" current="true" isSelected="true">
                         <frames>
                              <DOMFrame index="0" keyMode="9728">
  <elements>
                                        <DOMSymbolInstance libraryItemName="Symbol 46" centerPoint3DX="110.2" centerPoint3DY="108.4">
  <matrix>
    <Matrix tx="13.3" ty="8.15"/>
  </matrix>
  <transformationPoint>
    <Point/>
  </transformationPoint>
</DOMSymbolInstance>
                                   </elements>
</DOMFrame>
<DOMFrame index="1" keyMode="9728">
  <elements>
                                        <DOMSymbolInstance libraryItemName="Symbol 47" centerPoint3DX="215.1" centerPoint3DY="209.95">
  <matrix>
    <Matrix tx="13.3" ty="8.15"/>
  </matrix>
  <transformationPoint>
    <Point/>
  </transformationPoint>
</DOMSymbolInstance>
                                   </elements>
</DOMFrame>
                         </frames>
                    </DOMLayer>
      </layers>
    </DOMTimeline>
  </timeline>
</DOMSymbolItem>
