<DOMSymbolItem xmlns="http://ns.adobe.com/xfl/2008/" xmlns:xsi="http://www.w3.org/2001/XMLSchema-instance" name="Symbol 161" lastModified="1635072455" symbolType="graphic">
  <timeline>
    <DOMTimeline name="Symbol 161" currentFrame="0">
      <layers>
        <DOMLayer name="Layer 1">
          <frames>
            <DOMFrame index="0" motionTweenScale="false" keyMode="8192">
              <elements>
<DOMShape isFloating="true">
                                             <fills>
  <FillStyle index="1">
    <SolidColor color="#000000" alpha="1.0"/>
  </FillStyle>
</fills>
                                             <strokes/>
  <edges>
    <Edge fillStyle0="0" fillStyle1="0" strokeStyle="0" edges="!0 0! 0 0"/>
    <Edge fillStyle0="0" fillStyle1="1" strokeStyle="0" edges="!0 0! 4552 4212| 4770 4176| 4772 4147| 4558 4121| 4592 4144| 4526 4171| 4592 4176| 4552 4212"/>
  </edges>
</DOMShape>
                                   </elements>
            </DOMFrame>
          </frames>
        </DOMLayer>
        <DOMLayer name="Layer 2">
          <frames>
            <DOMFrame index="0" motionTweenScale="false" keyMode="8192">
              <elements>
<DOMShape isFloating="true">
                                             <fills>
  <FillStyle index="1">
    <SolidColor color="#000000" alpha="1.0"/>
  </FillStyle>
</fills>
                                             <strokes/>
  <edges>
    <Edge fillStyle0="0" fillStyle1="0" strokeStyle="0" edges="!0 0! 0 0"/>
    <Edge fillStyle0="0" fillStyle1="1" strokeStyle="0" edges="!0 0! 5756 4212| 5538 4176| 5536 4147| 5750 4121| 5716 4144| 5782 4171| 5716 4176| 5756 4212"/>
  </edges>
</DOMShape>
                                   </elements>
            </DOMFrame>
          </frames>
        </DOMLayer>
        <DOMLayer name="Layer 3">
          <frames>
            <DOMFrame index="0" motionTweenScale="false" keyMode="8192">
              <elements>
<DOMShape isFloating="true">
                                             <fills>
  <FillStyle index="1">
    <SolidColor color="#999999" alpha="0.5019608"/>
  </FillStyle>
</fills>
                                             <strokes/>
  <edges>
    <Edge fillStyle0="0" fillStyle1="0" strokeStyle="0" edges="!0 0! 0 0"/>
    <Edge fillStyle0="0" fillStyle1="1" strokeStyle="0" edges="!0 0! 2961 3705[ 2913 3492 3029 3306[ 3146 3121 3360 3073[ 3573 3024 3758 3141[ 3813 3175 3856 3217[ 3904 3195 3959 3182[ 4147 3139 4310 3241[ 4474 3345 4516 3533[ 4559 3721 4456 3883[ 4431 3925 4400 3959| 4402 3969[ 4416 4029 4406 4085[ 4451 4077 4492 4103[ 4537 4132 4549 4183[ 4560 4235 4532 4279[ 4504 4325 4453 4336[ 4401 4348 4356 4319[ 4319 4296 4305 4257[ 4253 4300 4184 4315[ 4067 4342 3965 4278[ 3921 4250 3891 4211| 3828 4209| 3810 4241[ 3729 4370 3580 4403[ 3431 4437 3301 4356[ 3172 4275 3138 4126[ 3122 4054 3133 3989[ 3001 3880 2961 3705"/>
  </edges>
</DOMShape>
                                   </elements>
            </DOMFrame>
          </frames>
        </DOMLayer>
        <DOMLayer name="Layer 4">
          <frames>
            <DOMFrame index="0" motionTweenScale="false" keyMode="8192">
              <elements>
<DOMShape isFloating="true">
                                             <fills>
  <FillStyle index="1">
    <SolidColor color="#999999" alpha="0.5019608"/>
  </FillStyle>
</fills>
                                             <strokes/>
  <edges>
    <Edge fillStyle0="0" fillStyle1="0" strokeStyle="0" edges="!4674 4397! 0 0"/>
    <Edge fillStyle0="0" fillStyle1="1" strokeStyle="0" edges="!0 0! 3224 3351[ 3224 3132 3379 2977[ 3534 2822 3753 2822[ 3972 2822 4127 2977[ 4173 3023 4205 3074| 4314 3062[ 4507 3062 4643 3198[ 4780 3335 4780 3528[ 4780 3721 4643 3857| 4571 3918| 4571 3929[ 4571 3990 4549 4043[ 4595 4045 4629 4079[ 4667 4117 4667 4170[ 4667 4223 4629 4260[ 4592 4298 4539 4298[ 4486 4298 4448 4260[ 4417 4229 4412 4188[ 4353 4218 4282 4218[ 4162 4218 4077 4133[ 4040 4096 4019 4051| 3958 4035| 3933 4062[ 3825 4170 3672 4170[ 3519 4170 3411 4062[ 3303 3954 3303 3801[ 3303 3728 3328 3666[ 3224 3530 3224 3351"/>
  </edges>
</DOMShape>
                                   </elements>
            </DOMFrame>
          </frames>
        </DOMLayer>
        <DOMLayer name="Layer 5">
          <frames>
            <DOMFrame index="0" motionTweenScale="false" keyMode="8192">
              <elements>
<DOMShape isFloating="true">
                                             <fills>
  <FillStyle index="1">
    <SolidColor color="#c8c8c8" alpha="1.0"/>
  </FillStyle>
  <FillStyle index="2">
    <SolidColor color="#990000" alpha="1.0"/>
  </FillStyle>
</fills>
                                             <strokes>
  <StrokeStyle index="1">
    <SolidStroke scaleMode="normal" weight="1.0">
      <fill>
        <SolidColor color="#000000" alpha="1.0"/>
      </fill>
    </SolidStroke>
  </StrokeStyle>
  <StrokeStyle index="2">
    <SolidStroke scaleMode="normal" weight="1.0">
      <fill>
        <SolidColor color="#000000" alpha="1.0"/>
      </fill>
    </SolidStroke>
  </StrokeStyle>
</strokes>
  <edges>
    <Edge fillStyle0="0" fillStyle1="0" strokeStyle="0" edges="!4889 5025! 0 0"/>
    <Edge fillStyle0="0" fillStyle1="2" strokeStyle="2" edges="!0 0! 4674 4397| 4640 4351| 4705 4314| 4735 4363"/>
    <Edge fillStyle0="0" fillStyle1="1" strokeStyle="1" edges="!4735 4363| 4930 4677| 4882 4692| 4674 4397"/>
    <Edge fillStyle0="2" fillStyle1="1" strokeStyle="0" edges="!4674 4397| 4735 4363"/>
  </edges>
</DOMShape>
                                   </elements>
            </DOMFrame>
          </frames>
        </DOMLayer>
        <DOMLayer name="Layer 6">
          <frames>
            <DOMFrame index="0" motionTweenScale="false" keyMode="8192">
              <elements>
<DOMShape isFloating="true">
                                             <fills>
  <FillStyle index="1">
    <SolidColor color="#000000" alpha="1.0"/>
  </FillStyle>
</fills>
                                             <strokes/>
  <edges>
    <Edge fillStyle0="0" fillStyle1="0" strokeStyle="0" edges="!0 0! 0 0"/>
    <Edge fillStyle0="1" fillStyle1="0" strokeStyle="0" edges="!0 0! 4889 5025[ 4803 4890 4798 4847[ 4784 4743 4803 4721[ 4820 4704 4838 4703[ 4858 4703 4878 4729[ 4915 4772 4898 4841[ 4870 4958 4977 5153| 4889 5025"/>
    <Edge fillStyle0="1" fillStyle1="0" strokeStyle="0" edges="!4889 5025! 4957 5048[ 4910 4910 4925 4848[ 4943 4766 4900 4711[ 4870 4675 4838 4675[ 4807 4675 4783 4703[ 4698 4914 4990 5177[ 4997 5173 4957 5048"/>
  </edges>
</DOMShape>
                                   </elements>
            </DOMFrame>
          </frames>
        </DOMLayer>
        <DOMLayer name="Layer 7">
          <frames>
            <DOMFrame index="0" motionTweenScale="false" keyMode="8192">
              <elements>
<DOMShape isFloating="true">
                                             <fills>
  <FillStyle index="1">
    <SolidColor color="#f4a057" alpha="1.0"/>
  </FillStyle>
</fills>
                                             <strokes/>
  <edges>
    <Edge fillStyle0="0" fillStyle1="0" strokeStyle="0" edges="!0 0! 0 0"/>
    <Edge fillStyle0="1" fillStyle1="0" strokeStyle="0" edges="!0 0! 4936 5082| 4893 4994[ 4848 4901 4840 4868[ 4834 4840 4848 4816[ 4863 4790 4861 4764[ 4857 4711 4811 4687| 4781 4788| 4801 4897| 4916 5088| 4933 5101| 4936 5082"/>
  </edges>
</DOMShape>
                                   </elements>
            </DOMFrame>
          </frames>
        </DOMLayer>
        <DOMLayer name="Layer 8">
          <frames>
            <DOMFrame index="0" motionTweenScale="false" keyMode="8192">
              <elements>
<DOMShape isFloating="true">
                                             <fills>
  <FillStyle index="1">
    <SolidColor color="#f5c4a0" alpha="1.0"/>
  </FillStyle>
</fills>
                                             <strokes/>
  <edges>
    <Edge fillStyle0="0" fillStyle1="0" strokeStyle="0" edges="!5526 5347! 0 0"/>
    <Edge fillStyle0="0" fillStyle1="1" strokeStyle="0" edges="!0 0! 4985 5172| 4887 5034[ 4789 4882 4784 4817[ 4777 4691 4838 4690[ 4868 4689 4894 4726[ 4927 4773 4911 4845[ 4885 4957 4985 5172"/>
  </edges>
</DOMShape>
                                   </elements>
            </DOMFrame>
          </frames>
        </DOMLayer>
        <DOMLayer name="Layer 9">
          <frames>
            <DOMFrame index="0" motionTweenScale="false" keyMode="8192">
              <elements>
<DOMShape isFloating="true">
                                             <fills>
  <FillStyle index="1">
    <SolidColor color="#000000" alpha="1.0"/>
  </FillStyle>
</fills>
                                             <strokes/>
  <edges>
    <Edge fillStyle0="0" fillStyle1="0" strokeStyle="0" edges="!0 0! 0 0"/>
    <Edge fillStyle0="1" fillStyle1="0" strokeStyle="0" edges="!0 0! 5526 5347[ 5600 5489 5601 5531[ 5606 5636 5584 5656[ 5567 5672 5548 5671[ 5529 5669 5510 5642[ 5478 5595 5501 5528[ 5538 5415 5450 5212| 5526 5347"/>
    <Edge fillStyle0="1" fillStyle1="0" strokeStyle="0" edges="!5526 5347! 5461 5317[ 5494 5459 5475 5519[ 5449 5600 5487 5658[ 5514 5697 5546 5698[ 5577 5701 5603 5676[ 5706 5474 5439 5187[ 5431 5190 5461 5317"/>
  </edges>
</DOMShape>
                                   </elements>
            </DOMFrame>
          </frames>
        </DOMLayer>
        <DOMLayer name="Layer 10">
          <frames>
            <DOMFrame index="0" motionTweenScale="false" keyMode="8192">
              <elements>
<DOMShape isFloating="true">
                                             <fills>
  <FillStyle index="1">
    <SolidColor color="#f4a057" alpha="1.0"/>
  </FillStyle>
</fills>
                                             <strokes/>
  <edges>
    <Edge fillStyle0="0" fillStyle1="0" strokeStyle="0" edges="!0 0! 0 0"/>
    <Edge fillStyle0="1" fillStyle1="0" strokeStyle="0" edges="!0 0! 5484 5286| 5519 5377[ 5556 5475 5561 5508[ 5564 5536 5549 5558[ 5531 5584 5532 5609[ 5531 5662 5574 5690| 5612 5592| 5602 5481| 5504 5282| 5487 5268| 5484 5286"/>
  </edges>
</DOMShape>
                                   </elements>
            </DOMFrame>
          </frames>
        </DOMLayer>
        <DOMLayer name="Layer 11">
          <frames>
            <DOMFrame index="0" motionTweenScale="false" keyMode="8192">
              <elements>
<DOMShape isFloating="true">
                                             <fills>
  <FillStyle index="1">
    <SolidColor color="#f5c4a0" alpha="1.0"/>
  </FillStyle>
</fills>
                                             <strokes/>
  <edges>
    <Edge fillStyle0="0" fillStyle1="0" strokeStyle="0" edges="!0 0! 0 0"/>
    <Edge fillStyle0="0" fillStyle1="1" strokeStyle="0" edges="!0 0! 5444 5192| 5529 5338[ 5613 5497 5612 5561[ 5608 5688 5547 5684[ 5518 5683 5495 5643[ 5466 5593 5489 5524[ 5524 5414 5444 5192"/>
  </edges>
</DOMShape>
                                   </elements>
            </DOMFrame>
          </frames>
        </DOMLayer>
        <DOMLayer name="Layer 12">
          <frames>
            <DOMFrame index="0" motionTweenScale="false" keyMode="8192">
              <elements>
<DOMShape isFloating="true">
                                             <fills>
  <FillStyle index="1">
    <SolidColor color="#ffa800" alpha="1.0"/>
  </FillStyle>
</fills>
                                             <strokes/>
  <edges>
    <Edge fillStyle0="0" fillStyle1="0" strokeStyle="0" edges="!0 0! 0 0"/>
    <Edge fillStyle0="1" fillStyle1="0" strokeStyle="0" edges="!0 0! 5422 2514[ 4840 2365 4467 2574[ 4169 2741 4018 3126[ 3911 3402 3888 3759[ 3876 3937 3886 4061| 3940 4041[ 3942 3918 3967 3741[ 4017 3388 4133 3118[ 4296 2740 4570 2583[ 4912 2387 5408 2549[ 5699 2441 5900 2649[ 6061 2816 6157 3177[ 6226 3434 6255 3763[ 6270 3928 6271 4041| 6354 4076[ 6353 3963 6338 3798[ 6307 3468 6234 3205[ 6131 2837 5957 2657[ 5739 2432 5422 2514"/>
  </edges>
</DOMShape>
                                   </elements>
            </DOMFrame>
          </frames>
        </DOMLayer>
        <DOMLayer name="Layer 13">
          <frames>
            <DOMFrame index="0" motionTweenScale="false" keyMode="8192">
              <elements>
<DOMShape isFloating="true">
                                             <fills>
  <FillStyle index="1">
    <SolidColor color="#f69c6b" alpha="1.0"/>
  </FillStyle>
</fills>
                                             <strokes/>
  <edges>
    <Edge fillStyle0="0" fillStyle1="0" strokeStyle="0" edges="!0 0! 0 0"/>
    <Edge fillStyle0="1" fillStyle1="0" strokeStyle="0" edges="!0 0! 5166 4377| 5148 4457| 5205 4431| 5166 4377"/>
  </edges>
</DOMShape>
                                   </elements>
            </DOMFrame>
          </frames>
        </DOMLayer>
        <DOMLayer name="Layer 14">
          <frames>
            <DOMFrame index="0" motionTweenScale="false" keyMode="8192">
              <elements>
<DOMShape isFloating="true">
                                             <fills>
  <FillStyle index="1">
    <SolidColor color="#000000" alpha="1.0"/>
  </FillStyle>
</fills>
                                             <strokes/>
  <edges>
    <Edge fillStyle0="0" fillStyle1="0" strokeStyle="0" edges="!0 0! 0 0"/>
    <Edge fillStyle0="0" fillStyle1="1" strokeStyle="0" edges="!0 0! 5020 4662| 5075 4655| 5273 4670[ 5495 4707 5513 4770[ 5518 4788 5466 4795| 5503 4796[ 5541 4794 5546 4773[ 5552 4746 5474 4706[ 5389 4660 5282 4649[ 5187 4639 5094 4650| 5020 4662"/>
  </edges>
</DOMShape>
                                   </elements>
            </DOMFrame>
          </frames>
        </DOMLayer>
        <DOMLayer name="Layer 15">
          <frames>
            <DOMFrame index="0" motionTweenScale="false" keyMode="8192">
              <elements>
<DOMShape isFloating="true">
                                             <fills>
  <FillStyle index="1">
    <SolidColor color="#000000" alpha="1.0"/>
  </FillStyle>
</fills>
                                             <strokes/>
  <edges>
    <Edge fillStyle0="0" fillStyle1="0" strokeStyle="0" edges="!0 0! 0 0"/>
    <Edge fillStyle0="1" fillStyle1="0" strokeStyle="0" edges="!0 0! 4810 4675[ 4813 4698 4898 4699| 4948 4689[ 4971 4680 4967 4669[ 4966 4662 4956 4666| 4892 4681[ 4849 4686 4822 4672| 4811 4667[ 4809 4667 4810 4675"/>
  </edges>
</DOMShape>
                                   </elements>
            </DOMFrame>
          </frames>
        </DOMLayer>
        <DOMLayer name="Layer 16">
          <frames>
            <DOMFrame index="0" motionTweenScale="false" keyMode="8192">
              <elements>
<DOMShape isFloating="true">
                                             <fills>
  <FillStyle index="1">
    <SolidColor color="#000000" alpha="1.0"/>
  </FillStyle>
</fills>
                                             <strokes/>
  <edges>
    <Edge fillStyle0="0" fillStyle1="0" strokeStyle="0" edges="!0 0! 0 0"/>
    <Edge fillStyle0="0" fillStyle1="1" strokeStyle="0" edges="!0 0! 4389 3927[ 4466 3980 4572 3976[ 4743 3969 4799 3909[ 4810 3889 4773 3898[ 4648 3945 4572 3950[ 4477 3957 4396 3915| 4334 3872| 4347 3889[ 4365 3910 4389 3927"/>
  </edges>
</DOMShape>
                                   </elements>
            </DOMFrame>
          </frames>
        </DOMLayer>
        <DOMLayer name="Layer 17">
          <frames>
            <DOMFrame index="0" motionTweenScale="false" keyMode="8192">
              <elements>
<DOMShape isFloating="true">
                                             <fills>
  <FillStyle index="1">
    <SolidColor color="#000000" alpha="1.0"/>
  </FillStyle>
</fills>
                                             <strokes/>
  <edges>
    <Edge fillStyle0="0" fillStyle1="0" strokeStyle="0" edges="!0 0! 0 0"/>
    <Edge fillStyle0="1" fillStyle1="0" strokeStyle="0" edges="!0 0! 5471 3923| 5469 3914| 5496 3912[ 5515 3916 5582 3939[ 5650 3961 5696 3964[ 5791 3971 5872 3929[ 5913 3908 5935 3886[ 5918 3913 5879 3941[ 5803 3994 5696 3989[ 5589 3985 5519 3954| 5471 3923"/>
  </edges>
</DOMShape>
                                   </elements>
            </DOMFrame>
          </frames>
        </DOMLayer>
        <DOMLayer name="Layer 18">
          <frames>
            <DOMFrame index="0" motionTweenScale="false" keyMode="8192">
              <elements>
<DOMShape isFloating="true">
                                             <fills>
  <FillStyle index="1">
    <SolidColor color="#000000" alpha="1.0"/>
  </FillStyle>
</fills>
                                             <strokes/>
  <edges>
    <Edge fillStyle0="0" fillStyle1="0" strokeStyle="0" edges="!0 0! 0 0"/>
    <Edge fillStyle0="0" fillStyle1="1" strokeStyle="0" edges="!0 0! 6256 4432| 6311 4367| 6381 4723[ 6462 5082 6513 5099[ 6438 5123 6321 5034| 6218 4941| 6109 5121| 6049 5034| 5880 5153| 5906 4963| 5972 4952| 5935 5067| 6060 4979| 6114 5039| 6207 4870| 6276 4935[ 6350 5001 6414 5041[ 6363 4971 6256 4432"/>
  </edges>
</DOMShape>
                                   </elements>
            </DOMFrame>
          </frames>
        </DOMLayer>
        <DOMLayer name="Layer 19">
          <frames>
            <DOMFrame index="0" motionTweenScale="false" keyMode="8192">
              <elements>
<DOMShape isFloating="true">
                                             <fills>
  <FillStyle index="1">
    <SolidColor color="#000000" alpha="1.0"/>
  </FillStyle>
</fills>
                                             <strokes/>
  <edges>
    <Edge fillStyle0="0" fillStyle1="0" strokeStyle="0" edges="!0 0! 0 0"/>
    <Edge fillStyle0="1" fillStyle1="0" strokeStyle="0" edges="!0 0! 4050 4793[ 3933 4946 3826 5013[ 3877 4943 3984 4405| 3929 4339| 3859 4695[ 3778 5055 3727 5072[ 3802 5095 3925 4985[ 3987 4930 4033 4870| 4110 5110| 4192 4985| 4367 5056| 4334 4935| 4268 4924| 4312 4996| 4186 4924| 4126 5012| 4050 4793"/>
  </edges>
</DOMShape>
                                   </elements>
            </DOMFrame>
          </frames>
        </DOMLayer>
        <DOMLayer name="Layer 20">
          <frames>
            <DOMFrame index="0" motionTweenScale="false" keyMode="8192">
              <elements>
<DOMShape isFloating="true">
                                             <fills>
  <FillStyle index="1">
    <SolidColor color="#000000" alpha="1.0"/>
  </FillStyle>
</fills>
                                             <strokes/>
  <edges>
    <Edge fillStyle0="0" fillStyle1="0" strokeStyle="0" edges="!0 0! 0 0"/>
    <Edge fillStyle0="1" fillStyle1="0" strokeStyle="0" edges="!0 0! 5515 2422[ 5635 2431 5751 2475[ 6125 2617 6322 3065[ 6375 3181 6369 3640[ 6367 3870 6354 4076| 6391 4145[ 6414 3960 6423 3727[ 6441 3261 6369 3023[ 6283 2734 6004 2537[ 5722 2337 5421 2361| 5284 2347[ 5125 2331 4977 2340[ 4490 2369 4137 2656[ 3782 2944 3792 3579[ 3797 3896 3872 4156| 3909 4092[ 3840 3857 3843 3566[ 3848 2983 4206 2699[ 4564 2415 5026 2391[ 5258 2378 5418 2423| 5515 2422"/>
  </edges>
</DOMShape>
                                   </elements>
            </DOMFrame>
          </frames>
        </DOMLayer>
        <DOMLayer name="Layer 21">
          <frames>
            <DOMFrame index="0" motionTweenScale="false" keyMode="8192">
              <elements>
<DOMShape isFloating="true">
                                             <fills>
  <FillStyle index="1">
    <SolidColor color="#000000" alpha="1.0"/>
  </FillStyle>
</fills>
                                             <strokes/>
  <edges>
    <Edge fillStyle0="0" fillStyle1="0" strokeStyle="0" edges="!0 0! 0 0"/>
    <Edge fillStyle0="1" fillStyle1="0" strokeStyle="0" edges="!0 0! 5864 3675[ 5596 3334 5563 3266[ 5551 3363 5330 3692[ 5345 3667 5339 3578[ 5326 3397 5216 3067[ 5199 3069 5209 3231[ 5219 3412 5188 3471[ 5181 3471 5160 3440| 5105 3364[ 5009 3241 4888 3177[ 5009 3276 5102 3437[ 5149 3517 5171 3578[ 5250 3487 5257 3440[ 5294 3579 5278 3890| 5404 3726[ 5540 3532 5585 3380[ 5620 3504 5903 3782| 5920 3550| 6022 3761[ 6125 3985 6136 4050[ 6153 4151 6119 3885| 5881 3391| 5864 3675"/>
  </edges>
</DOMShape>
                                   </elements>
            </DOMFrame>
          </frames>
        </DOMLayer>
        <DOMLayer name="Layer 22">
          <frames>
            <DOMFrame index="0" motionTweenScale="false" keyMode="8192">
              <elements>
<DOMShape isFloating="true">
                                             <fills>
  <FillStyle index="1">
    <SolidColor color="#000000" alpha="1.0"/>
  </FillStyle>
</fills>
                                             <strokes/>
  <edges>
    <Edge fillStyle0="0" fillStyle1="0" strokeStyle="0" edges="!0 0! 0 0"/>
    <Edge fillStyle0="0" fillStyle1="1" strokeStyle="0" edges="!0 0! 4789 3565[ 4557 3877 4433 3913[ 4423 3908 4460 3677[ 4497 3450 4479 3453[ 4451 3458 4285 3816[ 4116 4181 4083 4323[ 4024 4394 4138 3981[ 4225 3808 4321 3633[ 4512 3285 4558 3277[ 4600 3271 4552 3529[ 4500 3798 4507 3805[ 4575 3771 4995 3260[ 4904 3409 4789 3565"/>
  </edges>
</DOMShape>
                                   </elements>
            </DOMFrame>
          </frames>
        </DOMLayer>
        <DOMLayer name="Layer 23">
          <frames>
            <DOMFrame index="0" motionTweenScale="false" keyMode="8192">
              <elements>
<DOMShape isFloating="true">
                                             <fills>
  <FillStyle index="1">
    <SolidColor color="#000000" alpha="1.0"/>
  </FillStyle>
</fills>
                                             <strokes/>
  <edges>
    <Edge fillStyle0="0" fillStyle1="0" strokeStyle="0" edges="!0 0! 0 0"/>
    <Edge fillStyle0="0" fillStyle1="1" strokeStyle="0" edges="!0 0! 4135 3998[ 4142 4014 4095 4027[ 4015 4048 3983 4066[ 3914 4104 3908 4175[ 3901 4248 3952 4320[ 3976 4354 4039 4412[ 4069 4443 4056 4453[ 4002 4446 3950 4407[ 3848 4330 3862 4175[ 3877 4018 4007 3993| 4135 3998"/>
  </edges>
</DOMShape>
                                   </elements>
            </DOMFrame>
          </frames>
        </DOMLayer>
        <DOMLayer name="Layer 24">
          <frames>
            <DOMFrame index="0" motionTweenScale="false" keyMode="8192">
              <elements>
<DOMShape isFloating="true">
                                             <fills>
  <FillStyle index="1">
    <SolidColor color="#000000" alpha="1.0"/>
  </FillStyle>
</fills>
                                             <strokes/>
  <edges>
    <Edge fillStyle0="0" fillStyle1="0" strokeStyle="0" edges="!0 0! 0 0"/>
    <Edge fillStyle0="1" fillStyle1="0" strokeStyle="0" edges="!0 0! 6133 4008| 6170 4027[ 6251 4048 6283 4066[ 6352 4104 6357 4175[ 6364 4248 6313 4320[ 6289 4354 6227 4412[ 6207 4432 6207 4444[ 6207 4450 6210 4453| 6244 4445[ 6283 4431 6315 4407[ 6417 4330 6403 4175[ 6388 4018 6258 3993| 6170 3991| 6130 3998| 6133 4008"/>
  </edges>
</DOMShape>
                                   </elements>
            </DOMFrame>
          </frames>
        </DOMLayer>
        <DOMLayer name="Layer 25">
          <frames>
            <DOMFrame index="0" motionTweenScale="false" keyMode="8192">
              <elements>
<DOMShape isFloating="true">
                                             <fills>
  <FillStyle index="1">
    <SolidColor color="#000000" alpha="1.0"/>
  </FillStyle>
</fills>
                                             <strokes/>
  <edges>
    <Edge fillStyle0="0" fillStyle1="0" strokeStyle="0" edges="!0 0! 0 0"/>
    <Edge fillStyle0="0" fillStyle1="1" strokeStyle="0" edges="!0 0! 4155 3947| 4135 4027[ 4112 4126 4097 4222[ 4049 4527 4099 4680[ 4155 4852 4505 4973[ 4822 5083 5148 5083[ 5478 5082 5798 4985[ 6152 4878 6187 4731[ 6219 4600 6153 4181| 6080 3788| 6120 3889[ 6166 4014 6200 4135[ 6309 4522 6256 4725[ 6198 4941 5821 5051[ 5537 5133 5160 5140[ 4818 5144 4465 5032[ 4055 4900 4008 4702[ 3965 4521 4056 4216[ 4084 4120 4122 4024| 4155 3947"/>
  </edges>
</DOMShape>
                                   </elements>
            </DOMFrame>
          </frames>
        </DOMLayer>
        <DOMLayer name="Layer 26">
          <frames>
            <DOMFrame index="0" motionTweenScale="false" keyMode="8192">
              <elements>
<DOMShape isFloating="true">
                                             <fills>
  <FillStyle index="1">
    <SolidColor color="#f4a057" alpha="1.0"/>
  </FillStyle>
</fills>
                                             <strokes/>
  <edges>
    <Edge fillStyle0="0" fillStyle1="0" strokeStyle="0" edges="!0 0! 0 0"/>
    <Edge fillStyle0="1" fillStyle1="0" strokeStyle="0" edges="!0 0! 4079 4070[ 4023 4088 3987 4153[ 3951 4217 3995 4293[ 4017 4332 4045 4356| 4129 4065| 4079 4070"/>
  </edges>
</DOMShape>
                                   </elements>
            </DOMFrame>
          </frames>
        </DOMLayer>
        <DOMLayer name="Layer 27">
          <frames>
            <DOMFrame index="0" motionTweenScale="false" keyMode="8192">
              <elements>
<DOMShape isFloating="true">
                                             <fills>
  <FillStyle index="1">
    <SolidColor color="#f4a057" alpha="1.0"/>
  </FillStyle>
</fills>
                                             <strokes/>
  <edges>
    <Edge fillStyle0="0" fillStyle1="0" strokeStyle="0" edges="!0 0! 0 0"/>
    <Edge fillStyle0="1" fillStyle1="0" strokeStyle="0" edges="!0 0! 4470 3395| 4016 4381| 4012 4438[ 4010 4508 4022 4575[ 4060 4788 4215 4885[ 4373 4982 4805 5055| 5264 5118[ 5727 5099 6010 4926[ 6151 4839 6200 4755[ 6111 4817 5950 4881[ 5628 5010 5264 5026[ 4880 5042 4555 4871[ 4433 4806 4338 4724[ 4258 4655 4224 4598[ 4175 4514 4317 3946| 4470 3395"/>
  </edges>
</DOMShape>
                                   </elements>
            </DOMFrame>
          </frames>
        </DOMLayer>
        <DOMLayer name="Layer 28">
          <frames>
            <DOMFrame index="0" motionTweenScale="false" keyMode="8192">
              <elements>
<DOMShape isFloating="true">
                                             <fills>
  <FillStyle index="1">
    <SolidColor color="#f4a057" alpha="1.0"/>
  </FillStyle>
</fills>
                                             <strokes/>
  <edges>
    <Edge fillStyle0="0" fillStyle1="0" strokeStyle="0" edges="!0 0! 0 0"/>
    <Edge fillStyle0="1" fillStyle1="0" strokeStyle="0" edges="!0 0! 4995 3260| 4482 3865| 4538 3377| 4461 3445| 4425 3662[ 4394 3886 4419 3928[ 4497 3975 4754 3622[ 4883 3446 4995 3260"/>
  </edges>
</DOMShape>
                                   </elements>
            </DOMFrame>
          </frames>
        </DOMLayer>
        <DOMLayer name="Layer 29">
          <frames>
            <DOMFrame index="0" motionTweenScale="false" keyMode="8192">
              <elements>
<DOMShape isFloating="true">
                                             <fills>
  <FillStyle index="1">
    <SolidColor color="#f4a057" alpha="1.0"/>
  </FillStyle>
</fills>
                                             <strokes/>
  <edges>
    <Edge fillStyle0="0" fillStyle1="0" strokeStyle="0" edges="!0 0! 0 0"/>
    <Edge fillStyle0="0" fillStyle1="1" strokeStyle="0" edges="!0 0! 5941 3616| 5921 3824| 5604 3499| 5243 3961| 5243 3529| 5163 3628| 4981 3259| 5172 3524| 5268 3421| 5318 3795| 5584 3341| 5891 3720| 5913 3529| 5991 3649| 5941 3616"/>
  </edges>
</DOMShape>
                                   </elements>
            </DOMFrame>
          </frames>
        </DOMLayer>
        <DOMLayer name="Layer 30">
          <frames>
            <DOMFrame index="0" motionTweenScale="false" keyMode="8192">
              <elements>
<DOMShape isFloating="true">
                                             <fills>
  <FillStyle index="1">
    <SolidColor color="#f4a057" alpha="1.0"/>
  </FillStyle>
</fills>
                                             <strokes/>
  <edges>
    <Edge fillStyle0="0" fillStyle1="0" strokeStyle="0" edges="!0 0! 0 0"/>
    <Edge fillStyle0="1" fillStyle1="0" strokeStyle="0" edges="!0 0! 6216 4306| 6271 4274[ 6323 4228 6299 4161[ 6276 4093 6219 4097| 6166 4115| 6216 4306"/>
  </edges>
</DOMShape>
                                   </elements>
            </DOMFrame>
          </frames>
        </DOMLayer>
        <DOMLayer name="Layer 31">
          <frames>
            <DOMFrame index="0" motionTweenScale="false" keyMode="8192">
              <elements>
<DOMShape isFloating="true">
                                             <fills>
  <FillStyle index="1">
    <SolidColor color="#f5be8b" alpha="1.0"/>
  </FillStyle>
</fills>
                                             <strokes/>
  <edges>
    <Edge fillStyle0="0" fillStyle1="0" strokeStyle="0" edges="!0 0! 0 0"/>
    <Edge fillStyle0="1" fillStyle1="0" strokeStyle="0" edges="!0 0! 4538 3377[ 4510 3358 4328 3686| 4153 4018| 4027 4025[ 3897 4059 3880 4195[ 3870 4276 4030 4427| 4084 4790| 4161 4839[ 4261 4899 4379 4949[ 4757 5109 5174 5112[ 5591 5115 5940 4941[ 6114 4855 6205 4767| 6223 4440| 6251 4429| 6312 4388[ 6400 4312 6391 4190[ 6383 4068 6266 4031| 6186 4017| 6150 4018| 5919 3500| 5878 3727| 5592 3332| 5347 3795| 5269 3355| 5198 3504| 4994 3263[ 4493 3950 4461 3882[ 4446 3848 4505 3616[ 4561 3394 4538 3377"/>
  </edges>
</DOMShape>
                                   </elements>
            </DOMFrame>
          </frames>
        </DOMLayer>
        <DOMLayer name="Layer 32">
          <frames>
            <DOMFrame index="0" motionTweenScale="false" keyMode="8192">
              <elements>
<DOMShape isFloating="true">
                                             <fills>
  <FillStyle index="1">
    <SolidColor color="#ffa800" alpha="1.0"/>
  </FillStyle>
</fills>
                                             <strokes/>
  <edges>
    <Edge fillStyle0="0" fillStyle1="0" strokeStyle="0" edges="!0 0! 0 0"/>
    <Edge fillStyle0="0" fillStyle1="1" strokeStyle="0" edges="!0 0! 5860 3302| 6199 3883| 6367 4059| 6151 4050| 5935 3566| 5891 3720| 5585 3380| 5327 3830| 5257 3372| 5172 3525| 4988 3279| 4499 3839| 4504 3381| 4152 4018| 4072 3997[ 4192 3770 4321 3546[ 4579 3097 4623 3108[ 4604 3132 4598 3406| 4596 3676| 4878 3288[ 4905 3253 4808 3042| 5129 3288| 5209 2927| 5393 3434| 5548 3134| 5821 3495| 5860 3302"/>
  </edges>
</DOMShape>
                                   </elements>
            </DOMFrame>
          </frames>
        </DOMLayer>
        <DOMLayer name="Layer 33">
          <frames>
            <DOMFrame index="0" motionTweenScale="false" keyMode="8192">
              <elements>
<DOMShape isFloating="true">
                                             <fills>
  <FillStyle index="1">
    <SolidColor color="#ffa800" alpha="1.0"/>
  </FillStyle>
</fills>
                                             <strokes/>
  <edges>
    <Edge fillStyle0="0" fillStyle1="0" strokeStyle="0" edges="!0 0! 0 0"/>
    <Edge fillStyle0="1" fillStyle1="0" strokeStyle="0" edges="!0 0! 4002 4424| 3883 4926| 4037 4803| 4130 4988| 4156 4887| 4312 4996| 4275 4904| 4002 4424"/>
  </edges>
</DOMShape>
                                   </elements>
            </DOMFrame>
          </frames>
        </DOMLayer>
        <DOMLayer name="Layer 34">
          <frames>
            <DOMFrame index="0" motionTweenScale="false" keyMode="8192">
              <elements>
<DOMShape isFloating="true">
                                             <fills>
  <FillStyle index="1">
    <SolidColor color="#ffa800" alpha="1.0"/>
  </FillStyle>
</fills>
                                             <strokes/>
  <edges>
    <Edge fillStyle0="0" fillStyle1="0" strokeStyle="0" edges="!0 0! 0 0"/>
    <Edge fillStyle0="1" fillStyle1="0" strokeStyle="0" edges="!0 0! 6256 4432| 5970 4961| 5935 5067| 6054 4966| 6129 4983| 6226 4838| 6384 4979| 6256 4432"/>
  </edges>
</DOMShape>
                                   </elements>
            </DOMFrame>
          </frames>
        </DOMLayer>
        <DOMLayer name="Layer 35">
          <frames>
            <DOMFrame index="0" motionTweenScale="false" keyMode="8192">
              <elements>
<DOMShape isFloating="true">
                                             <fills>
  <FillStyle index="1">
    <SolidColor color="#ffbf00" alpha="1.0"/>
  </FillStyle>
</fills>
                                             <strokes/>
  <edges>
    <Edge fillStyle0="0" fillStyle1="0" strokeStyle="0" edges="!0 0! 0 0"/>
    <Edge fillStyle0="1" fillStyle1="0" strokeStyle="0" edges="!0 0! 5421 2361[ 4793 2346 4402 2533[ 4088 2683 3939 2953[ 3832 3147 3818 3382[ 3811 3500 3825 3579| 3832 3838[ 3849 4115 3905 4209[ 3962 4302 3891 4672[ 3855 4857 3809 5023| 4045 4849| 4136 5069| 4192 4985| 4346 5039| 4334 4935| 5916 4999| 5896 5119| 6049 5034| 6106 5079| 6227 4909| 6431 5050| 6311 4367| 6377 4079[ 6397 3979 6407 3828[ 6427 3525 6377 3266[ 6307 2903 6108 2681[ 5859 2403 5421 2361"/>
  </edges>
</DOMShape>
                                   </elements>
            </DOMFrame>
          </frames>
        </DOMLayer>
        <DOMLayer name="Layer 36">
          <frames>
            <DOMFrame index="0" motionTweenScale="false" keyMode="8192">
              <elements>
<DOMShape isFloating="true">
                                             <fills>
  <FillStyle index="1">
    <SolidColor color="#ff0000" alpha="1.0"/>
  </FillStyle>
</fills>
                                             <strokes/>
  <edges>
    <Edge fillStyle0="0" fillStyle1="0" strokeStyle="0" edges="!0 0! 0 0"/>
    <Edge fillStyle0="1" fillStyle1="0" strokeStyle="0" edges="!0 0! 5343 6046| 5283 6040| 5264 6033| 5263 6042[ 5264 6052 5274 6060| 5350 6069[ 5408 6068 5415 6058[ 5425 6047 5417 6029[ 5399 6044 5343 6046"/>
  </edges>
</DOMShape>
                                   </elements>
            </DOMFrame>
          </frames>
        </DOMLayer>
        <DOMLayer name="Layer 37">
          <frames>
            <DOMFrame index="0" motionTweenScale="false" keyMode="8192">
              <elements>
<DOMShape isFloating="true">
                                             <fills>
  <FillStyle index="1">
    <SolidColor color="#ffffff" alpha="1.0"/>
  </FillStyle>
</fills>
                                             <strokes/>
  <edges>
    <Edge fillStyle0="0" fillStyle1="0" strokeStyle="0" edges="!0 0! 0 0"/>
    <Edge fillStyle0="1" fillStyle1="0" strokeStyle="0" edges="!0 0! 5341 6069[ 5418 6067 5419 6048[ 5421 6026 5407 6000[ 5386 5962 5347 5960[ 5306 5957 5281 5993[ 5260 6023 5263 6044[ 5268 6071 5341 6069"/>
  </edges>
</DOMShape>
                                   </elements>
            </DOMFrame>
          </frames>
        </DOMLayer>
        <DOMLayer name="Layer 38">
          <frames>
            <DOMFrame index="0" motionTweenScale="false" keyMode="8192">
              <elements>
<DOMShape isFloating="true">
                                             <fills>
  <FillStyle index="1">
    <SolidColor color="#000000" alpha="1.0"/>
  </FillStyle>
</fills>
                                             <strokes/>
  <edges>
    <Edge fillStyle0="0" fillStyle1="0" strokeStyle="0" edges="!0 0! 0 0"/>
    <Edge fillStyle0="1" fillStyle1="0" strokeStyle="0" edges="!0 0! 5341 6092[ 5448 6088 5451 6062[ 5453 6032 5433 5993[ 5405 5941 5349 5937[ 5291 5934 5256 5985[ 5227 6026 5231 6056[ 5237 6094 5341 6092"/>
  </edges>
</DOMShape>
                                   </elements>
            </DOMFrame>
          </frames>
        </DOMLayer>
        <DOMLayer name="Layer 39">
          <frames>
            <DOMFrame index="0" motionTweenScale="false" keyMode="8192">
              <elements>
<DOMShape isFloating="true">
                                             <fills>
  <FillStyle index="1">
    <SolidColor color="#000000" alpha="1.0"/>
  </FillStyle>
</fills>
                                             <strokes/>
  <edges>
    <Edge fillStyle0="0" fillStyle1="0" strokeStyle="0" edges="!0 0! 0 0"/>
    <Edge fillStyle0="1" fillStyle1="0" strokeStyle="0" edges="!0 0! 5329 5125| 5317 5100| 5283 5108| 5308 5170[ 5312 5194 5293 5211[ 5272 5231 5231 5233[ 5168 5235 5149 5186[ 5143 5170 5155 5146| 5168 5125| 5138 5107| 5124 5139[ 5110 5174 5115 5190[ 5122 5216 5148 5235[ 5182 5260 5235 5257[ 5287 5255 5316 5224[ 5339 5201 5339 5172[ 5340 5153 5329 5125"/>
  </edges>
</DOMShape>
                                   </elements>
            </DOMFrame>
          </frames>
        </DOMLayer>
        <DOMLayer name="Layer 40">
          <frames>
            <DOMFrame index="0" motionTweenScale="false" keyMode="8192">
              <elements>
<DOMShape isFloating="true">
                                             <fills>
  <FillStyle index="1">
    <SolidColor color="#f4a057" alpha="1.0"/>
  </FillStyle>
</fills>
                                             <strokes/>
  <edges>
    <Edge fillStyle0="0" fillStyle1="0" strokeStyle="0" edges="!0 0! 0 0"/>
    <Edge fillStyle0="1" fillStyle1="0" strokeStyle="0" edges="!0 0! 5139 5179| 5179 5241| 5244 5245| 5313 5216| 5333 5157| 5332 5127| 5145 5122| 5139 5179"/>
  </edges>
</DOMShape>
                                   </elements>
            </DOMFrame>
          </frames>
        </DOMLayer>
        <DOMLayer name="Layer 41">
          <frames>
            <DOMFrame index="0" motionTweenScale="false" keyMode="8192">
              <elements>
<DOMShape isFloating="true">
                                             <fills>
  <FillStyle index="1">
    <SolidColor color="#000000" alpha="1.0"/>
  </FillStyle>
</fills>
                                             <strokes/>
  <edges>
    <Edge fillStyle0="0" fillStyle1="0" strokeStyle="0" edges="!0 0! 0 0"/>
    <Edge fillStyle0="1" fillStyle1="0" strokeStyle="0" edges="!0 0! 5360 5370[ 5327 5417 5326 5425[ 5324 5436 5339 5534[ 5352 5627 5345 5641[ 5338 5659 5298 5668| 5224 5674[ 5103 5665 5080 5620[ 5070 5601 5095 5518| 5123 5419[ 5123 5405 5098 5373[ 5065 5331 5051 5299[ 5032 5258 5077 5201[ 5099 5173 5125 5152| 5112 5112[ 5082 5136 5055 5170[ 5000 5238 5009 5287[ 5017 5331 5049 5367[ 5077 5399 5078 5414| 5056 5522[ 5037 5611 5048 5633[ 5063 5662 5121 5690[ 5177 5717 5218 5718[ 5259 5719 5324 5697[ 5389 5675 5393 5656[ 5396 5644 5375 5545[ 5354 5447 5359 5431| 5402 5375[ 5437 5328 5440 5276[ 5444 5220 5381 5155| 5317 5099| 5309 5157| 5360 5189[ 5410 5229 5402 5278[ 5393 5322 5360 5370"/>
  </edges>
</DOMShape>
                                   </elements>
            </DOMFrame>
          </frames>
        </DOMLayer>
        <DOMLayer name="Layer 42">
          <frames>
            <DOMFrame index="0" motionTweenScale="false" keyMode="8192">
              <elements>
<DOMShape isFloating="true">
                                             <fills>
  <FillStyle index="1">
    <SolidColor color="#dbe6eb" alpha="1.0"/>
  </FillStyle>
</fills>
                                             <strokes/>
  <edges>
    <Edge fillStyle0="0" fillStyle1="0" strokeStyle="0" edges="!0 0! 0 0"/>
    <Edge fillStyle0="1" fillStyle1="0" strokeStyle="0" edges="!0 0! 5118 5149| 5069 5197[ 5019 5250 5019 5270[ 5019 5289 5065 5360| 5111 5427| 5062 5613| 5093 5647[ 5139 5682 5219 5689[ 5299 5697 5303 5688[ 5305 5684 5291 5678[ 5224 5623 5218 5557[ 5217 5542 5276 5485[ 5339 5422 5347 5404[ 5309 5411 5263 5384| 5224 5355[ 5152 5404 5121 5377[ 5086 5348 5080 5278[ 5077 5246 5101 5211[ 5112 5194 5125 5182| 5118 5149"/>
  </edges>
</DOMShape>
                                   </elements>
            </DOMFrame>
          </frames>
        </DOMLayer>
        <DOMLayer name="Layer 43">
          <frames>
            <DOMFrame index="0" motionTweenScale="false" keyMode="8192">
              <elements>
<DOMShape isFloating="true">
                                             <fills>
  <FillStyle index="1">
    <SolidColor color="#ffffff" alpha="1.0"/>
  </FillStyle>
</fills>
                                             <strokes/>
  <edges>
    <Edge fillStyle0="0" fillStyle1="0" strokeStyle="0" edges="!0 0! 0 0"/>
    <Edge fillStyle0="1" fillStyle1="0" strokeStyle="0" edges="!0 0! 5048 5633| 5215 5700| 5378 5656| 5343 5428| 5423 5276| 5319 5129| 5136 5124| 5026 5246| 5101 5393| 5048 5633"/>
  </edges>
</DOMShape>
                                   </elements>
            </DOMFrame>
          </frames>
        </DOMLayer>
        <DOMLayer name="Layer 44">
          <frames>
            <DOMFrame index="0" motionTweenScale="false" keyMode="8192">
              <elements>
<DOMShape isFloating="true">
                                             <fills>
  <FillStyle index="1">
    <SolidColor color="#000000" alpha="1.0"/>
  </FillStyle>
</fills>
                                             <strokes/>
  <edges>
    <Edge fillStyle0="0" fillStyle1="0" strokeStyle="0" edges="!0 0! 0 0"/>
    <Edge fillStyle0="0" fillStyle1="1" strokeStyle="0" edges="!0 0! 5270 5655| 5265 5797[ 5262 5941 5271 5954[ 5283 5970 5319 5972[ 5355 5973 5376 5958[ 5406 5937 5357 5637| 5384 5627[ 5436 5928 5395 5976[ 5367 6008 5311 6004[ 5257 6000 5246 5976[ 5237 5959 5235 5801| 5235 5646| 5270 5655"/>
  </edges>
</DOMShape>
                                   </elements>
            </DOMFrame>
          </frames>
        </DOMLayer>
        <DOMLayer name="Layer 45">
          <frames>
            <DOMFrame index="0" motionTweenScale="false" keyMode="8192">
              <elements>
<DOMShape isFloating="true">
                                             <fills>
  <FillStyle index="1">
    <SolidColor color="#004695" alpha="1.0"/>
  </FillStyle>
</fills>
                                             <strokes/>
  <edges>
    <Edge fillStyle0="0" fillStyle1="0" strokeStyle="0" edges="!0 0! 0 0"/>
    <Edge fillStyle0="0" fillStyle1="1" strokeStyle="0" edges="!0 0! 5296 5693| 5289 5772[ 5284 5856 5292 5881[ 5306 5920 5354 5948| 5270 5991| 5257 5702| 5296 5693"/>
  </edges>
</DOMShape>
                                   </elements>
            </DOMFrame>
          </frames>
        </DOMLayer>
        <DOMLayer name="Layer 46">
          <frames>
            <DOMFrame index="0" motionTweenScale="false" keyMode="8192">
              <elements>
<DOMShape isFloating="true">
                                             <fills>
  <FillStyle index="1">
    <SolidColor color="#007fff" alpha="1.0"/>
  </FillStyle>
</fills>
                                             <strokes/>
  <edges>
    <Edge fillStyle0="0" fillStyle1="0" strokeStyle="0" edges="!0 0! 0 0"/>
    <Edge fillStyle0="1" fillStyle1="0" strokeStyle="0" edges="!0 0! 5246 5644| 5257 5971| 5334 5994| 5402 5940| 5384 5627| 5246 5644"/>
  </edges>
</DOMShape>
                                   </elements>
            </DOMFrame>
          </frames>
        </DOMLayer>
        <DOMLayer name="Layer 47">
          <frames>
            <DOMFrame index="0" motionTweenScale="false" keyMode="8192">
              <elements>
<DOMShape isFloating="true">
                                             <fills>
  <FillStyle index="1">
    <SolidColor color="#ff0000" alpha="1.0"/>
  </FillStyle>
</fills>
                                             <strokes/>
  <edges>
    <Edge fillStyle0="0" fillStyle1="0" strokeStyle="0" edges="!0 0! 0 0"/>
    <Edge fillStyle0="1" fillStyle1="0" strokeStyle="0" edges="!0 0! 5058 6015[ 5034 6019 4984 5996| 4933 5963| 4920 5948| 4915 5955[ 4912 5965 4917 5976[ 4929 5993 4980 6020[ 5031 6044 5043 6040[ 5056 6034 5058 6015"/>
  </edges>
</DOMShape>
                                   </elements>
            </DOMFrame>
          </frames>
        </DOMLayer>
        <DOMLayer name="Layer 48">
          <frames>
            <DOMFrame index="0" motionTweenScale="false" keyMode="8192">
              <elements>
<DOMShape isFloating="true">
                                             <fills>
  <FillStyle index="1">
    <SolidColor color="#ffffff" alpha="1.0"/>
  </FillStyle>
</fills>
                                             <strokes/>
  <edges>
    <Edge fillStyle0="0" fillStyle1="0" strokeStyle="0" edges="!0 0! 0 0"/>
    <Edge fillStyle0="1" fillStyle1="0" strokeStyle="0" edges="!0 0! 4953 5920[ 4921 5937 4914 5957[ 4906 5983 4972 6016[ 5041 6049 5052 6033[ 5063 6014 5063 5984[ 5061 5941 5027 5922| 4953 5920"/>
  </edges>
</DOMShape>
                                   </elements>
            </DOMFrame>
          </frames>
        </DOMLayer>
        <DOMLayer name="Layer 49">
          <frames>
            <DOMFrame index="0" motionTweenScale="false" keyMode="8192">
              <elements>
<DOMShape isFloating="true">
                                             <fills>
  <FillStyle index="1">
    <SolidColor color="#000000" alpha="1.0"/>
  </FillStyle>
</fills>
                                             <strokes/>
  <edges>
    <Edge fillStyle0="0" fillStyle1="0" strokeStyle="0" edges="!0 0! 0 0"/>
    <Edge fillStyle0="1" fillStyle1="0" strokeStyle="0" edges="!0 0! 5039 5903[ 4990 5873 4935 5902[ 4891 5925 4881 5954[ 4869 5989 4961 6036[ 5058 6082 5072 6059[ 5089 6034 5089 5990[ 5088 5931 5039 5903"/>
  </edges>
</DOMShape>
                                   </elements>
            </DOMFrame>
          </frames>
        </DOMLayer>
        <DOMLayer name="Layer 50">
          <frames>
            <DOMFrame index="0" motionTweenScale="false" keyMode="8192">
              <elements>
<DOMShape isFloating="true">
                                             <fills>
  <FillStyle index="1">
    <SolidColor color="#000000" alpha="1.0"/>
  </FillStyle>
</fills>
                                             <strokes/>
  <edges>
    <Edge fillStyle0="0" fillStyle1="0" strokeStyle="0" edges="!0 0! 0 0"/>
    <Edge fillStyle0="1" fillStyle1="0" strokeStyle="0" edges="!0 0! 5129 5599| 5039 5729[ 4951 5865 4959 5904[ 4969 5946 5022 5968[ 5071 5988 5092 5973[ 5116 5954 5252 5684| 5217 5676[ 5101 5931 5079 5942[ 5061 5951 5030 5935[ 4996 5919 4984 5897[ 4974 5876 5060 5747| 5148 5620| 5129 5599"/>
  </edges>
</DOMShape>
                                   </elements>
            </DOMFrame>
          </frames>
        </DOMLayer>
        <DOMLayer name="Layer 51">
          <frames>
            <DOMFrame index="0" motionTweenScale="false" keyMode="8192">
              <elements>
<DOMShape isFloating="true">
                                             <fills>
  <FillStyle index="1">
    <SolidColor color="#003caf" alpha="1.0"/>
  </FillStyle>
</fills>
                                             <strokes/>
  <edges>
    <Edge fillStyle0="0" fillStyle1="0" strokeStyle="0" edges="!0 0! 0 0"/>
    <Edge fillStyle0="0" fillStyle1="1" strokeStyle="0" edges="!0 0! 5200 5707[ 5182 5733 5139 5745[ 5111 5754 5090 5855| 5075 5956| 4951 5907| 5144 5607| 5200 5707"/>
  </edges>
</DOMShape>
                                   </elements>
            </DOMFrame>
          </frames>
        </DOMLayer>
        <DOMLayer name="Layer 52">
          <frames>
            <DOMFrame index="0" motionTweenScale="false" keyMode="8192">
              <elements>
                                        <DOMShape isFloating="true">
                                             <fills>
  <FillStyle index="1">
    <SolidColor color="#007fff" alpha="1.0"/>
  </FillStyle>
</fills>
                                             <strokes/>
  <edges>
    <Edge fillStyle1="1" edges="!0 0! 5243 5677| 5084 5962| 5005 5948| 4970 5869| 5129 5599| 5243 5677"/>
  </edges>
</DOMShape>
                                   </elements>
            </DOMFrame>
          </frames>
        </DOMLayer>
      </layers>
    </DOMTimeline>
  </timeline>
</DOMSymbolItem>
