<DOMSymbolItem xmlns="http://ns.adobe.com/xfl/2008/" xmlns:xsi="http://www.w3.org/2001/XMLSchema-instance" name="Symbol 23" lastModified="1635072455" symbolType="graphic">
  <timeline>
    <DOMTimeline name="Symbol 23" currentFrame="0">
      <layers>
        <DOMLayer name="Layer 1">
          <frames>
            <DOMFrame index="0" motionTweenScale="false" keyMode="8192">
              <elements>
                                        <DOMShape isFloating="true">
                                             <fills>
  <FillStyle index="1">
    <SolidColor color="#c4b188"/>
  </FillStyle>
  <FillStyle index="2">
    <SolidColor color="#d8cbaf"/>
  </FillStyle>
</fills>
                                             <strokes/>
  <edges>
    <Edge fillStyle0="1" edges="!0 0! 1426 5527| 1423 5527| -130 6428| -130 6444| 11042 6444| 9461 5527| 9406 5527"/>
    <Edge fillStyle0="1" fillStyle1="2" edges="!9406 5527| 1426 5527"/>
    <Edge fillStyle0="0" fillStyle1="2" edges="!1426 5527| 1426 1405| 9406 1405| 9406 5527"/>
  </edges>
</DOMShape>
                                   </elements>
            </DOMFrame>
          </frames>
        </DOMLayer>
      </layers>
    </DOMTimeline>
  </timeline>
</DOMSymbolItem>
