<DOMSymbolItem xmlns="http://ns.adobe.com/xfl/2008/" xmlns:xsi="http://www.w3.org/2001/XMLSchema-instance" name="Symbol 112" lastModified="1635072455" symbolType="graphic">
  <timeline>
    <DOMTimeline name="Symbol 112" currentFrame="0">
      <layers>
        <DOMLayer name="Layer 1">
          <frames>
            <DOMFrame index="0" motionTweenScale="false" keyMode="8192">
              <elements>
<DOMShape isFloating="true">
                                             <fills>
  <FillStyle index="1">
    <SolidColor color="#ffbf00"/>
  </FillStyle>
</fills>
                                             <strokes/>
  <edges>
    <Edge fillStyle0="0" fillStyle1="0" strokeStyle="0" edges="!0 0! 0 0"/>
    <Edge fillStyle0="1" fillStyle1="0" strokeStyle="0" edges="!0 0! 3302 1254[ 3304 1312 3253 1354| 3200 1385| 3256 1373[ 3314 1367 3329 1402[ 3386 1553 3343 1766[ 3322 1872 3289 1949| 3369 1924[ 3464 1887 3539 1827[ 3778 1634 3727 1275[ 3676 917 3335 874[ 3228 860 3105 880[ 3043 890 3003 903| 3152 1043[ 3300 1196 3302 1254"/>
  </edges>
</DOMShape>
                                   </elements>
            </DOMFrame>
          </frames>
        </DOMLayer>
        <DOMLayer name="Layer 2">
          <frames>
            <DOMFrame index="0" motionTweenScale="false" keyMode="8192">
              <elements>
<DOMShape isFloating="true">
                                             <fills>
  <FillStyle index="1">
    <SolidColor color="#ffffff"/>
  </FillStyle>
</fills>
                                             <strokes>
  <StrokeStyle index="1">
    <SolidStroke scaleMode="normal" weight="1.85">
      <fill>
        <SolidColor color="#000000"/>
      </fill>
    </SolidStroke>
  </StrokeStyle>
</strokes>
  <edges>
    <Edge fillStyle0="0" fillStyle1="0" strokeStyle="0" edges="!0 0! 0 0"/>
    <Edge fillStyle0="0" fillStyle1="1" strokeStyle="1" edges="!0 0! 2034 2496[ 2005 2496 1984 2475[ 1963 2454 1963 2425[ 1963 2396 1984 2375[ 2005 2354 2034 2354[ 2063 2354 2084 2375[ 2105 2396 2105 2425[ 2105 2454 2084 2475[ 2063 2496 2034 2496"/>
  </edges>
</DOMShape>
                                   </elements>
            </DOMFrame>
          </frames>
        </DOMLayer>
        <DOMLayer name="Layer 3">
          <frames>
            <DOMFrame index="0" motionTweenScale="false" keyMode="8192">
              <elements>
<DOMShape isFloating="true">
                                             <fills>
  <FillStyle index="1">
    <SolidColor color="#ffffff"/>
  </FillStyle>
</fills>
                                             <strokes>
  <StrokeStyle index="1">
    <SolidStroke scaleMode="normal" weight="1.85">
      <fill>
        <SolidColor color="#000000"/>
      </fill>
    </SolidStroke>
  </StrokeStyle>
</strokes>
  <edges>
    <Edge fillStyle0="0" fillStyle1="0" strokeStyle="0" edges="!2067 3546! 0 0"/>
    <Edge fillStyle0="0" fillStyle1="1" strokeStyle="1" edges="!0 0! 1018 2480[ 989 2480 968 2459[ 947 2438 947 2409[ 947 2380 968 2359[ 989 2338 1018 2338[ 1047 2338 1068 2359[ 1089 2380 1089 2409[ 1089 2438 1068 2459[ 1047 2480 1018 2480"/>
  </edges>
</DOMShape>
                                   </elements>
            </DOMFrame>
          </frames>
        </DOMLayer>
        <DOMLayer name="Layer 4">
          <frames>
            <DOMFrame index="0" motionTweenScale="false" keyMode="8192">
              <elements>
<DOMShape isFloating="true">
                                             <fills>
  <FillStyle index="1">
    <SolidColor color="#f5c4a0"/>
  </FillStyle>
  <FillStyle index="2">
    <SolidColor color="#f4a057"/>
  </FillStyle>
  <FillStyle index="3">
    <SolidColor color="#000000"/>
  </FillStyle>
</fills>
                                             <strokes>
  <StrokeStyle index="1">
    <SolidStroke scaleMode="normal" weight="1.85">
      <fill>
        <SolidColor color="#000000"/>
      </fill>
    </SolidStroke>
  </StrokeStyle>
</strokes>
  <edges>
    <Edge fillStyle0="0" fillStyle1="0" strokeStyle="0" edges="!1021 3506! 0 0"/>
    <Edge fillStyle0="2" fillStyle1="3" strokeStyle="0" edges="!0 0! 2072 3631| 2066 3622[ 1924 3783 1845 3810| 1689 3815[ 1661 3800 1651 3776"/>
    <Edge fillStyle0="2" fillStyle1="1" strokeStyle="0" edges="!1651 3776| 1652 3773[ 1677 3730 1730 3711[ 1766 3698 1812 3710[ 1853 3720 1891 3699[ 1930 3677 2023 3599| 2040 3584| 2038 3580| 2067 3546"/>
    <Edge fillStyle0="2" fillStyle1="0" strokeStyle="1" edges="!2067 3546[ 2127 3559 2072 3631"/>
    <Edge fillStyle0="3" fillStyle1="0" strokeStyle="0" edges="!2072 3631| 2083 3646[ 1943 3822 1858 3851[ 1743 3890 1670 3853[ 1623 3828 1608 3784[ 1593 3735 1636 3676[ 1696 3589 1829 3583[ 1878 3581 1946 3555| 2003 3530| 2013 3544"/>
    <Edge fillStyle0="3" fillStyle1="1" strokeStyle="0" edges="!2013 3544| 2024 3560| 2023 3560| 1955 3595[ 1886 3624 1830 3627[ 1720 3631 1670 3701[ 1640 3744 1649 3771| 1651 3776"/>
    <Edge fillStyle0="1" fillStyle1="0" strokeStyle="1" edges="!1651 3776! 2013 3544| 2067 3546"/>
    <Edge fillStyle0="1" fillStyle1="0" strokeStyle="0" edges="!2067 3546! 2256 3400| 2280 3366| 2284 3362| 2256 3400"/>
  </edges>
</DOMShape>
                                   </elements>
            </DOMFrame>
          </frames>
        </DOMLayer>
        <DOMLayer name="Layer 5">
          <frames>
            <DOMFrame index="0" motionTweenScale="false" keyMode="8192">
              <elements>
<DOMShape isFloating="true">
                                             <fills>
  <FillStyle index="1">
    <SolidColor color="#f5c4a0"/>
  </FillStyle>
  <FillStyle index="2">
    <SolidColor color="#f4a057"/>
  </FillStyle>
  <FillStyle index="3">
    <SolidColor color="#000000"/>
  </FillStyle>
</fills>
                                             <strokes>
  <StrokeStyle index="1">
    <SolidStroke scaleMode="normal" weight="1.85">
      <fill>
        <SolidColor color="#000000"/>
      </fill>
    </SolidStroke>
  </StrokeStyle>
</strokes>
  <edges>
    <Edge fillStyle0="0" fillStyle1="0" strokeStyle="0" edges="!0 0! 0 0"/>
    <Edge fillStyle0="2" fillStyle1="3" strokeStyle="0" edges="!0 0! 1016 3591| 1022 3582[ 1164 3743 1243 3770| 1399 3775[ 1427 3760 1437 3736"/>
    <Edge fillStyle0="2" fillStyle1="1" strokeStyle="0" edges="!1437 3736| 1436 3733[ 1411 3690 1358 3671[ 1322 3658 1276 3670[ 1235 3680 1197 3659[ 1158 3637 1065 3559| 1048 3544| 1050 3540| 1021 3506"/>
    <Edge fillStyle0="2" fillStyle1="0" strokeStyle="1" edges="!1021 3506[ 961 3519 1016 3591"/>
    <Edge fillStyle0="3" fillStyle1="0" strokeStyle="0" edges="!1016 3591| 1005 3606[ 1145 3782 1230 3811[ 1345 3850 1418 3813[ 1465 3788 1480 3744[ 1495 3695 1452 3636[ 1392 3549 1259 3543[ 1210 3541 1142 3515| 1085 3490| 1075 3504"/>
    <Edge fillStyle0="3" fillStyle1="1" strokeStyle="0" edges="!1075 3504| 1064 3520| 1065 3520| 1133 3555[ 1202 3584 1258 3587[ 1368 3591 1418 3661[ 1448 3704 1439 3731| 1437 3736"/>
    <Edge fillStyle0="1" fillStyle1="0" strokeStyle="1" edges="!1437 3736! 1075 3504| 1021 3506"/>
    <Edge fillStyle0="1" fillStyle1="0" strokeStyle="0" edges="!1021 3506! 832 3360| 808 3326| 804 3322| 832 3360"/>
  </edges>
</DOMShape>
                                   </elements>
            </DOMFrame>
          </frames>
        </DOMLayer>
        <DOMLayer name="Layer 6">
          <frames>
            <DOMFrame index="0" motionTweenScale="false" keyMode="8192">
              <elements>
<DOMShape isFloating="true">
                                             <fills>
  <FillStyle index="1">
    <SolidColor color="#000000"/>
  </FillStyle>
</fills>
                                             <strokes/>
  <edges>
    <Edge fillStyle0="0" fillStyle1="0" strokeStyle="0" edges="!1893 3379! 0 0"/>
    <Edge fillStyle0="0" fillStyle1="1" strokeStyle="0" edges="!0 0! 1544 3080[ 1445 3073 1379 3141[ 1345 3176 1324 3218[ 1263 3226 1254 3271[ 1249 3293 1256 3315| 1217 3310[ 1217 3282 1228 3254[ 1251 3198 1307 3198[ 1322 3191 1333 3169| 1355 3125[ 1397 3067 1541 3061[ 1690 3055 1784 3157[ 1830 3208 1847 3260| 1864 3358| 1825 3341[ 1819 3281 1781 3219[ 1705 3095 1544 3080"/>
  </edges>
</DOMShape>
                                   </elements>
            </DOMFrame>
          </frames>
        </DOMLayer>
        <DOMLayer name="Layer 7">
          <frames>
            <DOMFrame index="0" motionTweenScale="false" keyMode="8192">
              <elements>
<DOMShape isFloating="true">
                                             <fills>
  <FillStyle index="1">
    <SolidColor color="#000000"/>
  </FillStyle>
</fills>
                                             <strokes/>
  <edges>
    <Edge fillStyle0="0" fillStyle1="0" strokeStyle="0" edges="!0 0! 0 0"/>
    <Edge fillStyle0="1" fillStyle1="0" strokeStyle="0" edges="!0 0! 1893 3379[ 1912 3427 1811 4051| 1731 4076[ 1619 4104 1489 4104[ 1346 4104 1259 4057[ 1224 4039 1205 4037[ 1190 4022 1178 3908[ 1165 3784 1165 3623[ 1164 3484 1173 3398[ 1181 3333 1190 3321| 1231 3332[ 1244 3332 1261 3322| 1296 3305| 1373 3309[ 1443 3330 1504 3332| 1672 3323[ 1769 3314 1776 3322[ 1790 3340 1815 3356| 1832 3371[ 1845 3383 1871 3371| 1884 3367| 1893 3379"/>
    <Edge fillStyle0="1" fillStyle1="0" strokeStyle="0" edges="!1893 3379! 1893 3341[ 1879 3336 1858 3347| 1851 3350| 1852 3351| 1850 3350| 1851 3350| 1830 3334| 1798 3304[ 1787 3291 1754 3290| 1669 3296| 1505 3304[ 1444 3302 1382 3282[ 1323 3264 1285 3280[ 1264 3288 1247 3299| 1230 3304| 1195 3293[ 1182 3289 1172 3300[ 1134 3339 1137 3644[ 1141 3944 1174 4035[ 1184 4063 1200 4063[ 1216 4065 1245 4081[ 1340 4132 1489 4132[ 1704 4132 1829 4073| 1836 4070| 1837 4063[ 1940 3416 1918 3368[ 1908 3346 1893 3341"/>
  </edges>
</DOMShape>
                                   </elements>
            </DOMFrame>
          </frames>
        </DOMLayer>
        <DOMLayer name="Layer 8">
          <frames>
            <DOMFrame index="0" motionTweenScale="false" keyMode="8192">
              <elements>
<DOMShape isFloating="true">
                                             <fills>
  <FillStyle index="1">
    <SolidColor color="#bfd1d8"/>
  </FillStyle>
</fills>
                                             <strokes/>
  <edges>
    <Edge fillStyle0="0" fillStyle1="0" strokeStyle="0" edges="!0 0! 0 0"/>
    <Edge fillStyle0="0" fillStyle1="1" strokeStyle="0" edges="!0 0! 1312 3314| 1246 3354[ 1203 3384 1216 3424[ 1227 3456 1209 3569[ 1192 3677 1205 3703[ 1222 3735 1331 3710| 1437 3680[ 1397 3709 1359 3745[ 1281 3816 1283 3848[ 1287 3898 1335 3951| 1311 3962[ 1289 3980 1296 4007[ 1306 4050 1690 4094| 1362 4117| 1185 4043| 1144 3450| 1178 3309| 1236 3314| 1312 3283| 1349 3296[ 1333 3293 1312 3314"/>
  </edges>
</DOMShape>
                                   </elements>
            </DOMFrame>
          </frames>
        </DOMLayer>
        <DOMLayer name="Layer 9">
          <frames>
            <DOMFrame index="0" motionTweenScale="false" keyMode="8192">
              <elements>
<DOMShape isFloating="true">
                                             <fills>
  <FillStyle index="1">
    <SolidColor color="#e5edf1"/>
  </FillStyle>
</fills>
                                             <strokes/>
  <edges>
    <Edge fillStyle0="0" fillStyle1="0" strokeStyle="0" edges="!0 0! 0 0"/>
    <Edge fillStyle0="0" fillStyle1="1" strokeStyle="0" edges="!0 0! 1656 3482[ 1677 3512 1605 3592| 1551 3651[ 1525 3682 1524 3696[ 1521 3722 1599 3749| 1679 3777| 1578 3808[ 1468 3840 1441 3867[ 1410 3898 1419 3941[ 1423 3956 1446 4005[ 1456 4026 1544 4027| 1670 4030[ 1722 4040 1733 4094| 1453 4123| 1241 4061| 1189 4050| 1146 3659| 1178 3309| 1231 3317| 1323 3278| 1484 3317[ 1432 3329 1379 3348[ 1272 3386 1263 3422[ 1249 3478 1271 3532[ 1297 3600 1370 3611[ 1427 3619 1540 3533[ 1594 3492 1611 3483| 1656 3482"/>
  </edges>
</DOMShape>
                                   </elements>
            </DOMFrame>
          </frames>
        </DOMLayer>
        <DOMLayer name="Layer 10">
          <frames>
            <DOMFrame index="0" motionTweenScale="false" keyMode="8192">
              <elements>
<DOMShape isFloating="true">
                                             <fills>
  <FillStyle index="1">
    <SolidColor color="#bfd1d8"/>
  </FillStyle>
</fills>
                                             <strokes/>
  <edges>
    <Edge fillStyle0="0" fillStyle1="0" strokeStyle="0" edges="!0 0! 0 0"/>
    <Edge fillStyle0="1" fillStyle1="0" strokeStyle="0" edges="!0 0! 1744 3956[ 1743 3992 1840 4054| 1887 3515| 1826 3584[ 1773 3647 1772 3669[ 1771 3683 1814 3709[ 1857 3737 1858 3768[ 1859 3800 1803 3871[ 1745 3942 1744 3956"/>
  </edges>
</DOMShape>
                                   </elements>
            </DOMFrame>
          </frames>
        </DOMLayer>
        <DOMLayer name="Layer 11">
          <frames>
            <DOMFrame index="0" motionTweenScale="false" keyMode="8192">
              <elements>
<DOMShape isFloating="true">
                                             <fills>
  <FillStyle index="1">
    <SolidColor color="#e5edf1"/>
  </FillStyle>
</fills>
                                             <strokes/>
  <edges>
    <Edge fillStyle0="0" fillStyle1="0" strokeStyle="0" edges="!0 0! 0 0"/>
    <Edge fillStyle0="1" fillStyle1="0" strokeStyle="0" edges="!0 0! 1668 3900[ 1647 3933 1714 4008| 1786 4077| 1833 4059| 1907 3417| 1789 3513[ 1685 3604 1679 3647[ 1674 3687 1728 3709| 1773 3726| 1808 3748| 1834 3769| 1824 3792[ 1815 3810 1752 3841[ 1686 3873 1668 3900"/>
  </edges>
</DOMShape>
                                   </elements>
            </DOMFrame>
          </frames>
        </DOMLayer>
        <DOMLayer name="Layer 12">
          <frames>
            <DOMFrame index="0" motionTweenScale="false" keyMode="8192">
              <elements>
<DOMShape isFloating="true">
                                             <fills>
  <FillStyle index="1">
    <SolidColor color="#ebad0c"/>
  </FillStyle>
</fills>
                                             <strokes/>
  <edges>
    <Edge fillStyle0="0" fillStyle1="0" strokeStyle="0" edges="!0 0! 0 0"/>
    <Edge fillStyle0="0" fillStyle1="1" strokeStyle="0" edges="!0 0! 1437 3094[ 1397 3170 1402 3214[ 1404 3236 1473 3255[ 1545 3275 1555 3296[ 1576 3339 1491 3315| 1334 3283[ 1239 3333 1239 3321| 1257 3241| 1320 3215| 1403 3097| 1437 3094"/>
  </edges>
</DOMShape>
                                   </elements>
            </DOMFrame>
          </frames>
        </DOMLayer>
        <DOMLayer name="Layer 13">
          <frames>
            <DOMFrame index="0" motionTweenScale="false" keyMode="8192">
              <elements>
<DOMShape isFloating="true">
                                             <fills>
  <FillStyle index="1">
    <SolidColor color="#ffbf00"/>
  </FillStyle>
</fills>
                                             <strokes/>
  <edges>
    <Edge fillStyle0="0" fillStyle1="0" strokeStyle="0" edges="!0 0! 0 0"/>
    <Edge fillStyle0="1" fillStyle1="0" strokeStyle="0" edges="!0 0! 1656 3090| 1481 3070| 1390 3110| 1327 3197| 1255 3244| 1235 3317| 1311 3276| 1550 3326| 1770 3302| 1830 3355| 1845 3277[ 1821 3234 1785 3189[ 1714 3100 1656 3090"/>
  </edges>
</DOMShape>
                                   </elements>
            </DOMFrame>
          </frames>
        </DOMLayer>
        <DOMLayer name="Layer 14">
          <frames>
            <DOMFrame index="0" motionTweenScale="false" keyMode="8192">
              <elements>
<DOMShape isFloating="true">
                                             <fills>
  <FillStyle index="1">
    <SolidColor color="#ffffff"/>
  </FillStyle>
</fills>
                                             <strokes/>
  <edges>
    <Edge fillStyle0="0" fillStyle1="0" strokeStyle="0" edges="!0 0! 0 0"/>
    <Edge fillStyle0="0" fillStyle1="1" strokeStyle="0" edges="!0 0! 1872 3355[ 1893 3347 1905 3374[ 1926 3421 1823 4060[ 1794 4075 1737 4089[ 1623 4118 1489 4118[ 1361 4118 1287 4086| 1241 4063| 1202 4050[ 1182 4048 1167 3929[ 1154 3821 1152 3669[ 1149 3515 1158 3413[ 1169 3299 1191 3307| 1241 3317| 1290 3292[ 1323 3278 1372 3293[ 1444 3316 1505 3318| 1687 3308| 1787 3313[ 1808 3339 1842 3361[ 1847 3366 1872 3355"/>
  </edges>
</DOMShape>
                                   </elements>
            </DOMFrame>
          </frames>
        </DOMLayer>
        <DOMLayer name="Layer 15">
          <frames>
            <DOMFrame index="0" motionTweenScale="false" keyMode="8192">
              <elements>
<DOMShape isFloating="true">
                                             <fills>
  <FillStyle index="1">
    <SolidColor color="#000000"/>
  </FillStyle>
</fills>
                                             <strokes/>
  <edges>
    <Edge fillStyle0="0" fillStyle1="0" strokeStyle="0" edges="!2008 2978! 0 0"/>
    <Edge fillStyle0="1" fillStyle1="0" strokeStyle="0" edges="!0 0! 1842 3038| 1582 3049| 1383 3047| 1588 3068[ 1800 3082 1862 3068[ 1956 3048 2021 2967[ 2029 2957 2014 2940[ 2000 2922 1994 2926[ 2010 2947 1958 2983[ 1908 3019 1842 3038"/>
  </edges>
</DOMShape>
                                   </elements>
            </DOMFrame>
          </frames>
        </DOMLayer>
        <DOMLayer name="Layer 16">
          <frames>
            <DOMFrame index="0" motionTweenScale="false" keyMode="8192">
              <elements>
<DOMShape isFloating="true">
                                             <fills>
  <FillStyle index="1">
    <SolidColor color="#ffffff"/>
  </FillStyle>
</fills>
                                             <strokes>
  <StrokeStyle index="1">
    <SolidStroke scaleMode="normal" weight="1.0">
      <fill>
        <SolidColor color="#000000"/>
      </fill>
    </SolidStroke>
  </StrokeStyle>
  <StrokeStyle index="2">
    <SolidStroke scaleMode="normal" weight="1.0">
      <fill>
        <SolidColor color="#000000"/>
      </fill>
    </SolidStroke>
  </StrokeStyle>
</strokes>
  <edges>
    <Edge fillStyle0="0" fillStyle1="0" strokeStyle="0" edges="!1127 3025! 0 0"/>
    <Edge fillStyle0="1" fillStyle1="0" strokeStyle="1" edges="!0 0! 2000 3068[ 1955 3063 1941 3011| 2008 2978"/>
    <Edge fillStyle0="1" fillStyle1="0" strokeStyle="2" edges="!2008 2978[ 2023 3018 2000 3068"/>
  </edges>
</DOMShape>
                                   </elements>
            </DOMFrame>
          </frames>
        </DOMLayer>
        <DOMLayer name="Layer 17">
          <frames>
            <DOMFrame index="0" motionTweenScale="false" keyMode="8192">
              <elements>
<DOMShape isFloating="true">
                                             <fills>
  <FillStyle index="1">
    <SolidColor color="#ffffff"/>
  </FillStyle>
</fills>
                                             <strokes>
  <StrokeStyle index="1">
    <SolidStroke scaleMode="normal" weight="1.0">
      <fill>
        <SolidColor color="#000000"/>
      </fill>
    </SolidStroke>
  </StrokeStyle>
  <StrokeStyle index="2">
    <SolidStroke scaleMode="normal" weight="1.0">
      <fill>
        <SolidColor color="#000000"/>
      </fill>
    </SolidStroke>
  </StrokeStyle>
</strokes>
  <edges>
    <Edge fillStyle0="0" fillStyle1="0" strokeStyle="0" edges="!0 0! 0 0"/>
    <Edge fillStyle0="1" fillStyle1="0" strokeStyle="1" edges="!0 0! 1158 3110[ 1200 3093 1200 3040| 1127 3025"/>
    <Edge fillStyle0="1" fillStyle1="0" strokeStyle="2" edges="!1127 3025[ 1123 3067 1158 3110"/>
  </edges>
</DOMShape>
                                   </elements>
            </DOMFrame>
          </frames>
        </DOMLayer>
        <DOMLayer name="Layer 18">
          <frames>
            <DOMFrame index="0" motionTweenScale="false" keyMode="8192">
              <elements>
<DOMShape isFloating="true">
                                             <fills>
  <FillStyle index="1">
    <SolidColor color="#f4a057"/>
  </FillStyle>
</fills>
                                             <strokes/>
  <edges>
    <Edge fillStyle0="0" fillStyle1="0" strokeStyle="0" edges="!0 0! 0 0"/>
    <Edge fillStyle0="1" fillStyle1="0" strokeStyle="0" edges="!0 0! 1282 2060| 1320 2073[ 1359 2088 1366 2098[ 1377 2113 1360 2190[ 1398 2101 1390 2083[ 1385 2071 1333 2064| 1282 2060"/>
  </edges>
</DOMShape>
                                   </elements>
            </DOMFrame>
          </frames>
        </DOMLayer>
        <DOMLayer name="Layer 19">
          <frames>
            <DOMFrame index="0" motionTweenScale="false" keyMode="8192">
              <elements>
<DOMShape isFloating="true">
                                             <fills>
  <FillStyle index="1">
    <SolidColor color="#f4a057"/>
  </FillStyle>
</fills>
                                             <strokes/>
  <edges>
    <Edge fillStyle0="0" fillStyle1="0" strokeStyle="0" edges="!0 0! 0 0"/>
    <Edge fillStyle0="0" fillStyle1="1" strokeStyle="0" edges="!0 0! 1488 3185[ 1505 3171 1528 3157[ 1574 3130 1604 3131[ 1652 3133 1697 3226[ 1634 3170 1602 3164| 1533 3173| 1488 3185"/>
  </edges>
</DOMShape>
                                   </elements>
            </DOMFrame>
          </frames>
        </DOMLayer>
        <DOMLayer name="Layer 20">
          <frames>
            <DOMFrame index="0" motionTweenScale="false" keyMode="8192">
              <elements>
<DOMShape isFloating="true">
                                             <fills>
  <FillStyle index="1">
    <SolidColor color="#f4a057"/>
  </FillStyle>
</fills>
                                             <strokes/>
  <edges>
    <Edge fillStyle0="0" fillStyle1="0" strokeStyle="0" edges="!0 0! 0 0"/>
    <Edge fillStyle0="1" fillStyle1="0" strokeStyle="0" edges="!0 0! 1992 2867| 2024 2860[ 2058 2856 2072 2875[ 2092 2905 2088 2984[ 2121 2883 2091 2856[ 2072 2839 2030 2852| 1992 2867"/>
  </edges>
</DOMShape>
                                   </elements>
            </DOMFrame>
          </frames>
        </DOMLayer>
        <DOMLayer name="Layer 21">
          <frames>
            <DOMFrame index="0" motionTweenScale="false" keyMode="8192">
              <elements>
<DOMShape isFloating="true">
                                             <fills>
  <FillStyle index="1">
    <SolidColor color="#000000"/>
  </FillStyle>
</fills>
                                             <strokes/>
  <edges>
    <Edge fillStyle0="0" fillStyle1="0" strokeStyle="0" edges="!0 0! 0 0"/>
    <Edge fillStyle0="1" fillStyle1="0" strokeStyle="0" edges="!0 0! 2487 2613| 2460 2618| 2485 2666| 2513 2669| 2487 2613"/>
  </edges>
</DOMShape>
                                   </elements>
            </DOMFrame>
          </frames>
        </DOMLayer>
        <DOMLayer name="Layer 22">
          <frames>
            <DOMFrame index="0" motionTweenScale="false" keyMode="8192">
              <elements>
<DOMShape isFloating="true">
                                             <fills>
  <FillStyle index="1">
    <SolidColor color="#000000"/>
  </FillStyle>
</fills>
                                             <strokes/>
  <edges>
    <Edge fillStyle0="0" fillStyle1="0" strokeStyle="0" edges="!0 0! 0 0"/>
    <Edge fillStyle0="1" fillStyle1="0" strokeStyle="0" edges="!0 0! 2563 2598| 2528 2605| 2559 2664| 2595 2668| 2563 2598"/>
  </edges>
</DOMShape>
                                   </elements>
            </DOMFrame>
          </frames>
        </DOMLayer>
        <DOMLayer name="Layer 23">
          <frames>
            <DOMFrame index="0" motionTweenScale="false" keyMode="8192">
              <elements>
<DOMShape isFloating="true">
                                             <fills>
  <FillStyle index="1">
    <SolidColor color="#000000"/>
  </FillStyle>
</fills>
                                             <strokes/>
  <edges>
    <Edge fillStyle0="0" fillStyle1="0" strokeStyle="0" edges="!0 0! 0 0"/>
    <Edge fillStyle0="0" fillStyle1="1" strokeStyle="0" edges="!0 0! 568 2652| 596 2656| 574 2705| 547 2711| 568 2652"/>
  </edges>
</DOMShape>
                                   </elements>
            </DOMFrame>
          </frames>
        </DOMLayer>
        <DOMLayer name="Layer 24">
          <frames>
            <DOMFrame index="0" motionTweenScale="false" keyMode="8192">
              <elements>
<DOMShape isFloating="true">
                                             <fills>
  <FillStyle index="1">
    <SolidColor color="#000000"/>
  </FillStyle>
</fills>
                                             <strokes/>
  <edges>
    <Edge fillStyle0="0" fillStyle1="0" strokeStyle="0" edges="!0 0! 0 0"/>
    <Edge fillStyle0="0" fillStyle1="1" strokeStyle="0" edges="!0 0! 492 2643| 527 2648| 500 2709| 465 2716| 492 2643"/>
  </edges>
</DOMShape>
                                   </elements>
            </DOMFrame>
          </frames>
        </DOMLayer>
        <DOMLayer name="Layer 25">
          <frames>
            <DOMFrame index="0" motionTweenScale="false" keyMode="8192">
              <elements>
<DOMShape isFloating="true">
                                             <fills>
  <FillStyle index="1">
    <SolidColor color="#000000"/>
  </FillStyle>
</fills>
                                             <strokes/>
  <edges>
    <Edge fillStyle0="0" fillStyle1="0" strokeStyle="0" edges="!0 0! 0 0"/>
    <Edge fillStyle0="0" fillStyle1="1" strokeStyle="0" edges="!0 0! 1088 2998| 1069 2952| 1091 2981[ 1119 3012 1148 3021| 1214 3024| 1271 3020[ 1305 3026 1310 3045| 1267 3036| 1209 3044| 1137 3050[ 1111 3045 1088 2998"/>
  </edges>
</DOMShape>
                                   </elements>
            </DOMFrame>
          </frames>
        </DOMLayer>
        <DOMLayer name="Layer 26">
          <frames>
            <DOMFrame index="0" motionTweenScale="false" keyMode="8192">
              <elements>
<DOMShape isFloating="true">
                                             <fills>
  <FillStyle index="1">
    <SolidColor color="#000000"/>
  </FillStyle>
</fills>
                                             <strokes/>
  <edges>
    <Edge fillStyle0="0" fillStyle1="0" strokeStyle="0" edges="!0 0! 0 0"/>
    <Edge fillStyle0="1" fillStyle1="0" strokeStyle="0" edges="!0 0! 1534 2548| 1535 2603| 1581 2662| 1545 2744| 1643 2672| 1534 2548"/>
  </edges>
</DOMShape>
                                   </elements>
            </DOMFrame>
          </frames>
        </DOMLayer>
        <DOMLayer name="Layer 27">
          <frames>
            <DOMFrame index="0" motionTweenScale="false" keyMode="8192">
              <elements>
<DOMShape isFloating="true">
                                             <fills>
  <FillStyle index="1">
    <SolidColor color="#000000"/>
  </FillStyle>
</fills>
                                             <strokes/>
  <edges>
    <Edge fillStyle0="0" fillStyle1="0" strokeStyle="0" edges="!0 0! 0 0"/>
    <Edge fillStyle0="1" fillStyle1="0" strokeStyle="0" edges="!0 0! 608 2120| 704 2186[ 822 2253 930 2254[ 1047 2255 1172 2206[ 1285 2162 1287 2136[ 1289 2118 1236 2082| 1181 2051[ 1233 2093 1209 2116[ 1134 2190 957 2191[ 863 2192 726 2156| 608 2120"/>
  </edges>
</DOMShape>
                                   </elements>
            </DOMFrame>
          </frames>
        </DOMLayer>
        <DOMLayer name="Layer 28">
          <frames>
            <DOMFrame index="0" motionTweenScale="false" keyMode="8192">
              <elements>
<DOMShape isFloating="true">
                                             <fills>
  <FillStyle index="1">
    <SolidColor color="#000000"/>
  </FillStyle>
</fills>
                                             <strokes/>
  <edges>
    <Edge fillStyle0="0" fillStyle1="0" strokeStyle="0" edges="!0 0! 0 0"/>
    <Edge fillStyle0="1" fillStyle1="0" strokeStyle="0" edges="!0 0! 1763 2093| 1770 2135[ 1786 2182 1832 2207[ 1873 2229 2027 2225[ 2195 2221 2219 2226[ 2289 2244 2394 2346[ 2319 2184 2249 2167[ 2216 2159 2060 2169[ 1904 2180 1862 2169[ 1813 2157 1783 2124| 1763 2093"/>
  </edges>
</DOMShape>
                                   </elements>
            </DOMFrame>
          </frames>
        </DOMLayer>
        <DOMLayer name="Layer 29">
          <frames>
            <DOMFrame index="0" motionTweenScale="false" keyMode="8192">
              <elements>
<DOMShape isFloating="true">
                                             <fills>
  <FillStyle index="1">
    <SolidColor color="#000000"/>
  </FillStyle>
</fills>
                                             <strokes/>
  <edges>
    <Edge fillStyle0="0" fillStyle1="0" strokeStyle="0" edges="!0 0! 0 0"/>
    <Edge fillStyle0="1" fillStyle1="0" strokeStyle="0" edges="!0 0! 2432 555[ 2425 624 2249 900[ 2172 709 2083 519[ 1905 141 1845 148[ 1862 230 1665 384| 1443 0| 1208 403| 1137 316[ 1066 223 1066 196[ 1025 191 790 560[ 672 745 561 931[ 533 897 508 846[ 456 745 468 661[ 385 681 303 1113[ 262 1328 237 1540[ 64 1477 5 1388[ -9 1403 16 1556| 81 1900[ 184 2434 168 2585[ 174 2569 218 2531| 260 2496| 162 1971[ 100 1663 64 1552| 142 1591[ 215 1623 293 1646[ 320 1437 353 1225[ 421 800 458 784[ 443 885 591 1091| 801 704[ 1014 314 1034 311[ 1021 351 1112 430| 1206 501| 1444 137| 1648 521[ 1893 319 1877 257[ 1905 255 2070 662| 2230 1069[ 2461 740 2454 663[ 2538 902 2581 1302[ 2603 1502 2608 1654| 2744 1577[ 2883 1502 2901 1509[ 2807 1587 2768 2067[ 2748 2308 2747 2532| 2802 2635[ 2802 2394 2826 2120[ 2875 1574 3003 1415[ 2961 1379 2809 1447| 2665 1522[ 2646 1300 2607 1069[ 2529 605 2432 555"/>
  </edges>
</DOMShape>
                                   </elements>
            </DOMFrame>
          </frames>
        </DOMLayer>
        <DOMLayer name="Layer 30">
          <frames>
            <DOMFrame index="0" motionTweenScale="false" keyMode="8192">
              <elements>
<DOMShape isFloating="true">
                                             <fills>
  <FillStyle index="1">
    <SolidColor color="#000000"/>
  </FillStyle>
</fills>
                                             <strokes/>
  <edges>
    <Edge fillStyle0="0" fillStyle1="0" strokeStyle="0" edges="!0 0! 0 0"/>
    <Edge fillStyle0="0" fillStyle1="1" strokeStyle="0" edges="!0 0! 2487 1800| 2561 2131| 2391 1862| 2178 2017| 2071 1759| 1922 1845| 2103 1617| 2196 1839| 2378 1716| 2487 1800"/>
  </edges>
</DOMShape>
                                   </elements>
            </DOMFrame>
          </frames>
        </DOMLayer>
        <DOMLayer name="Layer 31">
          <frames>
            <DOMFrame index="0" motionTweenScale="false" keyMode="8192">
              <elements>
<DOMShape isFloating="true">
                                             <fills>
  <FillStyle index="1">
    <SolidColor color="#000000"/>
  </FillStyle>
</fills>
                                             <strokes/>
  <edges>
    <Edge fillStyle0="0" fillStyle1="0" strokeStyle="0" edges="!0 0! 0 0"/>
    <Edge fillStyle0="1" fillStyle1="0" strokeStyle="0" edges="!0 0! 1011 1873[ 1129 1755 1256 1639[ 1509 1406 1548 1416[ 1501 1495 1589 1733| 1814 1619| 1901 1747| 1927 1702| 1826 1507| 1667 1606[ 1600 1356 1631 1283[ 1521 1293 1151 1620[ 967 1783 809 1939| 1011 1873"/>
  </edges>
</DOMShape>
                                   </elements>
            </DOMFrame>
          </frames>
        </DOMLayer>
        <DOMLayer name="Layer 32">
          <frames>
            <DOMFrame index="0" motionTweenScale="false" keyMode="8192">
              <elements>
<DOMShape isFloating="true">
                                             <fills>
  <FillStyle index="1">
    <SolidColor color="#000000"/>
  </FillStyle>
</fills>
                                             <strokes/>
  <edges>
    <Edge fillStyle0="0" fillStyle1="0" strokeStyle="0" edges="!0 0! 0 0"/>
    <Edge fillStyle0="1" fillStyle1="0" strokeStyle="0" edges="!0 0! 603 1628[ 502 1533 485 1537[ 482 1805 376 2262| 543 1663| 724 1865| 875 1527| 1007 1707| 1059 1662| 878 1391| 700 1724| 603 1628"/>
  </edges>
</DOMShape>
                                   </elements>
            </DOMFrame>
          </frames>
        </DOMLayer>
        <DOMLayer name="Layer 33">
          <frames>
            <DOMFrame index="0" motionTweenScale="false" keyMode="8192">
              <elements>
<DOMShape isFloating="true">
                                             <fills>
  <FillStyle index="1">
    <SolidColor color="#000000"/>
  </FillStyle>
</fills>
                                             <strokes/>
  <edges>
    <Edge fillStyle0="0" fillStyle1="0" strokeStyle="0" edges="!0 0! 0 0"/>
    <Edge fillStyle0="0" fillStyle1="1" strokeStyle="0" edges="!0 0! 359 2488[ 398 2528 355 2558[ 306 2560 256 2575[ 158 2605 162 2669[ 167 2771 293 2923[ 249 2902 203 2860[ 112 2778 103 2678[ 94 2571 211 2508[ 256 2484 301 2478[ 345 2473 359 2488"/>
  </edges>
</DOMShape>
                                   </elements>
            </DOMFrame>
          </frames>
        </DOMLayer>
        <DOMLayer name="Layer 34">
          <frames>
            <DOMFrame index="0" motionTweenScale="false" keyMode="8192">
              <elements>
<DOMShape isFloating="true">
                                             <fills>
  <FillStyle index="1">
    <SolidColor color="#000000"/>
  </FillStyle>
</fills>
                                             <strokes/>
  <edges>
    <Edge fillStyle0="0" fillStyle1="0" strokeStyle="0" edges="!0 0! 0 0"/>
    <Edge fillStyle0="1" fillStyle1="0" strokeStyle="0" edges="!0 0! 2630 2493[ 2619 2507 2637 2521| 2687 2551[ 2771 2599 2773 2655[ 2775 2757 2673 2923[ 2712 2898 2752 2852[ 2830 2760 2831 2660[ 2833 2552 2746 2500[ 2711 2480 2677 2478[ 2644 2476 2630 2493"/>
  </edges>
</DOMShape>
                                   </elements>
            </DOMFrame>
          </frames>
        </DOMLayer>
        <DOMLayer name="Layer 35">
          <frames>
            <DOMFrame index="0" motionTweenScale="false" keyMode="8192">
              <elements>
<DOMShape isFloating="true">
                                             <fills>
  <FillStyle index="1">
    <SolidColor color="#000000"/>
  </FillStyle>
</fills>
                                             <strokes/>
  <edges>
    <Edge fillStyle0="0" fillStyle1="0" strokeStyle="0" edges="!0 0! 0 0"/>
    <Edge fillStyle0="0" fillStyle1="1" strokeStyle="0" edges="!0 0! 2533 1992[ 2588 2203 2628 2395[ 2756 3010 2694 3218[ 2631 3430 2105 3520[ 1927 3551 1718 3563[ 1564 3572 1479 3568[ 1159 3553 859 3483[ 340 3361 285 3131[ 231 2905 366 2272[ 408 2074 464 1860| 511 1685| 411 2318[ 320 2982 364 3133[ 411 3295 806 3395[ 1121 3474 1491 3484[ 1878 3494 2155 3450[ 2531 3392 2608 3242[ 2680 3103 2590 2448[ 2563 2243 2522 2011| 2487 1820| 2533 1992"/>
  </edges>
</DOMShape>
                                   </elements>
            </DOMFrame>
          </frames>
        </DOMLayer>
        <DOMLayer name="Layer 36">
          <frames>
            <DOMFrame index="0" motionTweenScale="false" keyMode="8192">
              <elements>
<DOMShape isFloating="true">
                                             <fills>
  <FillStyle index="1">
    <SolidColor color="#f4a057"/>
  </FillStyle>
</fills>
                                             <strokes/>
  <edges>
    <Edge fillStyle0="0" fillStyle1="0" strokeStyle="0" edges="!0 0! 0 0"/>
    <Edge fillStyle0="0" fillStyle1="1" strokeStyle="0" edges="!0 0! 335 2616| 284 2824[ 208 2755 217 2687[ 222 2645 279 2627[ 307 2617 335 2616"/>
  </edges>
</DOMShape>
                                   </elements>
            </DOMFrame>
          </frames>
        </DOMLayer>
        <DOMLayer name="Layer 37">
          <frames>
            <DOMFrame index="0" motionTweenScale="false" keyMode="8192">
              <elements>
<DOMShape isFloating="true">
                                             <fills>
  <FillStyle index="1">
    <SolidColor color="#f4a057"/>
  </FillStyle>
</fills>
                                             <strokes/>
  <edges>
    <Edge fillStyle0="0" fillStyle1="0" strokeStyle="0" edges="!0 0! 0 0"/>
    <Edge fillStyle0="1" fillStyle1="0" strokeStyle="0" edges="!0 0! 2641 2615| 2679 2783[ 2735 2700 2721 2660[ 2712 2635 2675 2623| 2641 2615"/>
  </edges>
</DOMShape>
                                   </elements>
            </DOMFrame>
          </frames>
        </DOMLayer>
        <DOMLayer name="Layer 38">
          <frames>
            <DOMFrame index="0" motionTweenScale="false" keyMode="8192">
              <elements>
<DOMShape isFloating="true">
                                             <fills>
  <FillStyle index="1">
    <SolidColor color="#f4a057"/>
  </FillStyle>
</fills>
                                             <strokes/>
  <edges>
    <Edge fillStyle0="0" fillStyle1="0" strokeStyle="0" edges="!0 0! 0 0"/>
    <Edge fillStyle0="0" fillStyle1="1" strokeStyle="0" edges="!0 0! 1794 1663[ 1746 1680 1694 1704[ 1591 1751 1573 1781[ 1555 1787 1518 1649[ 1481 1512 1489 1484[ 1493 1468 1251 1675| 1008 1886| 791 1949| 1572 1322| 1604 1671| 1825 1551| 1901 1747| 1794 1663"/>
  </edges>
</DOMShape>
                                   </elements>
            </DOMFrame>
          </frames>
        </DOMLayer>
        <DOMLayer name="Layer 39">
          <frames>
            <DOMFrame index="0" motionTweenScale="false" keyMode="8192">
              <elements>
<DOMShape isFloating="true">
                                             <fills>
  <FillStyle index="1">
    <SolidColor color="#f4a057"/>
  </FillStyle>
</fills>
                                             <strokes/>
  <edges>
    <Edge fillStyle0="0" fillStyle1="0" strokeStyle="0" edges="!0 0! 0 0"/>
    <Edge fillStyle0="1" fillStyle1="0" strokeStyle="0" edges="!0 0! 713 1749| 507 1582| 467 1966| 563 1713| 734 1909| 870 1598| 1003 1704| 1038 1655| 867 1436| 713 1749"/>
  </edges>
</DOMShape>
                                   </elements>
            </DOMFrame>
          </frames>
        </DOMLayer>
        <DOMLayer name="Layer 40">
          <frames>
            <DOMFrame index="0" motionTweenScale="false" keyMode="8192">
              <elements>
<DOMShape isFloating="true">
                                             <fills>
  <FillStyle index="1">
    <SolidColor color="#f4a057"/>
  </FillStyle>
</fills>
                                             <strokes/>
  <edges>
    <Edge fillStyle0="0" fillStyle1="0" strokeStyle="0" edges="!0 0! 0 0"/>
    <Edge fillStyle0="0" fillStyle1="1" strokeStyle="0" edges="!0 0! 2537 2014| 2590 2246| 2378 1916| 2151 2065| 2063 1824| 1924 1839| 2106 1692| 2184 1906| 2395 1765| 2537 2014"/>
  </edges>
</DOMShape>
                                   </elements>
            </DOMFrame>
          </frames>
        </DOMLayer>
        <DOMLayer name="Layer 41">
          <frames>
            <DOMFrame index="0" motionTweenScale="false" keyMode="8192">
              <elements>
<DOMShape isFloating="true">
                                             <fills>
  <FillStyle index="1">
    <SolidColor color="#f69c6b"/>
  </FillStyle>
</fills>
                                             <strokes/>
  <edges>
    <Edge fillStyle0="0" fillStyle1="0" strokeStyle="0" edges="!0 0! 0 0"/>
    <Edge fillStyle0="1" fillStyle1="0" strokeStyle="0" edges="!0 0! 1538 2491| 1536 2555| 1625 2644| 1545 2710| 1672 2642| 1538 2491"/>
  </edges>
</DOMShape>
                                   </elements>
            </DOMFrame>
          </frames>
        </DOMLayer>
        <DOMLayer name="Layer 42">
          <frames>
            <DOMFrame index="0" motionTweenScale="false" keyMode="8192">
              <elements>
<DOMShape isFloating="true">
                                             <fills>
  <FillStyle index="1">
    <SolidColor color="#f4a057"/>
  </FillStyle>
</fills>
                                             <strokes/>
  <edges>
    <Edge fillStyle0="0" fillStyle1="0" strokeStyle="0" edges="!0 0! 0 0"/>
    <Edge fillStyle0="1" fillStyle1="0" strokeStyle="0" edges="!0 0! 490 1793| 393 2377[ 301 2976 325 3052| 344 3123[ 353 3152 364 3170[ 389 3207 525 3316[ 686 3467 1243 3499[ 1522 3515 1768 3500[ 1667 3348 1608 3330[ 1575 3320 1513 3344[ 1436 3373 1400 3375| 1254 3359[ 1129 3337 1006 3300[ 660 3195 561 3043[ 467 2897 469 2331[ 470 2154 480 1956| 490 1793"/>
  </edges>
</DOMShape>
                                   </elements>
            </DOMFrame>
          </frames>
        </DOMLayer>
        <DOMLayer name="Layer 43">
          <frames>
            <DOMFrame index="0" motionTweenScale="false" keyMode="8192">
              <elements>
<DOMShape isFloating="true">
                                             <fills>
  <FillStyle index="1">
    <SolidColor color="#f4a057"/>
  </FillStyle>
</fills>
                                             <strokes/>
  <edges>
    <Edge fillStyle0="0" fillStyle1="0" strokeStyle="0" edges="!0 0! 0 0"/>
    <Edge fillStyle0="1" fillStyle1="0" strokeStyle="0" edges="!0 0! 2565 3132[ 2354 3388 1581 3432[ 1588 3461 1648 3491| 1755 3495| 2015 3483[ 2424 3440 2634 3265[ 2676 3162 2653 3013| 2630 2922| 2632 2960[ 2631 3052 2565 3132"/>
  </edges>
</DOMShape>
                                   </elements>
            </DOMFrame>
          </frames>
        </DOMLayer>
        <DOMLayer name="Layer 44">
          <frames>
            <DOMFrame index="0" motionTweenScale="false" keyMode="8192">
              <elements>
<DOMShape isFloating="true">
                                             <fills>
  <FillStyle index="1">
    <SolidColor color="#f5be8b"/>
  </FillStyle>
</fills>
                                             <strokes/>
  <edges>
    <Edge fillStyle0="0" fillStyle1="0" strokeStyle="0" edges="!0 0! 0 0"/>
    <Edge fillStyle0="1" fillStyle1="0" strokeStyle="0" edges="!0 0! 2369 1765| 2210 1885| 2092 1694| 1979 1796| 1823 1541| 1646 1634| 1572 1322| 1078 1692| 884 1428| 736 1737| 695 1744| 530 1587| 471 1839| 342 2512[ 299 2517 253 2534[ 160 2569 143 2627[ 125 2685 205 2817[ 245 2882 289 2937| 330 3146| 356 3202[ 401 3268 498 3324[ 811 3501 1527 3499[ 2243 3498 2523 3347[ 2611 3300 2644 3243| 2660 3197| 2681 2887[ 2713 2870 2744 2836[ 2805 2767 2799 2680[ 2793 2593 2712 2546[ 2686 2531 2656 2522| 2631 2517| 2516 1929| 2369 1765"/>
  </edges>
</DOMShape>
                                   </elements>
            </DOMFrame>
          </frames>
        </DOMLayer>
        <DOMLayer name="Layer 45">
          <frames>
            <DOMFrame index="0" motionTweenScale="false" keyMode="8192">
              <elements>
<DOMShape isFloating="true">
                                             <fills>
  <FillStyle index="1">
    <SolidColor color="#210000"/>
  </FillStyle>
</fills>
                                             <strokes/>
  <edges>
    <Edge fillStyle0="0" fillStyle1="0" strokeStyle="0" edges="!0 0! 0 0"/>
    <Edge fillStyle0="0" fillStyle1="1" strokeStyle="0" edges="!0 0! 2657 1824| 2663 2504| 359 2488| 240 1893| 350 1925| 441 1415| 667 1651| 959 961| 1157 1434| 1432 781| 1648 1226| 1910 954| 2177 1579| 2413 1335| 2523 1875| 2657 1824"/>
  </edges>
</DOMShape>
                                   </elements>
            </DOMFrame>
          </frames>
        </DOMLayer>
        <DOMLayer name="Layer 46">
          <frames>
            <DOMFrame index="0" motionTweenScale="false" keyMode="8192">
              <elements>
<DOMShape isFloating="true">
                                             <fills>
  <FillStyle index="1">
    <SolidColor color="#3d0000"/>
  </FillStyle>
</fills>
                                             <strokes/>
  <edges>
    <Edge fillStyle0="0" fillStyle1="0" strokeStyle="0" edges="!0 0! 0 0"/>
    <Edge fillStyle0="1" fillStyle1="0" strokeStyle="0" edges="!0 0! 2336 1666| 2228 1806| 2062 1541| 1955 1713| 1783 1466| 1688 1593| 1641 1264| 1066 1647| 843 1028| 674 1379[ 618 1340 564 1278[ 454 1155 463 1042[ 409 1040 332 1769[ 293 2133 266 2498| 345 2471| 518 1648| 701 1795| 855 1537| 1066 1743| 1561 1403| 1634 1687| 1812 1611| 1966 1816| 2093 1740| 2196 1915| 2379 1830| 2505 2017| 2612 2453| 2731 2503| 2765 2357| 2629 2336| 2524 1770| 2336 1666"/>
  </edges>
</DOMShape>
                                   </elements>
            </DOMFrame>
          </frames>
        </DOMLayer>
        <DOMLayer name="Layer 47">
          <frames>
            <DOMFrame index="0" motionTweenScale="false" keyMode="8192">
              <elements>
<DOMShape isFloating="true">
                                             <fills>
  <FillStyle index="1">
    <SolidColor color="#3d0000"/>
  </FillStyle>
</fills>
                                             <strokes/>
  <edges>
    <Edge fillStyle0="0" fillStyle1="0" strokeStyle="0" edges="!0 0! 0 0"/>
    <Edge fillStyle0="0" fillStyle1="1" strokeStyle="0" edges="!0 0! 2746 1698| 2707 2380| 2621 2344| 2533 1827| 2746 1698"/>
  </edges>
</DOMShape>
                                   </elements>
            </DOMFrame>
          </frames>
        </DOMLayer>
        <DOMLayer name="Layer 48">
          <frames>
            <DOMFrame index="0" motionTweenScale="false" keyMode="8192">
              <elements>
<DOMShape isFloating="true">
                                             <fills>
  <FillStyle index="1">
    <SolidColor color="#3d0000"/>
  </FillStyle>
</fills>
                                             <strokes/>
  <edges>
    <Edge fillStyle0="0" fillStyle1="0" strokeStyle="0" edges="!0 0! 0 0"/>
    <Edge fillStyle0="1" fillStyle1="0" strokeStyle="0" edges="!0 0! 2454 996[ 2371 1256 2057 1704| 2266 1856| 2561 1839[ 2502 1009 2454 996"/>
  </edges>
</DOMShape>
                                   </elements>
            </DOMFrame>
          </frames>
        </DOMLayer>
        <DOMLayer name="Layer 49">
          <frames>
            <DOMFrame index="0" motionTweenScale="false" keyMode="8192">
              <elements>
<DOMShape isFloating="true">
                                             <fills>
  <FillStyle index="1">
    <SolidColor color="#3d0000"/>
  </FillStyle>
</fills>
                                             <strokes/>
  <edges>
    <Edge fillStyle0="0" fillStyle1="0" strokeStyle="0" edges="!0 0! 0 0"/>
    <Edge fillStyle0="0" fillStyle1="1" strokeStyle="0" edges="!0 0! 1040 598[ 987 744 1196 1115[ 1300 1301 1415 1457| 1084 1649| 855 1522| 748 1699| 633 1613[ 701 1388 785 1148[ 954 669 1040 598"/>
  </edges>
</DOMShape>
                                   </elements>
            </DOMFrame>
          </frames>
        </DOMLayer>
        <DOMLayer name="Layer 50">
          <frames>
            <DOMFrame index="0" motionTweenScale="false" keyMode="8192">
              <elements>
<DOMShape isFloating="true">
                                             <fills>
  <FillStyle index="1">
    <SolidColor color="#3d0000"/>
  </FillStyle>
</fills>
                                             <strokes/>
  <edges>
    <Edge fillStyle0="0" fillStyle1="0" strokeStyle="0" edges="!0 0! 0 0"/>
    <Edge fillStyle0="0" fillStyle1="1" strokeStyle="0" edges="!0 0! 1612 1642| 1135 1306| 1434 423| 1791 1546| 1612 1642"/>
  </edges>
</DOMShape>
                                   </elements>
            </DOMFrame>
          </frames>
        </DOMLayer>
        <DOMLayer name="Layer 51">
          <frames>
            <DOMFrame index="0" motionTweenScale="false" keyMode="8192">
              <elements>
<DOMShape isFloating="true">
                                             <fills>
  <FillStyle index="1">
    <SolidColor color="#3d0000"/>
  </FillStyle>
</fills>
                                             <strokes/>
  <edges>
    <Edge fillStyle0="0" fillStyle1="0" strokeStyle="0" edges="!0 0! 0 0"/>
    <Edge fillStyle0="0" fillStyle1="1" strokeStyle="0" edges="!0 0! 2106 1129[ 2183 1399 2245 1665| 1939 1759| 1543 1311[ 1635 1181 1723 1023[ 1901 707 1882 567[ 1953 588 2106 1129"/>
  </edges>
</DOMShape>
                                   </elements>
            </DOMFrame>
          </frames>
        </DOMLayer>
        <DOMLayer name="Layer 52">
          <frames>
            <DOMFrame index="0" motionTweenScale="false" keyMode="8192">
              <elements>
<DOMShape isFloating="true">
                                             <fills>
  <FillStyle index="1">
    <SolidColor color="#3d0000"/>
  </FillStyle>
</fills>
                                             <strokes/>
  <edges>
    <Edge fillStyle0="0" fillStyle1="0" strokeStyle="0" edges="!0 0! 0 0"/>
    <Edge fillStyle0="0" fillStyle1="1" strokeStyle="0" edges="!0 0! 389 1885| 303 2421| 174 1777| 389 1885"/>
  </edges>
</DOMShape>
                                   </elements>
            </DOMFrame>
          </frames>
        </DOMLayer>
        <DOMLayer name="Layer 53">
          <frames>
            <DOMFrame index="0" motionTweenScale="false" keyMode="8192">
              <elements>
                                        <DOMShape isFloating="true">
                                             <fills>
  <FillStyle index="1">
    <SolidColor color="#7f0000"/>
  </FillStyle>
</fills>
                                             <strokes/>
  <edges>
    <Edge fillStyle1="1" edges="!0 0! 2585 1111[ 2617 1339 2635 1562[ 2973 1444 2939 1471[ 2863 1529 2812 2050[ 2787 2311 2776 2560| 210 2539| 44 1493| 258 1615| 436 719| 588 1002| 1028 269| 1203 441| 1465 75| 1664 424| 1883 214| 2250 969| 2331 804[ 2420 638 2456 630[ 2522 654 2585 1111"/>
  </edges>
</DOMShape>
                                   </elements>
            </DOMFrame>
          </frames>
        </DOMLayer>
      </layers>
    </DOMTimeline>
  </timeline>
</DOMSymbolItem>
