<DOMSymbolItem xmlns="http://ns.adobe.com/xfl/2008/" xmlns:xsi="http://www.w3.org/2001/XMLSchema-instance" name="Symbol 29" lastModified="1635072455" symbolType="graphic">
  <timeline>
    <DOMTimeline name="Symbol 29" currentFrame="0">
      <layers>
        <DOMLayer name="Layer 1">
          <frames>
            <DOMFrame index="0" motionTweenScale="false" keyMode="8192">
              <elements>
<DOMShape isFloating="true">
                                             <fills>
  <FillStyle index="1">
    <SolidColor color="#990000"/>
  </FillStyle>
</fills>
                                             <strokes>
  <StrokeStyle index="1">
    <SolidStroke scaleMode="normal" weight="1.0">
      <fill>
        <SolidColor color="#ffffff"/>
      </fill>
    </SolidStroke>
  </StrokeStyle>
</strokes>
  <edges>
    <Edge fillStyle0="0" fillStyle1="0" strokeStyle="0" edges="!7973 607! 0 0"/>
    <Edge fillStyle0="1" fillStyle1="0" strokeStyle="0" edges="!0 0! 201 537| 508 769| 275 1078[ 226 1141 312 1206| 571 1401[ 657 1466 705 1402| 939 1094| 1246 1327[ 1310 1375 1375 1290| 1570 1031[ 1635 946 1572 897| 1265 665| 1496 358[ 1544 293 1459 229| 1200 33[ 1113 -33 1065 32| 834 339| 526 106[ 462 58 398 145| 202 402[ 136 487 201 537"/>
    <Edge fillStyle0="1" fillStyle1="1" strokeStyle="1" edges="!201 537! 267 450| 472 186| 851 471| 1142 91| 1418 304| 1131 683| 1513 970| 1284 1248| 918 968| 633 1345| 355 1116| 634 750| 259 461"/>
  </edges>
</DOMShape>
                                   </elements>
            </DOMFrame>
          </frames>
        </DOMLayer>
        <DOMLayer name="Layer 2">
          <frames>
            <DOMFrame index="0" motionTweenScale="false" keyMode="8192">
              <elements>
                                        <DOMShape isFloating="true">
                                             <fills>
  <FillStyle index="1">
    <SolidColor color="#990000"/>
  </FillStyle>
</fills>
                                             <strokes>
  <StrokeStyle index="1">
    <SolidStroke scaleMode="normal" weight="1.0">
      <fill>
        <SolidColor color="#ffffff"/>
      </fill>
    </SolidStroke>
  </StrokeStyle>
</strokes>
  <edges>
    <Edge fillStyle0="1" fillStyle1="1" strokeStyle="1" edges="!0 0! 8424 1077[ 8317 1184 8166 1185[ 8014 1184 7907 1077[ 7800 970 7801 820[ 7800 668 7907 561[ 8014 454 8166 454[ 8317 454 8424 561[ 8531 668 8531 820[ 8531 970 8424 1077"/>
    <Edge fillStyle0="1" fillStyle1="1" strokeStyle="1" edges="!8424 1077! 8608 1261[ 8425 1445 8166 1445[ 7907 1445 7723 1261[ 7540 1078 7540 819[ 7540 560 7723 376[ 7907 193 8166 193[ 8425 193 8608 376[ 8792 560 8792 819[ 8792 1078 8608 1261"/>
    <Edge fillStyle0="0" fillStyle1="1" strokeStyle="0" edges="!8608 1261! 8655 1310[ 8451 1514 8163 1514[ 7874 1514 7670 1310[ 7466 1106 7466 817[ 7466 529 7670 325[ 7874 121 8163 121[ 8451 121 8655 325[ 8859 529 8859 817[ 8859 1106 8655 1310"/>
    <Edge fillStyle0="1" fillStyle1="0" strokeStyle="0" edges="!8655 1310! 7973 607| 7962 618[ 7876 704 7876 827[ 7875 842 7877 857| 7875 827[ 7875 704 7962 618| 7973 607"/>
    <Edge fillStyle0="1" fillStyle1="0" strokeStyle="0" edges="!7973 607! 7968 621[ 8051 538 8169 538[ 8287 538 8370 621[ 8453 704 8453 823[ 8453 940 8370 1024[ 8287 1107 8169 1107[ 8051 1107 7968 1024[ 7884 940 7885 823[ 7884 704 7968 621"/>
  </edges>
</DOMShape>
                                   </elements>
            </DOMFrame>
          </frames>
        </DOMLayer>
      </layers>
    </DOMTimeline>
  </timeline>
</DOMSymbolItem>
