<DOMSymbolItem xmlns="http://ns.adobe.com/xfl/2008/" xmlns:xsi="http://www.w3.org/2001/XMLSchema-instance" name="Symbol 14" lastModified="1635072455" symbolType="graphic">
  <timeline>
    <DOMTimeline name="Symbol 14" currentFrame="0">
      <layers>
        <DOMLayer name="Layer 1">
          <frames>
            <DOMFrame index="0" motionTweenScale="false" keyMode="8192">
              <elements>
<DOMShape isFloating="true">
                                             <fills>
  <FillStyle index="1">
    <SolidColor color="#990000"/>
  </FillStyle>
  <FillStyle index="2">
    <SolidColor color="#ffffff"/>
  </FillStyle>
</fills>
                                             <strokes/>
  <edges>
    <Edge fillStyle0="0" fillStyle1="0" strokeStyle="0" edges="!1628 752! 0 0"/>
    <Edge fillStyle0="0" fillStyle1="1" strokeStyle="0" edges="!0 0! 1824 195| 1943 264| 1935 354| 1919 363| 1895 388| 1776 459| 1920 519| 1907 677| 1868 711| 1479 918| 1207 758| 1221 617| 1253 585| 1255 578| 1335 541| 1232 493| 1240 388| 1273 351| 1307 328| 1292 332| 1253 256| 1286 223| 1284 219| 1551 32| 1825 194| 1824 195"/>
    <Edge fillStyle0="2" fillStyle1="1" strokeStyle="0" edges="!1824 195! 1773 210| 1659 304| 1766 360| 1627 443| 1435 351| 1567 256| 1639 295| 1755 200| 1553 80| 1335 231| 1346 251| 1495 197| 1510 194[ 1526 194 1526 207[ 1526 217 1516 227| 1312 372| 1307 434| 1485 514| 1292 606| 1283 701| 1516 840| 1869 651| 1879 544| 1677 461| 1898 329| 1902 287| 1773 210"/>
    <Edge fillStyle0="0" fillStyle1="1" strokeStyle="0" edges="!1773 210! 1532 335| 1517 347| 1625 398| 1637 391| 1532 335"/>
    <Edge fillStyle0="2" fillStyle1="1" strokeStyle="0" edges="!1532 335! 1540 533| 1783 641| 1633 717| 1398 598| 1540 533"/>
    <Edge fillStyle0="0" fillStyle1="1" strokeStyle="0" edges="!1540 533! 1633 673| 1638 671| 1556 634| 1633 673"/>
  </edges>
</DOMShape>
                                   </elements>
            </DOMFrame>
          </frames>
        </DOMLayer>
        <DOMLayer name="Layer 2">
          <frames>
            <DOMFrame index="0" motionTweenScale="false" keyMode="8192">
              <elements>
<DOMShape isFloating="true">
                                             <fills>
  <FillStyle index="1">
    <SolidColor color="#990000"/>
  </FillStyle>
  <FillStyle index="2">
    <SolidColor color="#ffffff"/>
  </FillStyle>
</fills>
                                             <strokes/>
  <edges>
    <Edge fillStyle0="0" fillStyle1="0" strokeStyle="0" edges="!1324 557! 0 0"/>
    <Edge fillStyle0="2" fillStyle1="1" strokeStyle="0" edges="!0 0! 1410 668| 1139 755| 1081 570| 927 618| 994 836| 1091 881| 1578 726| 1419 229| 1119 88| 1112 101| 1173 193| 1161 213| 832 316| 920 600| 1076 552| 1014 357| 1284 272| 1410 668"/>
    <Edge fillStyle0="0" fillStyle1="1" strokeStyle="0" edges="!1410 668! 1628 752| 1041 938| 917 880| 738 309| 783 293| 782 289| 1073 198| 1020 120| 1054 58| 1098 43| 1102 37| 1453 202| 1628 752"/>
    <Edge fillStyle0="0" fillStyle1="1" strokeStyle="0" edges="!1628 752! 1314 657| 1212 335| 1064 384| 1126 578| 1124 577| 1165 705| 1314 657"/>
  </edges>
</DOMShape>
                                   </elements>
            </DOMFrame>
          </frames>
        </DOMLayer>
        <DOMLayer name="Layer 3">
          <frames>
            <DOMFrame index="0" motionTweenScale="false" keyMode="8192">
              <elements>
<DOMShape isFloating="true">
                                             <fills>
  <FillStyle index="1">
    <SolidColor color="#990000"/>
  </FillStyle>
  <FillStyle index="2">
    <SolidColor color="#ffffff"/>
  </FillStyle>
</fills>
                                             <strokes/>
  <edges>
    <Edge fillStyle0="0" fillStyle1="0" strokeStyle="0" edges="!710 88! 0 0"/>
    <Edge fillStyle0="2" fillStyle1="1" strokeStyle="0" edges="!0 0! 1091 531| 851 684| 748 520| 611 607| 733 800| 838 819| 1268 544| 989 104| 662 45| 658 59| 740 132| 735 154| 442 337| 601 590| 739 504| 629 332| 869 180| 1091 531"/>
    <Edge fillStyle0="0" fillStyle1="1" strokeStyle="0" edges="!1091 531! 1324 557| 803 886| 668 862| 349 356| 389 328| 388 325| 645 162| 575 100| 592 32| 630 7| 633 0| 1014 69| 1324 557"/>
    <Edge fillStyle0="0" fillStyle1="1" strokeStyle="0" edges="!1324 557! 996 545| 815 261| 684 344| 794 516| 792 517| 865 629| 996 545"/>
  </edges>
</DOMShape>
                                   </elements>
            </DOMFrame>
          </frames>
        </DOMLayer>
        <DOMLayer name="Layer 4">
          <frames>
            <DOMFrame index="0" motionTweenScale="false" keyMode="8192">
              <elements>
                                        <DOMShape isFloating="true">
                                             <fills>
  <FillStyle index="1">
    <SolidColor color="#ffffff"/>
  </FillStyle>
  <FillStyle index="2">
    <SolidColor color="#990000"/>
  </FillStyle>
</fills>
                                             <strokes/>
  <edges>
    <Edge fillStyle1="2" edges="!0 0! 645 170| 672 314| 662 318| 632 348| 509 400[ 454 425 410 451[ 366 476 336 502[ 307 527 294 553| 294 555| 291 565| 280 586| 282 587[ 274 606 272 621[ 269 636 269 650[ 269 664 272 674| 480 674| 529 523| 561 492| 564 483| 665 483| 634 844| 628 844| 594 876| 30 876[ 15 836 8 800[ 0 763 0 732[ 0 695 7 661[ 13 627 27 593| 21 591| 36 570| 54 544| 78 520| 84 513| 90 504| 93 506[ 146 448 221 395[ 297 343 398 294| 390 260[ 346 194 263 188| 219 324| 214 324| 180 356| 91 356| 91 73| 108 34| 754 34| 747 120| 739 122| 707 153| 645 170"/>
    <Edge fillStyle0="1" fillStyle1="2" edges="!645 170! 710 73| 150 73| 150 284| 191 284| 246 114| 286 114[ 402 114 461 209| 485 300[ 197 420 120 530| 251 556| 254 547| 258 539[ 310 419 628 290| 604 154| 607 114| 710 88"/>
    <Edge fillStyle0="1" fillStyle1="0" edges="!710 88| 710 73"/>
    <Edge fillStyle0="2" fillStyle1="0" edges="!710 73| 711 73| 710 88"/>
    <Edge fillStyle0="1" fillStyle1="2" edges="!710 88! 592 523| 529 714| 249 714[ 229 690 229 650[ 229 616 243 576| 108 548[ 89 581 81 622[ 73 663 73 695| 78 750| 93 804| 597 804| 622 523| 592 523"/>
  </edges>
</DOMShape>
                                   </elements>
            </DOMFrame>
          </frames>
        </DOMLayer>
      </layers>
    </DOMTimeline>
  </timeline>
</DOMSymbolItem>
