<DOMSymbolItem xmlns="http://ns.adobe.com/xfl/2008/" xmlns:xsi="http://www.w3.org/2001/XMLSchema-instance" name="Symbol 74" lastModified="1635072455" symbolType="graphic">
  <timeline>
    <DOMTimeline name="Symbol 74" currentFrame="0">
      <layers>
        <DOMLayer name="Layer 1">
          <frames>
            <DOMFrame index="0" motionTweenScale="false" keyMode="8192">
              <elements>
                                        <DOMShape isFloating="true">
                                             <fills>
  <FillStyle index="1">
    <SolidColor color="#ffffff"/>
  </FillStyle>
  <FillStyle index="2">
    <SolidColor color="#000000"/>
  </FillStyle>
</fills>
                                             <strokes/>
  <edges>
    <Edge fillStyle1="2" edges="!0 0! 6431 -7687[ 9951 -7688 12451 -5188[ 14950 -2688 14951 832[ 14950 4352 12451 6852[ 9951 9351 6431 9351[ 2911 9351 412 6852[ -2088 4352 -2088 832[ -2088 -2688 412 -5188[ 2911 -7688 6431 -7687"/>
    <Edge fillStyle0="1" fillStyle1="0" edges="!6431 -7687! 7087 1488[ 6821 1753 6447 1754[ 6072 1753 5808 1488[ 5542 1222 5542 849[ 5542 475 5808 209[ 6072 -57 6447 -57[ 6821 -57 7087 209[ 7352 475 7352 849[ 7352 1222 7087 1488"/>
    <Edge fillStyle0="2" fillStyle1="1" edges="!7087 1488! 7180 1582[ 6874 1886 6444 1886[ 6015 1886 5709 1582[ 5404 1276 5404 846[ 5404 416 5709 110[ 6015 -195 6444 -194[ 6874 -195 7180 110[ 7485 416 7485 846[ 7485 1276 7180 1582"/>
  </edges>
</DOMShape>
                                   </elements>
            </DOMFrame>
          </frames>
        </DOMLayer>
      </layers>
    </DOMTimeline>
  </timeline>
</DOMSymbolItem>
