<DOMSymbolItem xmlns="http://ns.adobe.com/xfl/2008/" xmlns:xsi="http://www.w3.org/2001/XMLSchema-instance" name="Symbol 188" lastModified="1635072455" symbolType="graphic">
  <timeline>
    <DOMTimeline name="Symbol 188" currentFrame="0">
      <layers>
        <DOMLayer name="Layer 1">
          <frames>
            <DOMFrame index="0" motionTweenScale="false" keyMode="8192">
              <elements>
<DOMShape isFloating="true">
                                             <fills>
  <FillStyle index="1">
    <SolidColor color="#999999"/>
  </FillStyle>
  <FillStyle index="2">
    <SolidColor color="#000000"/>
  </FillStyle>
</fills>
                                             <strokes/>
  <edges>
    <Edge fillStyle0="0" fillStyle1="0" strokeStyle="0" edges="!5865 4342! 0 0"/>
    <Edge fillStyle0="1" fillStyle1="2" strokeStyle="0" edges="!0 0! 4513 4135[ 4508 4164 4532 4209[ 4562 4265 4643 4293[ 4719 4320 4782 4305| 4848 4284| 4835 4301[ 4806 4339 4709 4350| 4636 4352"/>
    <Edge fillStyle0="1" fillStyle1="0" strokeStyle="0" edges="!4636 4352[ 4557 4330 4532 4262[ 4501 4179 4511 4140| 4513 4135"/>
    <Edge fillStyle0="2" fillStyle1="0" strokeStyle="0" edges="!4513 4135| 4517 4124"/>
    <Edge fillStyle0="2" fillStyle1="1" strokeStyle="0" edges="!4517 4124[ 4520 4115 4528 4109"/>
    <Edge fillStyle0="2" fillStyle1="0" strokeStyle="0" edges="!4528 4109[ 4546 4091 4586 4072[ 4629 4052 4747 4058| 4858 4065[ 4885 4070 4910 4085[ 4962 4113 4961 4161[ 4961 4197 4933 4228[ 4906 4286 4870 4320[ 4846 4344 4793 4352"/>
    <Edge fillStyle0="2" fillStyle1="1" strokeStyle="0" edges="!4793 4352| 4720 4357| 4646 4355"/>
    <Edge fillStyle0="2" fillStyle1="0" strokeStyle="0" edges="!4646 4355| 4616 4351| 4636 4352"/>
    <Edge fillStyle0="0" fillStyle1="1" strokeStyle="0" edges="!4636 4352! 4528 4109| 4523 4107| 4517 4124"/>
    <Edge fillStyle0="1" fillStyle1="0" strokeStyle="0" edges="!4517 4124! 4793 4352| 4671 4359| 4646 4355"/>
  </edges>
</DOMShape>
                                   </elements>
            </DOMFrame>
          </frames>
        </DOMLayer>
        <DOMLayer name="Layer 2">
          <frames>
            <DOMFrame index="0" motionTweenScale="false" keyMode="8192">
              <elements>
<DOMShape isFloating="true">
                                             <fills>
  <FillStyle index="1">
    <SolidColor color="#999999"/>
  </FillStyle>
  <FillStyle index="2">
    <SolidColor color="#000000"/>
  </FillStyle>
</fills>
                                             <strokes/>
  <edges>
    <Edge fillStyle0="0" fillStyle1="0" strokeStyle="0" edges="!0 0! 0 0"/>
    <Edge fillStyle0="1" fillStyle1="2" strokeStyle="0" edges="!0 0! 5968 4112| 5978 4126"/>
    <Edge fillStyle0="1" fillStyle1="0" strokeStyle="0" edges="!5978 4126| 5973 4110| 5968 4112"/>
    <Edge fillStyle0="2" fillStyle1="0" strokeStyle="0" edges="!5968 4112[ 5951 4095 5913 4077[ 5872 4058 5759 4063| 5654 4071[ 5629 4075 5605 4089[ 5556 4116 5557 4162[ 5557 4196 5583 4225[ 5609 4280 5643 4313[ 5666 4334 5716 4343"/>
    <Edge fillStyle0="2" fillStyle1="1" strokeStyle="0" edges="!5716 4343| 5785 4348| 5855 4345"/>
    <Edge fillStyle0="2" fillStyle1="0" strokeStyle="0" edges="!5855 4345| 5884 4342| 5865 4342"/>
    <Edge fillStyle0="2" fillStyle1="1" strokeStyle="0" edges="!5865 4342| 5796 4340[ 5703 4331 5676 4295| 5664 4278[ 5692 4290 5727 4298[ 5787 4311 5859 4287[ 5935 4260 5964 4207[ 5987 4163 5982 4137"/>
    <Edge fillStyle0="2" fillStyle1="0" strokeStyle="0" edges="!5982 4137| 5978 4126"/>
    <Edge fillStyle0="0" fillStyle1="1" strokeStyle="0" edges="!5978 4126! 5982 4137| 5983 4141[ 5993 4179 5964 4257[ 5940 4321 5865 4342"/>
    <Edge fillStyle0="0" fillStyle1="1" strokeStyle="0" edges="!5865 4342! 5855 4345| 5832 4350| 5716 4343"/>
  </edges>
</DOMShape>
                                   </elements>
            </DOMFrame>
          </frames>
        </DOMLayer>
        <DOMLayer name="Layer 3">
          <frames>
            <DOMFrame index="0" motionTweenScale="false" keyMode="8192">
              <elements>
<DOMShape isFloating="true">
                                             <fills>
  <FillStyle index="1">
    <SolidColor color="#4c4c4c"/>
  </FillStyle>
</fills>
                                             <strokes/>
  <edges>
    <Edge fillStyle0="0" fillStyle1="0" strokeStyle="0" edges="!0 0! 0 0"/>
    <Edge fillStyle0="1" fillStyle1="0" strokeStyle="0" edges="!0 0! 5452 6128[ 5509 6126 5516 6117| 5521 6098| 5519 6087[ 5500 6102 5445 6104| 5384 6098| 5365 6091| 5365 6100[ 5365 6111 5376 6118| 5452 6128"/>
  </edges>
</DOMShape>
                                   </elements>
            </DOMFrame>
          </frames>
        </DOMLayer>
        <DOMLayer name="Layer 4">
          <frames>
            <DOMFrame index="0" motionTweenScale="false" keyMode="8192">
              <elements>
<DOMShape isFloating="true">
                                             <fills>
  <FillStyle index="1">
    <SolidColor color="#ffffff"/>
  </FillStyle>
</fills>
                                             <strokes/>
  <edges>
    <Edge fillStyle0="0" fillStyle1="0" strokeStyle="0" edges="!0 0! 0 0"/>
    <Edge fillStyle0="1" fillStyle1="0" strokeStyle="0" edges="!0 0! 5365 6102[ 5369 6130 5443 6128[ 5519 6126 5521 6107[ 5523 6084 5508 6057[ 5488 6020 5448 6018[ 5407 6015 5382 6052[ 5361 6081 5365 6102"/>
  </edges>
</DOMShape>
                                   </elements>
            </DOMFrame>
          </frames>
        </DOMLayer>
        <DOMLayer name="Layer 5">
          <frames>
            <DOMFrame index="0" motionTweenScale="false" keyMode="8192">
              <elements>
<DOMShape isFloating="true">
                                             <fills>
  <FillStyle index="1">
    <SolidColor color="#000000"/>
  </FillStyle>
</fills>
                                             <strokes/>
  <edges>
    <Edge fillStyle0="0" fillStyle1="0" strokeStyle="0" edges="!0 0! 0 0"/>
    <Edge fillStyle0="1" fillStyle1="0" strokeStyle="0" edges="!0 0! 5333 6115[ 5338 6153 5443 6150[ 5551 6146 5552 6120[ 5555 6089 5535 6052[ 5507 5999 5450 5996[ 5393 5992 5357 6043[ 5329 6085 5333 6115"/>
  </edges>
</DOMShape>
                                   </elements>
            </DOMFrame>
          </frames>
        </DOMLayer>
        <DOMLayer name="Layer 6">
          <frames>
            <DOMFrame index="0" motionTweenScale="false" keyMode="8192">
              <elements>
<DOMShape isFloating="true">
                                             <fills>
  <FillStyle index="1">
    <SolidColor color="#4c4c4c"/>
  </FillStyle>
</fills>
                                             <strokes/>
  <edges>
    <Edge fillStyle0="0" fillStyle1="0" strokeStyle="0" edges="!0 0! 0 0"/>
    <Edge fillStyle0="1" fillStyle1="0" strokeStyle="0" edges="!0 0! 5286 6087[ 5268 6102 5212 6104| 5152 6098| 5133 6091| 5132 6100[ 5133 6111 5143 6118[ 5161 6128 5219 6128[ 5277 6126 5284 6117| 5289 6098| 5286 6087"/>
  </edges>
</DOMShape>
                                   </elements>
            </DOMFrame>
          </frames>
        </DOMLayer>
        <DOMLayer name="Layer 7">
          <frames>
            <DOMFrame index="0" motionTweenScale="false" keyMode="8192">
              <elements>
<DOMShape isFloating="true">
                                             <fills>
  <FillStyle index="1">
    <SolidColor color="#ffffff"/>
  </FillStyle>
</fills>
                                             <strokes/>
  <edges>
    <Edge fillStyle0="0" fillStyle1="0" strokeStyle="0" edges="!0 0! 0 0"/>
    <Edge fillStyle0="1" fillStyle1="0" strokeStyle="0" edges="!0 0! 5132 6102[ 5136 6130 5210 6128[ 5287 6126 5288 6107[ 5290 6084 5276 6057[ 5256 6020 5216 6018[ 5175 6015 5149 6052[ 5129 6081 5132 6102"/>
  </edges>
</DOMShape>
                                   </elements>
            </DOMFrame>
          </frames>
        </DOMLayer>
        <DOMLayer name="Layer 8">
          <frames>
            <DOMFrame index="0" motionTweenScale="false" keyMode="8192">
              <elements>
<DOMShape isFloating="true">
                                             <fills>
  <FillStyle index="1">
    <SolidColor color="#000000"/>
  </FillStyle>
</fills>
                                             <strokes/>
  <edges>
    <Edge fillStyle0="0" fillStyle1="0" strokeStyle="0" edges="!0 0! 0 0"/>
    <Edge fillStyle0="1" fillStyle1="0" strokeStyle="0" edges="!0 0! 5101 6115[ 5106 6153 5210 6150[ 5318 6146 5320 6120[ 5322 6089 5303 6052[ 5275 5999 5218 5996[ 5160 5992 5125 6043[ 5096 6085 5101 6115"/>
  </edges>
</DOMShape>
                                   </elements>
            </DOMFrame>
          </frames>
        </DOMLayer>
        <DOMLayer name="Layer 9">
          <frames>
            <DOMFrame index="0" motionTweenScale="false" keyMode="8192">
              <elements>
<DOMShape isFloating="true">
                                             <fills>
  <FillStyle index="1">
    <SolidColor color="#000000"/>
  </FillStyle>
</fills>
                                             <strokes/>
  <edges>
    <Edge fillStyle0="0" fillStyle1="0" strokeStyle="0" edges="!0 0! 0 0"/>
    <Edge fillStyle0="1" fillStyle1="0" strokeStyle="0" edges="!0 0! 5394 5269[ 5373 5289 5332 5291[ 5270 5294 5251 5244[ 5244 5228 5256 5204| 5269 5183| 5240 5165| 5225 5198[ 5212 5232 5216 5248[ 5223 5273 5249 5293[ 5284 5318 5336 5316[ 5389 5313 5417 5283[ 5440 5259 5441 5230[ 5441 5212 5430 5183| 5419 5159| 5385 5166| 5409 5229[ 5414 5251 5394 5269"/>
  </edges>
</DOMShape>
                                   </elements>
            </DOMFrame>
          </frames>
        </DOMLayer>
        <DOMLayer name="Layer 10">
          <frames>
            <DOMFrame index="0" motionTweenScale="false" keyMode="8192">
              <elements>
<DOMShape isFloating="true">
                                             <fills>
  <FillStyle index="1">
    <SolidColor color="#b0b0b0"/>
  </FillStyle>
</fills>
                                             <strokes/>
  <edges>
    <Edge fillStyle0="0" fillStyle1="0" strokeStyle="0" edges="!0 0! 0 0"/>
    <Edge fillStyle0="1" fillStyle1="0" strokeStyle="0" edges="!0 0! 6058 2715[ 5840 2490 5523 2572[ 4941 2424 4569 2632[ 4271 2799 4119 3184[ 4012 3459 3989 3817[ 3977 3995 3987 4119| 4042 4098[ 4043 3976 4068 3799[ 4118 3446 4234 3176[ 4398 2799 4671 2641[ 5013 2445 5509 2607[ 5800 2499 6001 2708[ 6162 2874 6259 3235[ 6327 3493 6356 3822[ 6372 3986 6372 4098| 6455 4134[ 6454 4021 6439 3857[ 6408 3526 6335 3263[ 6232 2896 6058 2715"/>
  </edges>
</DOMShape>
                                   </elements>
            </DOMFrame>
          </frames>
        </DOMLayer>
        <DOMLayer name="Layer 11">
          <frames>
            <DOMFrame index="0" motionTweenScale="false" keyMode="8192">
              <elements>
<DOMShape isFloating="true">
                                             <fills>
  <FillStyle index="1">
    <SolidColor color="#b2b2b2"/>
  </FillStyle>
</fills>
                                             <strokes/>
  <edges>
    <Edge fillStyle0="0" fillStyle1="0" strokeStyle="0" edges="!0 0! 0 0"/>
    <Edge fillStyle0="1" fillStyle1="0" strokeStyle="0" edges="!0 0! 5332 4443| 5314 4522| 5372 4496| 5332 4443"/>
  </edges>
</DOMShape>
                                   </elements>
            </DOMFrame>
          </frames>
        </DOMLayer>
        <DOMLayer name="Layer 12">
          <frames>
            <DOMFrame index="0" motionTweenScale="false" keyMode="8192">
              <elements>
<DOMShape isFloating="true">
                                             <fills>
  <FillStyle index="1">
    <SolidColor color="#000000"/>
  </FillStyle>
</fills>
                                             <strokes/>
  <edges>
    <Edge fillStyle0="0" fillStyle1="0" strokeStyle="0" edges="!0 0! 0 0"/>
    <Edge fillStyle0="0" fillStyle1="1" strokeStyle="0" edges="!0 0! 5173 4751| 5228 4738[ 5307 4726 5427 4733[ 5651 4746 5676 4806[ 5680 4818 5656 4828| 5632 4836| 5669 4833[ 5707 4827 5709 4806[ 5712 4778 5630 4746[ 5541 4711 5433 4711[ 5337 4711 5245 4731| 5173 4751"/>
  </edges>
</DOMShape>
                                   </elements>
            </DOMFrame>
          </frames>
        </DOMLayer>
        <DOMLayer name="Layer 13">
          <frames>
            <DOMFrame index="0" motionTweenScale="false" keyMode="8192">
              <elements>
<DOMShape isFloating="true">
                                             <fills>
  <FillStyle index="1">
    <SolidColor color="#000000"/>
  </FillStyle>
</fills>
                                             <strokes/>
  <edges>
    <Edge fillStyle0="0" fillStyle1="0" strokeStyle="0" edges="!0 0! 0 0"/>
    <Edge fillStyle0="1" fillStyle1="0" strokeStyle="0" edges="!0 0! 5035 4733[ 5035 4758 5119 4766| 5171 4763[ 5195 4755 5192 4744[ 5191 4738 5181 4741| 5116 4748[ 5072 4748 5046 4732| 5037 4726[ 5035 4726 5035 4733"/>
  </edges>
</DOMShape>
                                   </elements>
            </DOMFrame>
          </frames>
        </DOMLayer>
        <DOMLayer name="Layer 14">
          <frames>
            <DOMFrame index="0" motionTweenScale="false" keyMode="8192">
              <elements>
<DOMShape isFloating="true">
                                             <fills>
  <FillStyle index="1">
    <SolidColor color="#000000"/>
  </FillStyle>
</fills>
                                             <strokes/>
  <edges>
    <Edge fillStyle0="0" fillStyle1="0" strokeStyle="0" edges="!0 0! 0 0"/>
    <Edge fillStyle0="0" fillStyle1="1" strokeStyle="0" edges="!0 0! 4987 3882[ 4999 3863 4961 3872[ 4837 3917 4761 3923[ 4666 3930 4585 3888| 4522 3846[ 4539 3873 4578 3900[ 4654 3954 4761 3949[ 4932 3941 4987 3882"/>
  </edges>
</DOMShape>
                                   </elements>
            </DOMFrame>
          </frames>
        </DOMLayer>
        <DOMLayer name="Layer 15">
          <frames>
            <DOMFrame index="0" motionTweenScale="false" keyMode="8192">
              <elements>
<DOMShape isFloating="true">
                                             <fills>
  <FillStyle index="1">
    <SolidColor color="#000000"/>
  </FillStyle>
</fills>
                                             <strokes/>
  <edges>
    <Edge fillStyle0="0" fillStyle1="0" strokeStyle="0" edges="!0 0! 0 0"/>
    <Edge fillStyle0="1" fillStyle1="0" strokeStyle="0" edges="!0 0! 5946 3889[ 5986 3868 6008 3846[ 5991 3874 5953 3901[ 5876 3954 5769 3949[ 5663 3945 5592 3913| 5544 3883| 5542 3874| 5569 3872[ 5588 3876 5655 3899[ 5724 3920 5769 3923[ 5864 3930 5946 3889"/>
  </edges>
</DOMShape>
                                   </elements>
            </DOMFrame>
          </frames>
        </DOMLayer>
        <DOMLayer name="Layer 16">
          <frames>
            <DOMFrame index="0" motionTweenScale="false" keyMode="8192">
              <elements>
<DOMShape isFloating="true">
                                             <fills>
  <FillStyle index="1">
    <SolidColor color="#000000"/>
  </FillStyle>
</fills>
                                             <strokes/>
  <edges>
    <Edge fillStyle0="0" fillStyle1="0" strokeStyle="0" edges="!0 0! 0 0"/>
    <Edge fillStyle0="0" fillStyle1="1" strokeStyle="0" edges="!0 0! 6357 4491| 6412 4425| 6482 4781[ 6563 5140 6614 5157[ 6539 5181 6422 5092| 6320 4999| 6210 5179| 6151 5092| 5981 5212| 6007 5020| 6073 5010| 6036 5124| 6162 5037| 6215 5097| 6309 4928| 6378 4993[ 6451 5059 6516 5098[ 6464 5029 6357 4491"/>
  </edges>
</DOMShape>
                                   </elements>
            </DOMFrame>
          </frames>
        </DOMLayer>
        <DOMLayer name="Layer 17">
          <frames>
            <DOMFrame index="0" motionTweenScale="false" keyMode="8192">
              <elements>
<DOMShape isFloating="true">
                                             <fills>
  <FillStyle index="1">
    <SolidColor color="#000000"/>
  </FillStyle>
</fills>
                                             <strokes/>
  <edges>
    <Edge fillStyle0="0" fillStyle1="0" strokeStyle="0" edges="!0 0! 0 0"/>
    <Edge fillStyle0="1" fillStyle1="0" strokeStyle="0" edges="!0 0! 4085 4463| 4031 4398| 3960 4754[ 3880 5113 3829 5130[ 3903 5154 4027 5043| 4104 4964| 4135 4928| 4211 5168| 4293 5042| 4468 5113| 4435 4993| 4370 4982| 4413 5053| 4288 4982| 4227 5070| 4151 4851[ 4034 5003 3927 5071[ 3979 5001 4085 4463"/>
  </edges>
</DOMShape>
                                   </elements>
            </DOMFrame>
          </frames>
        </DOMLayer>
        <DOMLayer name="Layer 18">
          <frames>
            <DOMFrame index="0" motionTweenScale="false" keyMode="8192">
              <elements>
<DOMShape isFloating="true">
                                             <fills>
  <FillStyle index="1">
    <SolidColor color="#000000"/>
  </FillStyle>
</fills>
                                             <strokes/>
  <edges>
    <Edge fillStyle0="0" fillStyle1="0" strokeStyle="0" edges="!0 0! 0 0"/>
    <Edge fillStyle0="1" fillStyle1="0" strokeStyle="0" edges="!0 0! 6471 3699[ 6469 3928 6455 4134| 6492 4203[ 6516 4018 6525 3785[ 6542 3319 6471 3081[ 6384 2792 6106 2596[ 5824 2396 5522 2419| 5385 2405[ 5227 2389 5078 2398[ 4591 2428 4238 2714[ 3884 3002 3894 3636[ 3899 3954 3974 4214| 4011 4150[ 3942 3915 3945 3624[ 3950 3041 4307 2757[ 4665 2473 5128 2449[ 5359 2437 5519 2481| 5616 2481[ 5736 2489 5853 2533[ 6226 2675 6423 3123[ 6476 3240 6471 3699"/>
  </edges>
</DOMShape>
                                   </elements>
            </DOMFrame>
          </frames>
        </DOMLayer>
        <DOMLayer name="Layer 19">
          <frames>
            <DOMFrame index="0" motionTweenScale="false" keyMode="8192">
              <elements>
<DOMShape isFloating="true">
                                             <fills>
  <FillStyle index="1">
    <SolidColor color="#000000"/>
  </FillStyle>
</fills>
                                             <strokes/>
  <edges>
    <Edge fillStyle0="0" fillStyle1="0" strokeStyle="0" edges="!0 0! 0 0"/>
    <Edge fillStyle0="1" fillStyle1="0" strokeStyle="0" edges="!0 0! 6220 3943| 5982 3449| 5965 3733[ 5698 3392 5664 3324[ 5653 3420 5432 3750[ 5447 3725 5441 3636[ 5428 3455 5318 3125[ 5301 3128 5310 3289[ 5320 3470 5289 3528| 5261 3498| 5206 3422[ 5111 3299 4990 3235[ 5111 3334 5203 3495[ 5250 3576 5272 3636[ 5352 3546 5359 3498[ 5395 3637 5380 3949| 5506 3785[ 5641 3590 5687 3438[ 5721 3563 6004 3841| 6022 3608| 6123 3820[ 6227 4044 6238 4107[ 6255 4210 6220 3943"/>
  </edges>
</DOMShape>
                                   </elements>
            </DOMFrame>
          </frames>
        </DOMLayer>
        <DOMLayer name="Layer 20">
          <frames>
            <DOMFrame index="0" motionTweenScale="false" keyMode="8192">
              <elements>
<DOMShape isFloating="true">
                                             <fills>
  <FillStyle index="1">
    <SolidColor color="#000000"/>
  </FillStyle>
</fills>
                                             <strokes/>
  <edges>
    <Edge fillStyle0="0" fillStyle1="0" strokeStyle="0" edges="!0 0! 0 0"/>
    <Edge fillStyle0="0" fillStyle1="1" strokeStyle="0" edges="!0 0! 4579 3511[ 4551 3516 4386 3874[ 4217 4240 4184 4381[ 4126 4452 4239 4040[ 4326 3867 4422 3692[ 4614 3343 4659 3336[ 4702 3329 4653 3587[ 4601 3857 4608 3863[ 4676 3829 5096 3319[ 5005 3468 4890 3623[ 4659 3936 4534 3971[ 4524 3966 4561 3735[ 4598 3509 4579 3511"/>
  </edges>
</DOMShape>
                                   </elements>
            </DOMFrame>
          </frames>
        </DOMLayer>
        <DOMLayer name="Layer 21">
          <frames>
            <DOMFrame index="0" motionTweenScale="false" keyMode="8192">
              <elements>
<DOMShape isFloating="true">
                                             <fills>
  <FillStyle index="1">
    <SolidColor color="#000000"/>
  </FillStyle>
</fills>
                                             <strokes/>
  <edges>
    <Edge fillStyle0="0" fillStyle1="0" strokeStyle="0" edges="!0 0! 0 0"/>
    <Edge fillStyle0="0" fillStyle1="1" strokeStyle="0" edges="!0 0! 4236 4057[ 4243 4073 4197 4085[ 4115 4107 4084 4124[ 4016 4163 4009 4232[ 4003 4307 4054 4379[ 4077 4412 4140 4471[ 4171 4500 4157 4511[ 4103 4504 4052 4466[ 3949 4389 3964 4232[ 3978 4077 4109 4051| 4236 4057"/>
  </edges>
</DOMShape>
                                   </elements>
            </DOMFrame>
          </frames>
        </DOMLayer>
        <DOMLayer name="Layer 22">
          <frames>
            <DOMFrame index="0" motionTweenScale="false" keyMode="8192">
              <elements>
<DOMShape isFloating="true">
                                             <fills>
  <FillStyle index="1">
    <SolidColor color="#000000"/>
  </FillStyle>
</fills>
                                             <strokes/>
  <edges>
    <Edge fillStyle0="0" fillStyle1="0" strokeStyle="0" edges="!0 0! 0 0"/>
    <Edge fillStyle0="1" fillStyle1="0" strokeStyle="0" edges="!0 0! 6231 4057| 6234 4066[ 6242 4077 6271 4085[ 6354 4107 6384 4124[ 6453 4163 6459 4232[ 6465 4307 6414 4379[ 6391 4412 6328 4471[ 6309 4489 6308 4502[ 6308 4508 6311 4511| 6345 4502[ 6385 4489 6416 4466[ 6518 4389 6504 4232[ 6490 4077 6359 4051| 6271 4049| 6231 4057"/>
  </edges>
</DOMShape>
                                   </elements>
            </DOMFrame>
          </frames>
        </DOMLayer>
        <DOMLayer name="Layer 23">
          <frames>
            <DOMFrame index="0" motionTweenScale="false" keyMode="8192">
              <elements>
<DOMShape isFloating="true">
                                             <fills>
  <FillStyle index="1">
    <SolidColor color="#000000"/>
  </FillStyle>
</fills>
                                             <strokes/>
  <edges>
    <Edge fillStyle0="0" fillStyle1="0" strokeStyle="0" edges="!0 0! 0 0"/>
    <Edge fillStyle0="0" fillStyle1="1" strokeStyle="0" edges="!0 0! 6300 4193[ 6410 4581 6356 4783[ 6299 5000 5922 5109[ 5637 5192 5261 5198[ 4919 5202 4566 5090[ 4156 4959 4109 4761[ 4066 4580 4157 4275[ 4185 4179 4223 4083| 4256 4006| 4236 4085[ 4213 4184 4198 4280[ 4150 4585 4199 4738[ 4255 4910 4605 5031[ 4923 5141 5249 5141[ 5578 5141 5899 5044[ 6253 4936 6288 4789[ 6320 4658 6254 4239| 6181 3846| 6220 3947[ 6267 4073 6300 4193"/>
  </edges>
</DOMShape>
                                   </elements>
            </DOMFrame>
          </frames>
        </DOMLayer>
        <DOMLayer name="Layer 24">
          <frames>
            <DOMFrame index="0" motionTweenScale="false" keyMode="8192">
              <elements>
<DOMShape isFloating="true">
                                             <fills>
  <FillStyle index="1">
    <SolidColor color="#b2b2b2"/>
  </FillStyle>
</fills>
                                             <strokes/>
  <edges>
    <Edge fillStyle0="0" fillStyle1="0" strokeStyle="0" edges="!0 0! 0 0"/>
    <Edge fillStyle0="1" fillStyle1="0" strokeStyle="0" edges="!0 0! 4230 4124| 4180 4129[ 4124 4146 4088 4211[ 4052 4276 4096 4352[ 4117 4390 4146 4415| 4230 4124"/>
  </edges>
</DOMShape>
                                   </elements>
            </DOMFrame>
          </frames>
        </DOMLayer>
        <DOMLayer name="Layer 25">
          <frames>
            <DOMFrame index="0" motionTweenScale="false" keyMode="8192">
              <elements>
<DOMShape isFloating="true">
                                             <fills>
  <FillStyle index="1">
    <SolidColor color="#b2b2b2"/>
  </FillStyle>
</fills>
                                             <strokes/>
  <edges>
    <Edge fillStyle0="0" fillStyle1="0" strokeStyle="0" edges="!0 0! 0 0"/>
    <Edge fillStyle0="1" fillStyle1="0" strokeStyle="0" edges="!0 0! 6051 4940[ 5729 5069 5365 5084[ 4981 5100 4656 4930[ 4534 4865 4439 4782[ 4359 4713 4325 4656[ 4276 4573 4418 4005[ 4489 3721 4571 3454| 4117 4440| 4113 4496[ 4111 4567 4123 4634[ 4160 4846 4316 4943[ 4474 5040 4906 5113| 5365 5176[ 5827 5157 6110 4984[ 6252 4897 6300 4814[ 6212 4876 6051 4940"/>
  </edges>
</DOMShape>
                                   </elements>
            </DOMFrame>
          </frames>
        </DOMLayer>
        <DOMLayer name="Layer 26">
          <frames>
            <DOMFrame index="0" motionTweenScale="false" keyMode="8192">
              <elements>
<DOMShape isFloating="true">
                                             <fills>
  <FillStyle index="1">
    <SolidColor color="#b2b2b2"/>
  </FillStyle>
</fills>
                                             <strokes/>
  <edges>
    <Edge fillStyle0="0" fillStyle1="0" strokeStyle="0" edges="!0 0! 0 0"/>
    <Edge fillStyle0="1" fillStyle1="0" strokeStyle="0" edges="!0 0! 4562 3504| 4525 3720[ 4495 3945 4520 3986[ 4598 4033 4855 3680[ 4983 3505 5096 3319| 4583 3924| 4639 3436| 4562 3504"/>
  </edges>
</DOMShape>
                                   </elements>
            </DOMFrame>
          </frames>
        </DOMLayer>
        <DOMLayer name="Layer 27">
          <frames>
            <DOMFrame index="0" motionTweenScale="false" keyMode="8192">
              <elements>
<DOMShape isFloating="true">
                                             <fills>
  <FillStyle index="1">
    <SolidColor color="#b2b2b2"/>
  </FillStyle>
</fills>
                                             <strokes/>
  <edges>
    <Edge fillStyle0="0" fillStyle1="0" strokeStyle="0" edges="!0 0! 0 0"/>
    <Edge fillStyle0="0" fillStyle1="1" strokeStyle="0" edges="!0 0! 5082 3317| 5273 3583| 5369 3479| 5419 3853| 5685 3400| 5992 3779| 6013 3587| 6092 3708| 6042 3674| 6022 3883| 5706 3558| 5344 4019| 5344 3587| 5265 3687| 5082 3317"/>
  </edges>
</DOMShape>
                                   </elements>
            </DOMFrame>
          </frames>
        </DOMLayer>
        <DOMLayer name="Layer 28">
          <frames>
            <DOMFrame index="0" motionTweenScale="false" keyMode="8192">
              <elements>
<DOMShape isFloating="true">
                                             <fills>
  <FillStyle index="1">
    <SolidColor color="#b2b2b2"/>
  </FillStyle>
</fills>
                                             <strokes/>
  <edges>
    <Edge fillStyle0="0" fillStyle1="0" strokeStyle="0" edges="!0 0! 0 0"/>
    <Edge fillStyle0="1" fillStyle1="0" strokeStyle="0" edges="!0 0! 6267 4174| 6317 4364| 6372 4332[ 6423 4287 6400 4219[ 6377 4152 6320 4156| 6267 4174"/>
  </edges>
</DOMShape>
                                   </elements>
            </DOMFrame>
          </frames>
        </DOMLayer>
        <DOMLayer name="Layer 29">
          <frames>
            <DOMFrame index="0" motionTweenScale="false" keyMode="8192">
              <elements>
<DOMShape isFloating="true">
                                             <fills>
  <FillStyle index="1">
    <SolidColor color="#cfcfcf"/>
  </FillStyle>
</fills>
                                             <strokes/>
  <edges>
    <Edge fillStyle0="0" fillStyle1="0" strokeStyle="0" edges="!0 0! 0 0"/>
    <Edge fillStyle0="1" fillStyle1="0" strokeStyle="0" edges="!0 0! 3981 4254[ 3970 4335 4131 4485| 4185 4848| 4262 4898[ 4361 4958 4480 5008[ 4857 5168 5275 5171[ 5692 5174 6041 5000[ 6215 4913 6306 4826| 6324 4499| 6352 4487[ 6386 4470 6413 4447[ 6501 4371 6492 4249[ 6484 4127 6367 4089[ 6330 4077 6287 4075| 6251 4076| 6020 3559| 5979 3786| 5693 3391| 5448 3854| 5370 3413| 5299 3563| 5095 3322[ 4594 4008 4563 3940[ 4547 3906 4606 3674[ 4662 3452 4639 3436[ 4611 3416 4429 3744[ 4339 3908 4254 4076| 4128 4083[ 3998 4118 3981 4254"/>
  </edges>
</DOMShape>
                                   </elements>
            </DOMFrame>
          </frames>
        </DOMLayer>
        <DOMLayer name="Layer 30">
          <frames>
            <DOMFrame index="0" motionTweenScale="false" keyMode="8192">
              <elements>
<DOMShape isFloating="true">
                                             <fills>
  <FillStyle index="1">
    <SolidColor color="#b0b0b0"/>
  </FillStyle>
</fills>
                                             <strokes/>
  <edges>
    <Edge fillStyle0="0" fillStyle1="0" strokeStyle="0" edges="!0 0! 0 0"/>
    <Edge fillStyle0="0" fillStyle1="1" strokeStyle="0" edges="!0 0! 6252 4108| 6036 3624| 5992 3779| 5687 3438| 5428 3888| 5358 3430| 5273 3583| 5089 3338| 4601 3897| 4605 3439| 4253 4076| 4174 4055[ 4294 3829 4423 3604[ 4681 3155 4724 3166[ 4705 3191 4700 3465| 4698 3734| 4979 3347[ 5006 3311 4909 3100| 5231 3347| 5310 2986| 5495 3492| 5649 3192| 5922 3554| 5961 3360| 6300 3941| 6468 4117| 6252 4108"/>
  </edges>
</DOMShape>
                                   </elements>
            </DOMFrame>
          </frames>
        </DOMLayer>
        <DOMLayer name="Layer 31">
          <frames>
            <DOMFrame index="0" motionTweenScale="false" keyMode="8192">
              <elements>
<DOMShape isFloating="true">
                                             <fills>
  <FillStyle index="1">
    <SolidColor color="#b0b0b0"/>
  </FillStyle>
</fills>
                                             <strokes/>
  <edges>
    <Edge fillStyle0="0" fillStyle1="0" strokeStyle="0" edges="!0 0! 0 0"/>
    <Edge fillStyle0="1" fillStyle1="0" strokeStyle="0" edges="!0 0! 4103 4483| 3985 4984| 4139 4861| 4231 5046| 4258 4945| 4413 5053| 4376 4962| 4103 4483"/>
  </edges>
</DOMShape>
                                   </elements>
            </DOMFrame>
          </frames>
        </DOMLayer>
        <DOMLayer name="Layer 32">
          <frames>
            <DOMFrame index="0" motionTweenScale="false" keyMode="8192">
              <elements>
<DOMShape isFloating="true">
                                             <fills>
  <FillStyle index="1">
    <SolidColor color="#b0b0b0"/>
  </FillStyle>
</fills>
                                             <strokes/>
  <edges>
    <Edge fillStyle0="0" fillStyle1="0" strokeStyle="0" edges="!0 0! 0 0"/>
    <Edge fillStyle0="1" fillStyle1="0" strokeStyle="0" edges="!0 0! 6071 5020| 6036 5124| 6155 5024| 6230 5042| 6327 4896| 6486 5038| 6357 4491| 6071 5020"/>
  </edges>
</DOMShape>
                                   </elements>
            </DOMFrame>
          </frames>
        </DOMLayer>
        <DOMLayer name="Layer 33">
          <frames>
            <DOMFrame index="0" motionTweenScale="false" keyMode="8192">
              <elements>
<DOMShape isFloating="true">
                                             <fills>
  <FillStyle index="1">
    <SolidColor color="#bebebe"/>
  </FillStyle>
</fills>
                                             <strokes/>
  <edges>
    <Edge fillStyle0="0" fillStyle1="0" strokeStyle="0" edges="!0 0! 0 0"/>
    <Edge fillStyle0="1" fillStyle1="0" strokeStyle="0" edges="!0 0! 6209 2740[ 5960 2462 5522 2419[ 4895 2405 4503 2591[ 4190 2741 4040 3012[ 3934 3205 3919 3440[ 3912 3558 3927 3636| 3933 3895[ 3951 4173 4007 4267[ 4063 4361 3992 4730[ 3957 4915 3910 5081| 4147 4907| 4237 5127| 4293 5042| 4447 5097| 4435 4993| 6017 5057| 5998 5177| 6151 5092| 6207 5137| 6328 4967| 6532 5108| 6412 4425| 6478 4137[ 6498 4037 6508 3886[ 6528 3583 6478 3324[ 6408 2962 6209 2740"/>
  </edges>
</DOMShape>
                                   </elements>
            </DOMFrame>
          </frames>
        </DOMLayer>
        <DOMLayer name="Layer 34">
          <frames>
            <DOMFrame index="0" motionTweenScale="false" keyMode="8192">
              <elements>
<DOMShape isFloating="true">
                                             <fills>
  <FillStyle index="1">
    <SolidColor color="#b2b2b2"/>
  </FillStyle>
</fills>
                                             <strokes/>
  <edges>
    <Edge fillStyle0="0" fillStyle1="0" strokeStyle="0" edges="!0 0! 0 0"/>
    <Edge fillStyle0="1" fillStyle1="0" strokeStyle="0" edges="!0 0! 5246 5180| 5240 5237| 5281 5299| 5345 5303| 5414 5274| 5434 5215| 5432 5185| 5246 5180"/>
  </edges>
</DOMShape>
                                   </elements>
            </DOMFrame>
          </frames>
        </DOMLayer>
        <DOMLayer name="Layer 35">
          <frames>
            <DOMFrame index="0" motionTweenScale="false" keyMode="8192">
              <elements>
<DOMShape isFloating="true">
                                             <fills>
  <FillStyle index="1">
    <SolidColor color="#000000"/>
  </FillStyle>
</fills>
                                             <strokes/>
  <edges>
    <Edge fillStyle0="0" fillStyle1="0" strokeStyle="0" edges="!0 0! 0 0"/>
    <Edge fillStyle0="1" fillStyle1="0" strokeStyle="0" edges="!0 0! 5542 5334[ 5545 5279 5482 5213| 5419 5158| 5410 5216| 5461 5247[ 5511 5288 5503 5336[ 5495 5380 5461 5429| 5427 5483[ 5426 5493 5440 5592[ 5454 5685 5447 5699[ 5439 5716 5399 5727| 5325 5733| 5243 5716[ 5193 5700 5182 5679[ 5171 5660 5197 5577| 5224 5478[ 5224 5463 5199 5431[ 5167 5390 5152 5357[ 5134 5316 5178 5259| 5226 5210| 5213 5171| 5156 5229[ 5101 5297 5111 5346[ 5119 5390 5150 5425[ 5179 5459 5180 5472| 5158 5580[ 5137 5668 5149 5692[ 5165 5720 5223 5748[ 5279 5774 5320 5776[ 5361 5777 5425 5755[ 5490 5733 5495 5714[ 5497 5702 5476 5603[ 5456 5505 5460 5489| 5503 5433[ 5538 5386 5542 5334"/>
  </edges>
</DOMShape>
                                   </elements>
            </DOMFrame>
          </frames>
        </DOMLayer>
        <DOMLayer name="Layer 36">
          <frames>
            <DOMFrame index="0" motionTweenScale="false" keyMode="8192">
              <elements>
<DOMShape isFloating="true">
                                             <fills>
  <FillStyle index="1">
    <SolidColor color="#e4e4e4"/>
  </FillStyle>
</fills>
                                             <strokes/>
  <edges>
    <Edge fillStyle0="0" fillStyle1="0" strokeStyle="0" edges="!0 0! 0 0"/>
    <Edge fillStyle0="1" fillStyle1="0" strokeStyle="0" edges="!0 0! 5219 5207| 5170 5256[ 5121 5308 5121 5328[ 5121 5359 5212 5485| 5163 5671| 5194 5705[ 5240 5740 5320 5748| 5404 5746| 5392 5736[ 5326 5681 5320 5614[ 5318 5599 5377 5543[ 5441 5480 5448 5462[ 5411 5470 5364 5442| 5325 5413[ 5253 5462 5222 5435[ 5187 5405 5181 5337[ 5178 5305 5202 5269| 5226 5241| 5219 5207"/>
  </edges>
</DOMShape>
                                   </elements>
            </DOMFrame>
          </frames>
        </DOMLayer>
        <DOMLayer name="Layer 37">
          <frames>
            <DOMFrame index="0" motionTweenScale="false" keyMode="8192">
              <elements>
<DOMShape isFloating="true">
                                             <fills>
  <FillStyle index="1">
    <SolidColor color="#ffffff"/>
  </FillStyle>
</fills>
                                             <strokes/>
  <edges>
    <Edge fillStyle0="0" fillStyle1="0" strokeStyle="0" edges="!0 0! 0 0"/>
    <Edge fillStyle0="1" fillStyle1="0" strokeStyle="0" edges="!0 0! 5237 5182| 5127 5303| 5202 5452| 5149 5692| 5316 5758| 5480 5714| 5445 5486| 5525 5334| 5420 5187| 5237 5182"/>
  </edges>
</DOMShape>
                                   </elements>
            </DOMFrame>
          </frames>
        </DOMLayer>
        <DOMLayer name="Layer 38">
          <frames>
            <DOMFrame index="0" motionTweenScale="false" keyMode="8192">
              <elements>
<DOMShape isFloating="true">
                                             <fills>
  <FillStyle index="1">
    <SolidColor color="#000000"/>
  </FillStyle>
</fills>
                                             <strokes/>
  <edges>
    <Edge fillStyle0="0" fillStyle1="0" strokeStyle="0" edges="!0 0! 0 0"/>
    <Edge fillStyle0="0" fillStyle1="1" strokeStyle="0" edges="!0 0! 5486 5685[ 5538 5986 5497 6033[ 5469 6066 5412 6062[ 5359 6058 5347 6034[ 5339 6016 5337 5858| 5337 5704| 5372 5714[ 5358 5992 5372 6013[ 5384 6029 5420 6030[ 5456 6031 5478 6016[ 5507 5995 5458 5695| 5486 5685"/>
  </edges>
</DOMShape>
                                   </elements>
            </DOMFrame>
          </frames>
        </DOMLayer>
        <DOMLayer name="Layer 39">
          <frames>
            <DOMFrame index="0" motionTweenScale="false" keyMode="8192">
              <elements>
<DOMShape isFloating="true">
                                             <fills>
  <FillStyle index="1">
    <SolidColor color="#313131"/>
  </FillStyle>
</fills>
                                             <strokes/>
  <edges>
    <Edge fillStyle0="0" fillStyle1="0" strokeStyle="0" edges="!0 0! 0 0"/>
    <Edge fillStyle0="0" fillStyle1="1" strokeStyle="0" edges="!0 0! 5397 5751| 5391 5830[ 5386 5914 5394 5939[ 5407 5978 5455 6006| 5371 6049| 5358 5759| 5397 5751"/>
  </edges>
</DOMShape>
                                   </elements>
            </DOMFrame>
          </frames>
        </DOMLayer>
        <DOMLayer name="Layer 40">
          <frames>
            <DOMFrame index="0" motionTweenScale="false" keyMode="8192">
              <elements>
<DOMShape isFloating="true">
                                             <fills>
  <FillStyle index="1">
    <SolidColor color="#676767"/>
  </FillStyle>
</fills>
                                             <strokes/>
  <edges>
    <Edge fillStyle0="0" fillStyle1="0" strokeStyle="0" edges="!0 0! 0 0"/>
    <Edge fillStyle0="1" fillStyle1="0" strokeStyle="0" edges="!0 0! 5348 5702| 5359 6029| 5435 6053| 5503 5998| 5486 5685| 5348 5702"/>
  </edges>
</DOMShape>
                                   </elements>
            </DOMFrame>
          </frames>
        </DOMLayer>
        <DOMLayer name="Layer 41">
          <frames>
            <DOMFrame index="0" motionTweenScale="false" keyMode="8192">
              <elements>
<DOMShape isFloating="true">
                                             <fills>
  <FillStyle index="1">
    <SolidColor color="#000000"/>
  </FillStyle>
</fills>
                                             <strokes/>
  <edges>
    <Edge fillStyle0="0" fillStyle1="0" strokeStyle="0" edges="!0 0! 0 0"/>
    <Edge fillStyle0="1" fillStyle1="0" strokeStyle="0" edges="!0 0! 5158 5685| 5137 5841[ 5121 6003 5147 6033[ 5175 6066 5232 6062[ 5285 6058 5296 6034[ 5310 6006 5307 5704| 5272 5714[ 5285 5992 5271 6013[ 5260 6029 5224 6030[ 5187 6031 5166 6016[ 5147 6003 5165 5847| 5185 5695| 5158 5685"/>
  </edges>
</DOMShape>
                                   </elements>
            </DOMFrame>
          </frames>
        </DOMLayer>
        <DOMLayer name="Layer 42">
          <frames>
            <DOMFrame index="0" motionTweenScale="false" keyMode="8192">
              <elements>
<DOMShape isFloating="true">
                                             <fills>
  <FillStyle index="1">
    <SolidColor color="#353535"/>
  </FillStyle>
</fills>
                                             <strokes/>
  <edges>
    <Edge fillStyle0="0" fillStyle1="0" strokeStyle="0" edges="!0 0! 0 0"/>
    <Edge fillStyle0="0" fillStyle1="1" strokeStyle="0" edges="!0 0! 5270 5748| 5265 5768[ 5255 5791 5234 5811[ 5214 5830 5242 5931| 5274 6028| 5141 6041| 5175 5685| 5270 5748"/>
  </edges>
</DOMShape>
                                   </elements>
            </DOMFrame>
          </frames>
        </DOMLayer>
        <DOMLayer name="Layer 43">
          <frames>
            <DOMFrame index="0" motionTweenScale="false" keyMode="8192">
              <elements>
<DOMShape isFloating="true">
                                             <fills>
  <FillStyle index="1">
    <SolidColor color="#676767"/>
  </FillStyle>
</fills>
                                             <strokes/>
  <edges>
    <Edge fillStyle0="0" fillStyle1="0" strokeStyle="0" edges="!5128 5269! 0 0"/>
    <Edge fillStyle0="0" fillStyle1="1" strokeStyle="0" edges="!0 0! 5296 5702| 5285 6029| 5208 6053| 5141 5998| 5158 5685| 5296 5702"/>
  </edges>
</DOMShape>
                                   </elements>
            </DOMFrame>
          </frames>
        </DOMLayer>
        <DOMLayer name="Layer 44">
          <frames>
            <DOMFrame index="0" motionTweenScale="false" keyMode="8192">
              <elements>
<DOMShape isFloating="true">
                                             <fills>
  <FillStyle index="1">
    <SolidColor color="#000000"/>
  </FillStyle>
</fills>
                                             <strokes/>
  <edges>
    <Edge fillStyle0="0" fillStyle1="0" strokeStyle="0" edges="!0 0! 0 0"/>
    <Edge fillStyle0="1" fillStyle1="0" strokeStyle="0" edges="!0 0! 5128 5269[ 5091 5327 5065 5400[ 4990 5607 5073 5727[ 5102 5746 5132 5742[ 5165 5735 5186 5692[ 5216 5631 5180 5554[ 5152 5498 5166 5351[ 5178 5220 5171 5218[ 5160 5215 5128 5269"/>
    <Edge fillStyle0="1" fillStyle1="0" strokeStyle="0" edges="!5128 5269! 5139 5365[ 5122 5499 5154 5566[ 5186 5630 5161 5680[ 5145 5711 5127 5714[ 5111 5719 5089 5704[ 5066 5688 5055 5582[ 5051 5540 5106 5389| 5162 5245| 5139 5365"/>
  </edges>
</DOMShape>
                                   </elements>
            </DOMFrame>
          </frames>
        </DOMLayer>
        <DOMLayer name="Layer 45">
          <frames>
            <DOMFrame index="0" motionTweenScale="false" keyMode="8192">
              <elements>
<DOMShape isFloating="true">
                                             <fills>
  <FillStyle index="1">
    <SolidColor color="#b2b2b2"/>
  </FillStyle>
</fills>
                                             <strokes/>
  <edges>
    <Edge fillStyle0="0" fillStyle1="0" strokeStyle="0" edges="!0 0! 0 0"/>
    <Edge fillStyle0="0" fillStyle1="1" strokeStyle="0" edges="!0 0! 5139 5323| 5116 5418[ 5093 5520 5093 5554[ 5093 5582 5111 5602[ 5132 5625 5136 5650[ 5143 5703 5104 5736| 5052 5644| 5048 5533| 5118 5322| 5132 5305| 5139 5323"/>
  </edges>
</DOMShape>
                                   </elements>
            </DOMFrame>
          </frames>
        </DOMLayer>
        <DOMLayer name="Layer 46">
          <frames>
            <DOMFrame index="0" motionTweenScale="false" keyMode="8192">
              <elements>
<DOMShape isFloating="true">
                                             <fills>
  <FillStyle index="1">
    <SolidColor color="#cfcfcf"/>
  </FillStyle>
</fills>
                                             <strokes/>
  <edges>
    <Edge fillStyle0="0" fillStyle1="0" strokeStyle="0" edges="!5582 5720! 0 0"/>
    <Edge fillStyle0="1" fillStyle1="0" strokeStyle="0" edges="!0 0! 5166 5224| 5101 5381[ 5038 5550 5049 5614[ 5070 5739 5130 5728[ 5158 5722 5176 5679[ 5199 5625 5167 5560[ 5135 5494 5147 5353| 5166 5224"/>
  </edges>
</DOMShape>
                                   </elements>
            </DOMFrame>
          </frames>
        </DOMLayer>
        <DOMLayer name="Layer 47">
          <frames>
            <DOMFrame index="0" motionTweenScale="false" keyMode="8192">
              <elements>
<DOMShape isFloating="true">
                                             <fills>
  <FillStyle index="1">
    <SolidColor color="#000000"/>
  </FillStyle>
</fills>
                                             <strokes/>
  <edges>
    <Edge fillStyle0="0" fillStyle1="0" strokeStyle="0" edges="!0 0! 0 0"/>
    <Edge fillStyle0="1" fillStyle1="0" strokeStyle="0" edges="!0 0! 5582 5720[ 5709 5530 5478 5212[ 5471 5215 5484 5345[ 5500 5491 5473 5547[ 5437 5625 5469 5686[ 5492 5729 5523 5735[ 5554 5739 5582 5720"/>
    <Edge fillStyle0="1" fillStyle1="0" strokeStyle="0" edges="!5582 5720! 5512 5358| 5486 5239| 5545 5382[ 5602 5532 5598 5575[ 5590 5680 5566 5697[ 5545 5712 5528 5707[ 5510 5705 5494 5673[ 5468 5625 5499 5559[ 5530 5491 5512 5358"/>
  </edges>
</DOMShape>
                                   </elements>
            </DOMFrame>
          </frames>
        </DOMLayer>
        <DOMLayer name="Layer 48">
          <frames>
            <DOMFrame index="0" motionTweenScale="false" keyMode="8192">
              <elements>
<DOMShape isFloating="true">
                                             <fills>
  <FillStyle index="1">
    <SolidColor color="#b2b2b2"/>
  </FillStyle>
</fills>
                                             <strokes/>
  <edges>
    <Edge fillStyle0="0" fillStyle1="0" strokeStyle="0" edges="!0 0! 0 0"/>
    <Edge fillStyle0="1" fillStyle1="0" strokeStyle="0" edges="!0 0! 5511 5316| 5535 5411[ 5560 5513 5560 5546[ 5561 5575 5542 5595[ 5522 5619 5519 5643[ 5512 5696 5551 5729| 5601 5636| 5605 5525| 5532 5315| 5517 5298| 5511 5316"/>
  </edges>
</DOMShape>
                                   </elements>
            </DOMFrame>
          </frames>
        </DOMLayer>
        <DOMLayer name="Layer 49">
          <frames>
            <DOMFrame index="0" motionTweenScale="false" keyMode="8192">
              <elements>
                                        <DOMShape isFloating="true">
                                             <fills>
  <FillStyle index="1">
    <SolidColor color="#cfcfcf"/>
  </FillStyle>
</fills>
                                             <strokes/>
  <edges>
    <Edge fillStyle1="1" edges="!0 0! 5525 5721[ 5497 5716 5478 5673[ 5456 5620 5486 5553[ 5517 5487 5503 5346| 5482 5217| 5549 5374[ 5614 5543 5605 5606[ 5586 5732 5525 5721"/>
  </edges>
</DOMShape>
                                   </elements>
            </DOMFrame>
          </frames>
        </DOMLayer>
      </layers>
    </DOMTimeline>
  </timeline>
</DOMSymbolItem>
