<DOMSymbolItem xmlns="http://ns.adobe.com/xfl/2008/" xmlns:xsi="http://www.w3.org/2001/XMLSchema-instance" name="Symbol 91" lastModified="1635072455" symbolType="graphic">
  <timeline>
    <DOMTimeline name="Symbol 91" currentFrame="0">
      <layers>
        <DOMLayer name="Layer 1">
          <frames>
            <DOMFrame index="0" motionTweenScale="false" keyMode="8192">
              <elements>
                                        <DOMShape isFloating="true">
                                             <fills>
  <FillStyle index="1">
    <SolidColor color="#ffffff"/>
  </FillStyle>
  <FillStyle index="2">
    <SolidColor color="#000000"/>
  </FillStyle>
</fills>
                                             <strokes/>
  <edges>
    <Edge fillStyle1="2" edges="!0 0! 6431 -7687[ 9951 -7688 12451 -5188[ 14950 -2688 14951 832[ 14950 4352 12451 6852[ 9951 9351 6431 9351[ 2911 9351 412 6852[ -2088 4352 -2088 832[ -2088 -2688 412 -5188[ 2911 -7688 6431 -7687"/>
    <Edge fillStyle0="1" fillStyle1="0" edges="!6431 -7687! 6450 -5835[ 9212 -5836 11175 -3873[ 13137 -1911 13137 853[ 13137 3615 11175 5577[ 9212 7539 6450 7540[ 3686 7539 1724 5577[ -238 3615 -238 853[ -238 -1911 1724 -3873[ 3686 -5836 6450 -5835"/>
    <Edge fillStyle0="2" fillStyle1="1" edges="!6450 -5835! 6432 -6854[ 9609 -6855 11865 -4599[ 14121 -2343 14121 834[ 14121 4010 11865 6266[ 9609 8522 6432 8522[ 3256 8522 1001 6266[ -1256 4010 -1256 834[ -1256 -2343 1001 -4599[ 3256 -6855 6432 -6854"/>
  </edges>
</DOMShape>
                                   </elements>
            </DOMFrame>
          </frames>
        </DOMLayer>
      </layers>
    </DOMTimeline>
  </timeline>
</DOMSymbolItem>
