<DOMSymbolItem xmlns="http://ns.adobe.com/xfl/2008/" xmlns:xsi="http://www.w3.org/2001/XMLSchema-instance" name="Symbol 37" lastModified="1635072455">
  <timeline>
    <DOMTimeline name="Symbol 37">
      <layers>
                    <DOMLayer name="Layer 1" color="#86728d">
                         <frames>
                              <DOMFrame index="0" keyMode="9728">
  <elements>
                                        <DOMSymbolInstance libraryItemName="Symbol 36" symbolType="graphic" loop="loop">
  <matrix>
    <Matrix tx="0.0" ty="0.0"/>
  </matrix>
  <transformationPoint>
    <Point/>
  </transformationPoint>
</DOMSymbolInstance>
                                   </elements>
</DOMFrame>
                         </frames>
                    </DOMLayer>
               </layers>
    </DOMTimeline>
  </timeline>
</DOMSymbolItem>
