<DOMSymbolItem xmlns="http://ns.adobe.com/xfl/2008/" xmlns:xsi="http://www.w3.org/2001/XMLSchema-instance" name="Symbol 173" lastModified="1635072455" symbolType="graphic">
  <timeline>
    <DOMTimeline name="Symbol 173" currentFrame="0">
      <layers>
        <DOMLayer name="Layer 1">
          <frames>
            <DOMFrame index="0" motionTweenScale="false" keyMode="8192">
              <elements>
<DOMShape isFloating="true">
                                             <fills>
  <FillStyle index="1">
    <SolidColor color="#000000"/>
  </FillStyle>
</fills>
                                             <strokes/>
  <edges>
    <Edge fillStyle0="0" fillStyle1="0" strokeStyle="0" edges="!0 0! 0 0"/>
    <Edge fillStyle0="1" fillStyle1="0" strokeStyle="0" edges="!0 0! 5861 5900[ 5866 5842 5910 5805[ 5955 5767 6013 5772[ 6071 5777 6108 5822[ 6146 5867 6141 5925[ 6136 5983 6091 6020[ 6046 6057 5988 6052[ 5930 6047 5893 6003[ 5856 5958 5861 5900"/>
    <Edge fillStyle0="1" fillStyle1="0" strokeStyle="0" edges="!5861 5900! 5990 6031[ 6039 6036 6077 6004[ 6115 5972 6120 5923[ 6124 5873 6092 5835[ 6060 5797 6011 5792[ 5961 5788 5923 5820[ 5885 5852 5881 5902[ 5876 5951 5908 5989[ 5940 6027 5990 6031"/>
  </edges>
</DOMShape>
                                   </elements>
            </DOMFrame>
          </frames>
        </DOMLayer>
        <DOMLayer name="Layer 2">
          <frames>
            <DOMFrame index="0" motionTweenScale="false" keyMode="8192">
              <elements>
<DOMShape isFloating="true">
                                             <fills>
  <FillStyle index="1">
    <SolidColor color="#e8cc50"/>
  </FillStyle>
</fills>
                                             <strokes/>
  <edges>
    <Edge fillStyle0="0" fillStyle1="0" strokeStyle="0" edges="!0 0! 0 0"/>
    <Edge fillStyle0="0" fillStyle1="1" strokeStyle="0" edges="!0 0! 5872 5921| 5936 5928[ 6003 5927 6027 5887[ 6052 5848 6032 5813| 6007 5786| 5967 5783[ 5923 5788 5904 5819[ 5874 5870 5872 5921"/>
  </edges>
</DOMShape>
                                   </elements>
            </DOMFrame>
          </frames>
        </DOMLayer>
        <DOMLayer name="Layer 3">
          <frames>
            <DOMFrame index="0" motionTweenScale="false" keyMode="8192">
              <elements>
<DOMShape isFloating="true">
                                             <fills>
  <FillStyle index="1">
    <SolidColor color="#ceb940"/>
  </FillStyle>
</fills>
                                             <strokes/>
  <edges>
    <Edge fillStyle0="0" fillStyle1="0" strokeStyle="0" edges="!0 0! 0 0"/>
    <Edge fillStyle0="0" fillStyle1="1" strokeStyle="0" edges="!0 0! 5885 5974[ 5918 5989 5960 5990[ 6041 5995 6076 5936[ 6113 5878 6083 5825[ 6068 5798 6046 5783| 5985 5780[ 5919 5785 5891 5833[ 5863 5881 5872 5932[ 5876 5958 5885 5974"/>
  </edges>
</DOMShape>
                                   </elements>
            </DOMFrame>
          </frames>
        </DOMLayer>
        <DOMLayer name="Layer 4">
          <frames>
            <DOMFrame index="0" motionTweenScale="false" keyMode="8192">
              <elements>
<DOMShape isFloating="true">
                                             <fills>
  <FillStyle index="1">
    <SolidColor color="#b38f0f"/>
  </FillStyle>
</fills>
                                             <strokes/>
  <edges>
    <Edge fillStyle0="0" fillStyle1="0" strokeStyle="0" edges="!6292 6058! 0 0"/>
    <Edge fillStyle0="0" fillStyle1="1" strokeStyle="0" edges="!0 0! 5991 6039[ 6045 6044 6086 6009[ 6127 5975 6132 5921[ 6137 5868 6102 5825[ 6067 5784 6013 5779[ 5959 5775 5918 5809[ 5877 5845 5872 5898[ 5867 5952 5902 5993[ 5937 6035 5991 6039"/>
  </edges>
</DOMShape>
                                   </elements>
            </DOMFrame>
          </frames>
        </DOMLayer>
        <DOMLayer name="Layer 5">
          <frames>
            <DOMFrame index="0" motionTweenScale="false" keyMode="8192">
              <elements>
<DOMShape isFloating="true">
                                             <fills>
  <FillStyle index="1">
    <SolidColor color="#000000"/>
  </FillStyle>
</fills>
                                             <strokes/>
  <edges>
    <Edge fillStyle0="0" fillStyle1="0" strokeStyle="0" edges="!0 0! 0 0"/>
    <Edge fillStyle0="1" fillStyle1="0" strokeStyle="0" edges="!0 0! 6292 6058[ 6341 6062 6379 6030[ 6417 5998 6422 5949[ 6426 5899 6394 5861[ 6362 5823 6313 5819[ 6263 5814 6225 5846[ 6187 5878 6183 5928[ 6178 5977 6210 6015[ 6242 6053 6292 6058"/>
    <Edge fillStyle0="1" fillStyle1="0" strokeStyle="0" edges="!6292 6058! 6315 5799[ 6373 5804 6410 5848[ 6448 5893 6443 5951[ 6438 6009 6393 6046[ 6348 6084 6290 6079[ 6232 6074 6195 6029[ 6158 5985 6163 5927[ 6168 5869 6212 5831[ 6257 5794 6315 5799"/>
  </edges>
</DOMShape>
                                   </elements>
            </DOMFrame>
          </frames>
        </DOMLayer>
        <DOMLayer name="Layer 6">
          <frames>
            <DOMFrame index="0" motionTweenScale="false" keyMode="8192">
              <elements>
<DOMShape isFloating="true">
                                             <fills>
  <FillStyle index="1">
    <SolidColor color="#e8cc50"/>
  </FillStyle>
</fills>
                                             <strokes/>
  <edges>
    <Edge fillStyle0="0" fillStyle1="0" strokeStyle="0" edges="!0 0! 0 0"/>
    <Edge fillStyle0="0" fillStyle1="1" strokeStyle="0" edges="!0 0! 6206 5846[ 6176 5897 6174 5948| 6193 5951| 6238 5954[ 6305 5953 6329 5914[ 6354 5875 6334 5840| 6317 5819| 6309 5812| 6269 5810[ 6225 5814 6206 5846"/>
  </edges>
</DOMShape>
                                   </elements>
            </DOMFrame>
          </frames>
        </DOMLayer>
        <DOMLayer name="Layer 7">
          <frames>
            <DOMFrame index="0" motionTweenScale="false" keyMode="8192">
              <elements>
<DOMShape isFloating="true">
                                             <fills>
  <FillStyle index="1">
    <SolidColor color="#ceb940"/>
  </FillStyle>
</fills>
                                             <strokes/>
  <edges>
    <Edge fillStyle0="0" fillStyle1="0" strokeStyle="0" edges="!0 0! 0 0"/>
    <Edge fillStyle0="0" fillStyle1="1" strokeStyle="0" edges="!0 0! 6174 5959[ 6178 5984 6187 6000| 6209 6008| 6262 6017[ 6343 6022 6378 5963[ 6415 5904 6385 5851| 6361 5820| 6348 5810| 6287 5806[ 6221 5812 6193 5860[ 6165 5908 6174 5959"/>
  </edges>
</DOMShape>
                                   </elements>
            </DOMFrame>
          </frames>
        </DOMLayer>
        <DOMLayer name="Layer 8">
          <frames>
            <DOMFrame index="0" motionTweenScale="false" keyMode="8192">
              <elements>
<DOMShape isFloating="true">
                                             <fills>
  <FillStyle index="1">
    <SolidColor color="#b38f0f"/>
  </FillStyle>
</fills>
                                             <strokes/>
  <edges>
    <Edge fillStyle0="0" fillStyle1="0" strokeStyle="0" edges="!6465 5953! 0 0"/>
    <Edge fillStyle0="0" fillStyle1="1" strokeStyle="0" edges="!0 0! 6293 6066[ 6347 6071 6388 6036[ 6429 6001 6434 5947[ 6439 5894 6404 5852[ 6369 5811 6315 5806[ 6261 5801 6220 5836[ 6179 5872 6174 5925[ 6169 5979 6204 6020[ 6239 6061 6293 6066"/>
  </edges>
</DOMShape>
                                   </elements>
            </DOMFrame>
          </frames>
        </DOMLayer>
        <DOMLayer name="Layer 9">
          <frames>
            <DOMFrame index="0" motionTweenScale="false" keyMode="8192">
              <elements>
<DOMShape isFloating="true">
                                             <fills>
  <FillStyle index="1">
    <SolidColor color="#000000"/>
  </FillStyle>
</fills>
                                             <strokes/>
  <edges>
    <Edge fillStyle0="0" fillStyle1="0" strokeStyle="0" edges="!0 0! 0 0"/>
    <Edge fillStyle0="1" fillStyle1="0" strokeStyle="0" edges="!0 0! 6465 5953[ 6470 5895 6514 5858[ 6559 5820 6617 5825[ 6675 5830 6712 5875[ 6750 5920 6745 5978[ 6740 6036 6695 6073[ 6650 6110 6592 6105[ 6534 6100 6497 6056[ 6460 6011 6465 5953"/>
    <Edge fillStyle0="1" fillStyle1="0" strokeStyle="0" edges="!6465 5953! 6512 6042[ 6544 6080 6594 6084[ 6643 6089 6681 6057[ 6719 6025 6724 5976[ 6728 5926 6696 5888[ 6664 5850 6615 5845[ 6565 5841 6527 5873[ 6489 5905 6485 5955[ 6480 6004 6512 6042"/>
  </edges>
</DOMShape>
                                   </elements>
            </DOMFrame>
          </frames>
        </DOMLayer>
        <DOMLayer name="Layer 10">
          <frames>
            <DOMFrame index="0" motionTweenScale="false" keyMode="8192">
              <elements>
<DOMShape isFloating="true">
                                             <fills>
  <FillStyle index="1">
    <SolidColor color="#e8cc50"/>
  </FillStyle>
</fills>
                                             <strokes/>
  <edges>
    <Edge fillStyle0="0" fillStyle1="0" strokeStyle="0" edges="!0 0! 0 0"/>
    <Edge fillStyle0="0" fillStyle1="1" strokeStyle="0" edges="!0 0! 6476 5974| 6495 5978| 6540 5981[ 6607 5980 6631 5941[ 6656 5901 6636 5866| 6619 5846| 6611 5839| 6571 5836[ 6527 5841 6508 5872[ 6478 5923 6476 5974"/>
  </edges>
</DOMShape>
                                   </elements>
            </DOMFrame>
          </frames>
        </DOMLayer>
        <DOMLayer name="Layer 11">
          <frames>
            <DOMFrame index="0" motionTweenScale="false" keyMode="8192">
              <elements>
<DOMShape isFloating="true">
                                             <fills>
  <FillStyle index="1">
    <SolidColor color="#ceb940"/>
  </FillStyle>
</fills>
                                             <strokes/>
  <edges>
    <Edge fillStyle0="0" fillStyle1="0" strokeStyle="0" edges="!0 0! 0 0"/>
    <Edge fillStyle0="0" fillStyle1="1" strokeStyle="0" edges="!0 0! 6489 6027| 6511 6035| 6564 6043[ 6645 6048 6680 5989[ 6717 5931 6687 5878| 6663 5847| 6650 5836| 6589 5833[ 6523 5838 6495 5886[ 6467 5934 6476 5985[ 6480 6011 6489 6027"/>
  </edges>
</DOMShape>
                                   </elements>
            </DOMFrame>
          </frames>
        </DOMLayer>
        <DOMLayer name="Layer 12">
          <frames>
            <DOMFrame index="0" motionTweenScale="false" keyMode="8192">
              <elements>
<DOMShape isFloating="true">
                                             <fills>
  <FillStyle index="1">
    <SolidColor color="#b38f0f"/>
  </FillStyle>
</fills>
                                             <strokes/>
  <edges>
    <Edge fillStyle0="0" fillStyle1="0" strokeStyle="0" edges="!0 0! 0 0"/>
    <Edge fillStyle0="0" fillStyle1="1" strokeStyle="0" edges="!0 0! 6506 6046[ 6541 6088 6595 6092[ 6649 6097 6690 6063[ 6731 6028 6736 5974[ 6741 5921 6706 5879[ 6671 5837 6617 5832[ 6563 5828 6522 5862[ 6481 5898 6476 5951[ 6471 6005 6506 6046"/>
  </edges>
</DOMShape>
                                   </elements>
            </DOMFrame>
          </frames>
        </DOMLayer>
        <DOMLayer name="Layer 13">
          <frames>
            <DOMFrame index="0" motionTweenScale="false" keyMode="8192">
              <elements>
<DOMShape isFloating="true">
                                             <fills>
  <FillStyle index="1">
    <SolidColor color="#000000"/>
  </FillStyle>
</fills>
                                             <strokes/>
  <edges>
    <Edge fillStyle0="0" fillStyle1="0" strokeStyle="0" edges="!6116 5524! 0 0"/>
    <Edge fillStyle0="1" fillStyle1="0" strokeStyle="0" edges="!0 0! 6852 6015| 5901 5909| 6891 5983| 6852 6015"/>
  </edges>
</DOMShape>
                                   </elements>
            </DOMFrame>
          </frames>
        </DOMLayer>
        <DOMLayer name="Layer 14">
          <frames>
            <DOMFrame index="0" motionTweenScale="false" keyMode="8192">
              <elements>
<DOMShape isFloating="true">
                                             <fills>
  <FillStyle index="1">
    <SolidColor color="#000000"/>
  </FillStyle>
</fills>
                                             <strokes/>
  <edges>
    <Edge fillStyle0="0" fillStyle1="0" strokeStyle="0" edges="!0 0! 0 0"/>
    <Edge fillStyle0="1" fillStyle1="0" strokeStyle="0" edges="!0 0! 6116 5524[ 6141 5472 6196 5453[ 6251 5434 6303 5459[ 6355 5485 6374 5540[ 6393 5595 6368 5647[ 6342 5699 6287 5718[ 6232 5737 6180 5711[ 6128 5686 6109 5631[ 6090 5576 6116 5524"/>
    <Edge fillStyle0="1" fillStyle1="0" strokeStyle="0" edges="!6116 5524! 6189 5693[ 6234 5715 6280 5699[ 6328 5683 6350 5638[ 6371 5593 6355 5547[ 6339 5499 6294 5477| 6203 5472[ 6155 5488 6134 5533[ 6112 5578 6128 5624[ 6144 5672 6189 5693"/>
  </edges>
</DOMShape>
                                   </elements>
            </DOMFrame>
          </frames>
        </DOMLayer>
        <DOMLayer name="Layer 15">
          <frames>
            <DOMFrame index="0" motionTweenScale="false" keyMode="8192">
              <elements>
<DOMShape isFloating="true">
                                             <fills>
  <FillStyle index="1">
    <SolidColor color="#e8cc50"/>
  </FillStyle>
</fills>
                                             <strokes/>
  <edges>
    <Edge fillStyle0="0" fillStyle1="0" strokeStyle="0" edges="!0 0! 0 0"/>
    <Edge fillStyle0="0" fillStyle1="1" strokeStyle="0" edges="!0 0! 6119 5548[ 6144 5565 6175 5577[ 6239 5600 6275 5572[ 6312 5544 6306 5504[ 6303 5484 6293 5471[ 6277 5459 6256 5454[ 6214 5442 6185 5465[ 6139 5501 6119 5548"/>
  </edges>
</DOMShape>
                                   </elements>
            </DOMFrame>
          </frames>
        </DOMLayer>
        <DOMLayer name="Layer 16">
          <frames>
            <DOMFrame index="0" motionTweenScale="false" keyMode="8192">
              <elements>
<DOMShape isFloating="true">
                                             <fills>
  <FillStyle index="1">
    <SolidColor color="#ceb940"/>
  </FillStyle>
</fills>
                                             <strokes/>
  <edges>
    <Edge fillStyle0="0" fillStyle1="0" strokeStyle="0" edges="!0 0! 0 0"/>
    <Edge fillStyle0="0" fillStyle1="1" strokeStyle="0" edges="!0 0! 6112 5603[ 6138 5628 6175 5645[ 6249 5678 6304 5636[ 6359 5593 6350 5533[ 6346 5504 6330 5482[ 6307 5466 6275 5457[ 6211 5438 6168 5473[ 6125 5508 6114 5558[ 6109 5584 6112 5603"/>
  </edges>
</DOMShape>
                                   </elements>
            </DOMFrame>
          </frames>
        </DOMLayer>
        <DOMLayer name="Layer 17">
          <frames>
            <DOMFrame index="0" motionTweenScale="false" keyMode="8192">
              <elements>
<DOMShape isFloating="true">
                                             <fills>
  <FillStyle index="1">
    <SolidColor color="#b38f0f"/>
  </FillStyle>
</fills>
                                             <strokes/>
  <edges>
    <Edge fillStyle0="0" fillStyle1="0" strokeStyle="0" edges="!6461 5826! 0 0"/>
    <Edge fillStyle0="0" fillStyle1="1" strokeStyle="0" edges="!0 0! 6187 5700[ 6235 5724 6286 5707[ 6337 5689 6361 5641[ 6384 5592 6367 5542[ 6350 5491 6301 5467[ 6253 5443 6201 5461[ 6150 5478 6127 5527[ 6103 5575 6120 5626[ 6139 5676 6187 5700"/>
  </edges>
</DOMShape>
                                   </elements>
            </DOMFrame>
          </frames>
        </DOMLayer>
        <DOMLayer name="Layer 18">
          <frames>
            <DOMFrame index="0" motionTweenScale="false" keyMode="8192">
              <elements>
<DOMShape isFloating="true">
                                             <fills>
  <FillStyle index="1">
    <SolidColor color="#000000"/>
  </FillStyle>
</fills>
                                             <strokes/>
  <edges>
    <Edge fillStyle0="0" fillStyle1="0" strokeStyle="0" edges="!0 0! 0 0"/>
    <Edge fillStyle0="1" fillStyle1="0" strokeStyle="0" edges="!0 0! 6461 5826[ 6506 5848 6552 5832[ 6600 5816 6622 5771[ 6643 5726 6627 5680[ 6611 5632 6566 5610[ 6522 5589 6475 5605[ 6427 5621 6406 5666[ 6384 5711 6400 5757[ 6417 5805 6461 5826"/>
    <Edge fillStyle0="1" fillStyle1="0" strokeStyle="0" edges="!6461 5826! 6575 5592[ 6627 5618 6646 5673[ 6665 5728 6640 5780[ 6614 5832 6559 5851[ 6504 5870 6452 5844[ 6400 5819 6381 5764[ 6362 5709 6388 5657[ 6413 5605 6468 5586[ 6523 5567 6575 5592"/>
  </edges>
</DOMShape>
                                   </elements>
            </DOMFrame>
          </frames>
        </DOMLayer>
        <DOMLayer name="Layer 19">
          <frames>
            <DOMFrame index="0" motionTweenScale="false" keyMode="8192">
              <elements>
<DOMShape isFloating="true">
                                             <fills>
  <FillStyle index="1">
    <SolidColor color="#e8cc50"/>
  </FillStyle>
</fills>
                                             <strokes/>
  <edges>
    <Edge fillStyle0="0" fillStyle1="0" strokeStyle="0" edges="!0 0! 0 0"/>
    <Edge fillStyle0="0" fillStyle1="1" strokeStyle="0" edges="!0 0! 6457 5598[ 6412 5634 6391 5681| 6407 5691| 6447 5710[ 6511 5733 6547 5705[ 6584 5677 6578 5637| 6570 5612| 6565 5603[ 6549 5592 6528 5587[ 6486 5575 6457 5598"/>
  </edges>
</DOMShape>
                                   </elements>
            </DOMFrame>
          </frames>
        </DOMLayer>
        <DOMLayer name="Layer 20">
          <frames>
            <DOMFrame index="0" motionTweenScale="false" keyMode="8192">
              <elements>
<DOMShape isFloating="true">
                                             <fills>
  <FillStyle index="1">
    <SolidColor color="#ceb940"/>
  </FillStyle>
</fills>
                                             <strokes/>
  <edges>
    <Edge fillStyle0="0" fillStyle1="0" strokeStyle="0" edges="!0 0! 0 0"/>
    <Edge fillStyle0="0" fillStyle1="1" strokeStyle="0" edges="!0 0! 6387 5691[ 6381 5717 6384 5736| 6402 5749| 6448 5777[ 6522 5811 6576 5769[ 6631 5726 6622 5666[ 6620 5647 6610 5630| 6602 5614[ 6579 5599 6547 5590[ 6483 5571 6440 5606[ 6397 5641 6387 5691"/>
  </edges>
</DOMShape>
                                   </elements>
            </DOMFrame>
          </frames>
        </DOMLayer>
        <DOMLayer name="Layer 21">
          <frames>
            <DOMFrame index="0" motionTweenScale="false" keyMode="8192">
              <elements>
<DOMShape isFloating="true">
                                             <fills>
  <FillStyle index="1">
    <SolidColor color="#b38f0f"/>
  </FillStyle>
</fills>
                                             <strokes/>
  <edges>
    <Edge fillStyle0="0" fillStyle1="0" strokeStyle="0" edges="!6660 5790! 0 0"/>
    <Edge fillStyle0="0" fillStyle1="1" strokeStyle="0" edges="!0 0! 6459 5833[ 6508 5857 6558 5839[ 6609 5822 6633 5774[ 6656 5725 6639 5674[ 6622 5624 6573 5600[ 6525 5576 6473 5594[ 6422 5611 6399 5660[ 6375 5708 6392 5759[ 6411 5809 6459 5833"/>
  </edges>
</DOMShape>
                                   </elements>
            </DOMFrame>
          </frames>
        </DOMLayer>
        <DOMLayer name="Layer 22">
          <frames>
            <DOMFrame index="0" motionTweenScale="false" keyMode="8192">
              <elements>
<DOMShape isFloating="true">
                                             <fills>
  <FillStyle index="1">
    <SolidColor color="#000000"/>
  </FillStyle>
</fills>
                                             <strokes/>
  <edges>
    <Edge fillStyle0="0" fillStyle1="0" strokeStyle="0" edges="!0 0! 0 0"/>
    <Edge fillStyle0="1" fillStyle1="0" strokeStyle="0" edges="!0 0! 6660 5790[ 6685 5738 6740 5719[ 6795 5700 6847 5725[ 6900 5751 6919 5806[ 6937 5861 6912 5913[ 6886 5965 6832 5984[ 6777 6003 6724 5977[ 6672 5952 6653 5897[ 6634 5842 6660 5790"/>
    <Edge fillStyle0="1" fillStyle1="0" strokeStyle="0" edges="!6660 5790! 6672 5890[ 6689 5938 6733 5959[ 6778 5981 6825 5965[ 6872 5949 6894 5904[ 6915 5859 6900 5813[ 6883 5765 6838 5743| 6747 5738[ 6700 5754 6679 5799[ 6657 5844 6672 5890"/>
  </edges>
</DOMShape>
                                   </elements>
            </DOMFrame>
          </frames>
        </DOMLayer>
        <DOMLayer name="Layer 23">
          <frames>
            <DOMFrame index="0" motionTweenScale="false" keyMode="8192">
              <elements>
<DOMShape isFloating="true">
                                             <fills>
  <FillStyle index="1">
    <SolidColor color="#e8cc50"/>
  </FillStyle>
</fills>
                                             <strokes/>
  <edges>
    <Edge fillStyle0="0" fillStyle1="0" strokeStyle="0" edges="!0 0! 0 0"/>
    <Edge fillStyle0="0" fillStyle1="1" strokeStyle="0" edges="!0 0! 6663 5814| 6679 5824| 6719 5843[ 6783 5866 6820 5838[ 6856 5810 6851 5770| 6843 5745| 6837 5736[ 6822 5725 6800 5720[ 6758 5708 6729 5731[ 6684 5767 6663 5814"/>
  </edges>
</DOMShape>
                                   </elements>
            </DOMFrame>
          </frames>
        </DOMLayer>
        <DOMLayer name="Layer 24">
          <frames>
            <DOMFrame index="0" motionTweenScale="false" keyMode="8192">
              <elements>
<DOMShape isFloating="true">
                                             <fills>
  <FillStyle index="1">
    <SolidColor color="#ceb940"/>
  </FillStyle>
</fills>
                                             <strokes/>
  <edges>
    <Edge fillStyle0="0" fillStyle1="0" strokeStyle="0" edges="!0 0! 0 0"/>
    <Edge fillStyle0="0" fillStyle1="1" strokeStyle="0" edges="!0 0! 6656 5868| 6674 5882| 6720 5910[ 6794 5944 6848 5902[ 6903 5859 6894 5799[ 6892 5780 6883 5762| 6874 5747[ 6851 5732 6819 5723[ 6755 5704 6713 5739[ 6670 5773 6659 5824[ 6654 5850 6656 5868"/>
  </edges>
</DOMShape>
                                   </elements>
            </DOMFrame>
          </frames>
        </DOMLayer>
        <DOMLayer name="Layer 25">
          <frames>
            <DOMFrame index="0" motionTweenScale="false" keyMode="8192">
              <elements>
<DOMShape isFloating="true">
                                             <fills>
  <FillStyle index="1">
    <SolidColor color="#b38f0f"/>
  </FillStyle>
</fills>
                                             <strokes/>
  <edges>
    <Edge fillStyle0="0" fillStyle1="0" strokeStyle="0" edges="!0 0! 0 0"/>
    <Edge fillStyle0="0" fillStyle1="1" strokeStyle="0" edges="!0 0! 6665 5891[ 6683 5942 6731 5966[ 6780 5990 6830 5972[ 6882 5955 6906 5907[ 6929 5858 6911 5807[ 6894 5757 6845 5733[ 6797 5709 6746 5726[ 6694 5744 6671 5793[ 6647 5841 6665 5891"/>
  </edges>
</DOMShape>
                                   </elements>
            </DOMFrame>
          </frames>
        </DOMLayer>
        <DOMLayer name="Layer 26">
          <frames>
            <DOMFrame index="0" motionTweenScale="false" keyMode="8192">
              <elements>
<DOMShape isFloating="true">
                                             <fills>
  <FillStyle index="1">
    <SolidColor color="#000000"/>
  </FillStyle>
</fills>
                                             <strokes/>
  <edges>
    <Edge fillStyle0="0" fillStyle1="0" strokeStyle="0" edges="!4902 5474! 0 0"/>
    <Edge fillStyle0="1" fillStyle1="0" strokeStyle="0" edges="!0 0! 6999 5987| 6150 5547| 7048 5971| 6999 5987"/>
  </edges>
</DOMShape>
                                   </elements>
            </DOMFrame>
          </frames>
        </DOMLayer>
        <DOMLayer name="Layer 27">
          <frames>
            <DOMFrame index="0" motionTweenScale="false" keyMode="8192">
              <elements>
<DOMShape isFloating="true">
                                             <fills>
  <FillStyle index="1">
    <SolidColor color="#000000"/>
  </FillStyle>
</fills>
                                             <strokes/>
  <edges>
    <Edge fillStyle0="0" fillStyle1="0" strokeStyle="0" edges="!0 0! 0 0"/>
    <Edge fillStyle0="1" fillStyle1="0" strokeStyle="0" edges="!0 0! 4902 5474[ 4954 5626 4984 5656[ 5057 5732 5086 5729[ 5110 5728 5122 5714[ 5134 5698 5127 5666[ 5116 5611 5051 5582[ 4943 5531 4855 5327| 4902 5474"/>
    <Edge fillStyle0="1" fillStyle1="0" strokeStyle="0" edges="!4902 5474! 4925 5408[ 5006 5530 5062 5556[ 5139 5593 5155 5660[ 5165 5707 5144 5731[ 5125 5755 5089 5758[ 4870 5693 4845 5301[ 4853 5298 4925 5408"/>
  </edges>
</DOMShape>
                                   </elements>
            </DOMFrame>
          </frames>
        </DOMLayer>
        <DOMLayer name="Layer 28">
          <frames>
            <DOMFrame index="0" motionTweenScale="false" keyMode="8192">
              <elements>
<DOMShape isFloating="true">
                                             <fills>
  <FillStyle index="1">
    <SolidColor color="#f4a057"/>
  </FillStyle>
</fills>
                                             <strokes/>
  <edges>
    <Edge fillStyle0="0" fillStyle1="0" strokeStyle="0" edges="!0 0! 0 0"/>
    <Edge fillStyle0="1" fillStyle1="0" strokeStyle="0" edges="!0 0! 4886 5403| 4928 5491[ 4974 5585 4994 5611[ 5012 5633 5039 5637[ 5070 5642 5088 5660[ 5128 5695 5118 5745| 5020 5706| 4947 5623| 4869 5415| 4869 5393| 4886 5403"/>
  </edges>
</DOMShape>
                                   </elements>
            </DOMFrame>
          </frames>
        </DOMLayer>
        <DOMLayer name="Layer 29">
          <frames>
            <DOMFrame index="0" motionTweenScale="false" keyMode="8192">
              <elements>
<DOMShape isFloating="true">
                                             <fills>
  <FillStyle index="1">
    <SolidColor color="#f5c4a0"/>
  </FillStyle>
</fills>
                                             <strokes/>
  <edges>
    <Edge fillStyle0="0" fillStyle1="0" strokeStyle="0" edges="!6391 5077! 0 0"/>
    <Edge fillStyle0="0" fillStyle1="1" strokeStyle="0" edges="!0 0! 4846 5308| 4893 5471[ 4951 5642 4999 5685[ 5093 5769 5132 5723[ 5152 5700 5139 5656[ 5122 5600 5056 5569[ 4952 5520 4846 5308"/>
  </edges>
</DOMShape>
                                   </elements>
            </DOMFrame>
          </frames>
        </DOMLayer>
        <DOMLayer name="Layer 30">
          <frames>
            <DOMFrame index="0" motionTweenScale="false" keyMode="8192">
              <elements>
<DOMShape isFloating="true">
                                             <fills>
  <FillStyle index="1">
    <SolidColor color="#000000"/>
  </FillStyle>
</fills>
                                             <strokes/>
  <edges>
    <Edge fillStyle0="0" fillStyle1="0" strokeStyle="0" edges="!0 0! 0 0"/>
    <Edge fillStyle0="1" fillStyle1="0" strokeStyle="0" edges="!0 0! 6391 5077[ 6622 5044 6680 5063[ 6827 5106 6843 5145[ 6857 5177 6847 5203[ 6835 5228 6788 5240[ 6709 5262 6628 5198[ 6491 5094 6170 5117| 6391 5077"/>
    <Edge fillStyle0="1" fillStyle1="0" strokeStyle="0" edges="!6391 5077! 6320 5153[ 6531 5175 6603 5230[ 6701 5304 6798 5280[ 6865 5261 6883 5218[ 6901 5179 6880 5129[ 6652 4891 6129 5120[ 6131 5132 6320 5153"/>
  </edges>
</DOMShape>
                                   </elements>
            </DOMFrame>
          </frames>
        </DOMLayer>
        <DOMLayer name="Layer 31">
          <frames>
            <DOMFrame index="0" motionTweenScale="false" keyMode="8192">
              <elements>
<DOMShape isFloating="true">
                                             <fills>
  <FillStyle index="1">
    <SolidColor color="#f4a057"/>
  </FillStyle>
</fills>
                                             <strokes/>
  <edges>
    <Edge fillStyle0="0" fillStyle1="0" strokeStyle="0" edges="!0 0! 0 0"/>
    <Edge fillStyle0="1" fillStyle1="0" strokeStyle="0" edges="!0 0! 6286 5105| 6429 5100| 6627 5106[ 6668 5114 6691 5146[ 6718 5182 6753 5195[ 6824 5221 6884 5176| 6767 5076| 6611 5037| 6291 5075[ 6277 5082 6263 5091| 6286 5105"/>
  </edges>
</DOMShape>
                                   </elements>
            </DOMFrame>
          </frames>
        </DOMLayer>
        <DOMLayer name="Layer 32">
          <frames>
            <DOMFrame index="0" motionTweenScale="false" keyMode="8192">
              <elements>
<DOMShape isFloating="true">
                                             <fills>
  <FillStyle index="1">
    <SolidColor color="#f5c4a0"/>
  </FillStyle>
</fills>
                                             <strokes/>
  <edges>
    <Edge fillStyle0="0" fillStyle1="0" strokeStyle="0" edges="!0 0! 0 0"/>
    <Edge fillStyle0="0" fillStyle1="1" strokeStyle="0" edges="!0 0! 6139 5116| 6380 5070[ 6639 5030 6727 5063[ 6899 5128 6865 5210[ 6848 5249 6782 5262[ 6700 5278 6616 5214[ 6483 5112 6139 5116"/>
  </edges>
</DOMShape>
                                   </elements>
            </DOMFrame>
          </frames>
        </DOMLayer>
        <DOMLayer name="Layer 33">
          <frames>
            <DOMFrame index="0" motionTweenScale="false" keyMode="8192">
              <elements>
<DOMShape isFloating="true">
                                             <fills>
  <FillStyle index="1">
    <SolidColor color="#000000"/>
  </FillStyle>
</fills>
                                             <strokes/>
  <edges>
    <Edge fillStyle0="0" fillStyle1="0" strokeStyle="0" edges="!5063 5058! 0 0"/>
    <Edge fillStyle0="1" fillStyle1="0" strokeStyle="0" edges="!0 0! 5188 4185[ 5130 4186 5082 4204[ 4983 4243 4951 4268[ 4928 4285 4927 4331[ 5020 4275 5102 4248| 5219 4245| 5276 4262[ 5275 4220 5258 4200[ 5245 4184 5188 4185"/>
  </edges>
</DOMShape>
                                   </elements>
            </DOMFrame>
          </frames>
        </DOMLayer>
        <DOMLayer name="Layer 34">
          <frames>
            <DOMFrame index="0" motionTweenScale="false" keyMode="8192">
              <elements>
<DOMShape isFloating="true">
                                             <fills>
  <FillStyle index="1">
    <SolidColor color="#a90101"/>
  </FillStyle>
  <FillStyle index="2">
    <SolidColor color="#ffffff"/>
  </FillStyle>
  <FillStyle index="3">
    <SolidColor color="#7e0101"/>
  </FillStyle>
</fills>
                                             <strokes/>
  <edges>
    <Edge fillStyle0="0" fillStyle1="0" strokeStyle="0" edges="!0 0! 0 0"/>
    <Edge fillStyle0="2" fillStyle1="0" strokeStyle="0" edges="!0 0! 4990 4672[ 5001 4639 5022 4618[ 5096 4547 5530 4506| 6016 4476[ 5996 4494 5983 4545"/>
    <Edge fillStyle0="2" fillStyle1="3" strokeStyle="0" edges="!5983 4545[ 5479 4527 4990 4672"/>
    <Edge fillStyle0="0" fillStyle1="3" strokeStyle="0" edges="!4990 4672[ 4964 4754 5007 4909"/>
    <Edge fillStyle0="0" fillStyle1="1" strokeStyle="0" edges="!5007 4909[ 5029 4985 5060 5051| 5063 5058"/>
    <Edge fillStyle0="0" fillStyle1="2" strokeStyle="0" edges="!5063 5058[ 5095 5123 5112 5131| 5525 5143[ 5884 5110 5938 5063[ 5949 5053 5955 4989"/>
    <Edge fillStyle0="0" fillStyle1="1" strokeStyle="0" edges="!5955 4989| 5962 4785| 5962 4750"/>
    <Edge fillStyle0="0" fillStyle1="3" strokeStyle="0" edges="!5962 4750[ 5966 4616 5983 4545"/>
    <Edge fillStyle0="1" fillStyle1="2" strokeStyle="0" edges="!5983 4545! 5955 4989[ 5519 5096 5064 5052| 5063 5058"/>
    <Edge fillStyle0="1" fillStyle1="3" strokeStyle="0" edges="!5063 5058! 5007 4909[ 5478 4708 5962 4750"/>
  </edges>
</DOMShape>
                                   </elements>
            </DOMFrame>
          </frames>
        </DOMLayer>
        <DOMLayer name="Layer 35">
          <frames>
            <DOMFrame index="0" motionTweenScale="false" keyMode="8192">
              <elements>
<DOMShape isFloating="true">
                                             <fills>
  <FillStyle index="1">
    <SolidColor color="#000000"/>
  </FillStyle>
</fills>
                                             <strokes/>
  <edges>
    <Edge fillStyle0="0" fillStyle1="0" strokeStyle="0" edges="!0 0! 0 0"/>
    <Edge fillStyle0="0" fillStyle1="1" strokeStyle="0" edges="!0 0! 4971 4947[ 5003 5078 5048 5191| 6017 5085[ 5999 4971 5994 4843[ 5983 4585 6051 4508| 6146 4397[ 6159 4376 6140 4349[ 6112 4312 6032 4303[ 6065 4309 6101 4361[ 6138 4413 5997 4442| 5520 4470[ 5031 4515 4969 4601[ 4908 4686 4971 4947"/>
  </edges>
</DOMShape>
                                   </elements>
            </DOMFrame>
          </frames>
        </DOMLayer>
        <DOMLayer name="Layer 36">
          <frames>
            <DOMFrame index="0" motionTweenScale="false" keyMode="8192">
              <elements>
<DOMShape isFloating="true">
                                             <fills>
  <FillStyle index="1">
    <SolidColor color="#000000"/>
  </FillStyle>
</fills>
                                             <strokes/>
  <edges>
    <Edge fillStyle0="0" fillStyle1="0" strokeStyle="0" edges="!6421 5468! 0 0"/>
    <Edge fillStyle0="1" fillStyle1="0" strokeStyle="0" edges="!0 0! 5950 4077| 6058 4070[ 6163 4083 6201 4100[ 6227 4111 6239 4156[ 6135 4123 6049 4117[ 5996 4114 5934 4143| 5884 4174[ 5875 4132 5887 4108[ 5896 4090 5950 4077"/>
  </edges>
</DOMShape>
                                   </elements>
            </DOMFrame>
          </frames>
        </DOMLayer>
        <DOMLayer name="Layer 37">
          <frames>
            <DOMFrame index="0" motionTweenScale="false" keyMode="8192">
              <elements>
<DOMShape isFloating="true">
                                             <fills>
  <FillStyle index="1">
    <SolidColor color="#000000"/>
  </FillStyle>
</fills>
                                             <strokes/>
  <edges>
    <Edge fillStyle0="0" fillStyle1="0" strokeStyle="0" edges="!0 0! 0 0"/>
    <Edge fillStyle0="1" fillStyle1="0" strokeStyle="0" edges="!0 0! 6421 5468[ 6431 5517 6473 5544[ 6515 5570 6564 5559[ 6613 5548 6639 5506[ 6666 5464 6655 5416[ 6644 5367 6602 5341[ 6560 5314 6512 5325[ 6463 5335 6436 5377[ 6410 5419 6421 5468"/>
    <Edge fillStyle0="1" fillStyle1="0" strokeStyle="0" edges="!6421 5468! 6419 5366[ 6451 5317 6508 5305[ 6564 5292 6613 5324[ 6662 5355 6675 5412[ 6688 5468 6656 5517[ 6625 5566 6568 5579[ 6511 5592 6462 5561[ 6413 5529 6401 5472[ 6388 5415 6419 5366"/>
  </edges>
</DOMShape>
                                   </elements>
            </DOMFrame>
          </frames>
        </DOMLayer>
        <DOMLayer name="Layer 38">
          <frames>
            <DOMFrame index="0" motionTweenScale="false" keyMode="8192">
              <elements>
<DOMShape isFloating="true">
                                             <fills>
  <FillStyle index="1">
    <SolidColor color="#e8cc50"/>
  </FillStyle>
</fills>
                                             <strokes/>
  <edges>
    <Edge fillStyle0="0" fillStyle1="0" strokeStyle="0" edges="!0 0! 0 0"/>
    <Edge fillStyle0="0" fillStyle1="1" strokeStyle="0" edges="!0 0! 6420 5390[ 6442 5410 6473 5425[ 6533 5457 6573 5433[ 6613 5409 6611 5369[ 6611 5349 6602 5333[ 6588 5321 6567 5312| 6496 5315[ 6446 5346 6420 5390"/>
  </edges>
</DOMShape>
                                   </elements>
            </DOMFrame>
          </frames>
        </DOMLayer>
        <DOMLayer name="Layer 39">
          <frames>
            <DOMFrame index="0" motionTweenScale="false" keyMode="8192">
              <elements>
<DOMShape isFloating="true">
                                             <fills>
  <FillStyle index="1">
    <SolidColor color="#ceb940"/>
  </FillStyle>
</fills>
                                             <strokes/>
  <edges>
    <Edge fillStyle0="0" fillStyle1="0" strokeStyle="0" edges="!0 0! 0 0"/>
    <Edge fillStyle0="0" fillStyle1="1" strokeStyle="0" edges="!0 0! 6407 5444[ 6429 5472 6465 5493[ 6534 5535 6594 5499[ 6653 5463 6651 5403[ 6651 5373 6638 5349[ 6617 5330 6586 5317[ 6523 5292 6477 5321[ 6431 5351 6414 5400[ 6406 5425 6407 5444"/>
  </edges>
</DOMShape>
                                   </elements>
            </DOMFrame>
          </frames>
        </DOMLayer>
        <DOMLayer name="Layer 40">
          <frames>
            <DOMFrame index="0" motionTweenScale="false" keyMode="8192">
              <elements>
<DOMShape isFloating="true">
                                             <fills>
  <FillStyle index="1">
    <SolidColor color="#b38f0f"/>
  </FillStyle>
</fills>
                                             <strokes/>
  <edges>
    <Edge fillStyle0="0" fillStyle1="0" strokeStyle="0" edges="!6729 5707! 0 0"/>
    <Edge fillStyle0="0" fillStyle1="1" strokeStyle="0" edges="!0 0! 6470 5550[ 6516 5579 6568 5568[ 6621 5557 6650 5511[ 6679 5466 6667 5412[ 6656 5360 6610 5330[ 6565 5301 6511 5313[ 6459 5325 6430 5370[ 6401 5416 6412 5469[ 6425 5521 6470 5550"/>
  </edges>
</DOMShape>
                                   </elements>
            </DOMFrame>
          </frames>
        </DOMLayer>
        <DOMLayer name="Layer 41">
          <frames>
            <DOMFrame index="0" motionTweenScale="false" keyMode="8192">
              <elements>
<DOMShape isFloating="true">
                                             <fills>
  <FillStyle index="1">
    <SolidColor color="#000000"/>
  </FillStyle>
</fills>
                                             <strokes/>
  <edges>
    <Edge fillStyle0="0" fillStyle1="0" strokeStyle="0" edges="!0 0! 0 0"/>
    <Edge fillStyle0="1" fillStyle1="0" strokeStyle="0" edges="!0 0! 6729 5707[ 6771 5734 6820 5723[ 6868 5712 6894 5670[ 6921 5628 6911 5580[ 6900 5531 6858 5504[ 6816 5477 6768 5488[ 6719 5498 6692 5540[ 6666 5582 6677 5631[ 6687 5680 6729 5707"/>
    <Edge fillStyle0="1" fillStyle1="0" strokeStyle="0" edges="!6729 5707! 6869 5487[ 6918 5518 6931 5576[ 6944 5632 6912 5681[ 6881 5730 6824 5743[ 6767 5755 6718 5724[ 6669 5693 6656 5636[ 6644 5578 6675 5529[ 6707 5480 6763 5469[ 6820 5456 6869 5487"/>
  </edges>
</DOMShape>
                                   </elements>
            </DOMFrame>
          </frames>
        </DOMLayer>
        <DOMLayer name="Layer 42">
          <frames>
            <DOMFrame index="0" motionTweenScale="false" keyMode="8192">
              <elements>
<DOMShape isFloating="true">
                                             <fills>
  <FillStyle index="1">
    <SolidColor color="#e8cc50"/>
  </FillStyle>
</fills>
                                             <strokes/>
  <edges>
    <Edge fillStyle0="0" fillStyle1="0" strokeStyle="0" edges="!0 0! 0 0"/>
    <Edge fillStyle0="0" fillStyle1="1" strokeStyle="0" edges="!0 0! 6751 5478[ 6701 5510 6676 5554| 6690 5566| 6729 5589[ 6789 5620 6829 5597[ 6868 5573 6867 5532| 6862 5507| 6857 5497[ 6844 5485 6823 5476| 6751 5478"/>
  </edges>
</DOMShape>
                                   </elements>
            </DOMFrame>
          </frames>
        </DOMLayer>
        <DOMLayer name="Layer 43">
          <frames>
            <DOMFrame index="0" motionTweenScale="false" keyMode="8192">
              <elements>
<DOMShape isFloating="true">
                                             <fills>
  <FillStyle index="1">
    <SolidColor color="#ceb940"/>
  </FillStyle>
</fills>
                                             <strokes/>
  <edges>
    <Edge fillStyle0="0" fillStyle1="0" strokeStyle="0" edges="!0 0! 0 0"/>
    <Edge fillStyle0="0" fillStyle1="1" strokeStyle="0" edges="!0 0! 6669 5564[ 6662 5588 6663 5607| 6679 5624| 6720 5657[ 6790 5699 6850 5662[ 6909 5627 6907 5566| 6901 5528| 6894 5513[ 6872 5494 6842 5481[ 6779 5455 6733 5485[ 6687 5514 6669 5564"/>
  </edges>
</DOMShape>
                                   </elements>
            </DOMFrame>
          </frames>
        </DOMLayer>
        <DOMLayer name="Layer 44">
          <frames>
            <DOMFrame index="0" motionTweenScale="false" keyMode="8192">
              <elements>
<DOMShape isFloating="true">
                                             <fills>
  <FillStyle index="1">
    <SolidColor color="#b38f0f"/>
  </FillStyle>
</fills>
                                             <strokes/>
  <edges>
    <Edge fillStyle0="0" fillStyle1="0" strokeStyle="0" edges="!6932 5795! 0 0"/>
    <Edge fillStyle0="0" fillStyle1="1" strokeStyle="0" edges="!0 0! 6726 5714[ 6772 5743 6824 5732[ 6877 5720 6906 5674[ 6935 5629 6923 5576[ 6912 5523 6866 5494[ 6821 5465 6767 5476[ 6715 5488 6686 5533[ 6657 5579 6668 5632[ 6681 5685 6726 5714"/>
  </edges>
</DOMShape>
                                   </elements>
            </DOMFrame>
          </frames>
        </DOMLayer>
        <DOMLayer name="Layer 45">
          <frames>
            <DOMFrame index="0" motionTweenScale="false" keyMode="8192">
              <elements>
<DOMShape isFloating="true">
                                             <fills>
  <FillStyle index="1">
    <SolidColor color="#000000"/>
  </FillStyle>
</fills>
                                             <strokes/>
  <edges>
    <Edge fillStyle0="0" fillStyle1="0" strokeStyle="0" edges="!0 0! 0 0"/>
    <Edge fillStyle0="1" fillStyle1="0" strokeStyle="0" edges="!0 0! 6932 5795[ 6943 5844 6985 5871[ 7027 5897 7075 5886[ 7124 5875 7150 5833[ 7177 5791 7166 5743[ 7156 5694 7114 5668[ 7072 5641 7023 5652[ 6975 5662 6948 5704[ 6922 5746 6932 5795"/>
    <Edge fillStyle0="1" fillStyle1="0" strokeStyle="0" edges="!6932 5795! 6931 5693[ 6963 5644 7019 5632[ 7076 5619 7125 5651[ 7174 5682 7187 5739[ 7199 5795 7167 5844[ 7136 5893 7080 5906[ 7023 5919 6974 5888[ 6925 5856 6912 5799[ 6900 5742 6931 5693"/>
  </edges>
</DOMShape>
                                   </elements>
            </DOMFrame>
          </frames>
        </DOMLayer>
        <DOMLayer name="Layer 46">
          <frames>
            <DOMFrame index="0" motionTweenScale="false" keyMode="8192">
              <elements>
<DOMShape isFloating="true">
                                             <fills>
  <FillStyle index="1">
    <SolidColor color="#e8cc50"/>
  </FillStyle>
</fills>
                                             <strokes/>
  <edges>
    <Edge fillStyle0="0" fillStyle1="0" strokeStyle="0" edges="!0 0! 0 0"/>
    <Edge fillStyle0="0" fillStyle1="1" strokeStyle="0" edges="!0 0! 6932 5717| 6946 5729| 6984 5752[ 7045 5784 7085 5760[ 7124 5736 7123 5696| 7118 5670| 7113 5660| 7079 5639| 7007 5642[ 6957 5673 6932 5717"/>
  </edges>
</DOMShape>
                                   </elements>
            </DOMFrame>
          </frames>
        </DOMLayer>
        <DOMLayer name="Layer 47">
          <frames>
            <DOMFrame index="0" motionTweenScale="false" keyMode="8192">
              <elements>
<DOMShape isFloating="true">
                                             <fills>
  <FillStyle index="1">
    <SolidColor color="#ceb940"/>
  </FillStyle>
</fills>
                                             <strokes/>
  <edges>
    <Edge fillStyle0="0" fillStyle1="0" strokeStyle="0" edges="!0 0! 0 0"/>
    <Edge fillStyle0="0" fillStyle1="1" strokeStyle="0" edges="!0 0! 6919 5771| 6934 5788| 6976 5820[ 7046 5862 7106 5826[ 7165 5790 7163 5730[ 7163 5710 7156 5692| 7150 5676[ 7128 5657 7097 5644| 6988 5648[ 6943 5678 6925 5727[ 6918 5752 6919 5771"/>
  </edges>
</DOMShape>
                                   </elements>
            </DOMFrame>
          </frames>
        </DOMLayer>
        <DOMLayer name="Layer 48">
          <frames>
            <DOMFrame index="0" motionTweenScale="false" keyMode="8192">
              <elements>
<DOMShape isFloating="true">
                                             <fills>
  <FillStyle index="1">
    <SolidColor color="#b38f0f"/>
  </FillStyle>
</fills>
                                             <strokes/>
  <edges>
    <Edge fillStyle0="0" fillStyle1="0" strokeStyle="0" edges="!0 0! 0 0"/>
    <Edge fillStyle0="0" fillStyle1="1" strokeStyle="0" edges="!0 0! 6924 5796[ 6936 5848 6982 5877[ 7027 5906 7080 5895[ 7133 5884 7162 5838[ 7191 5793 7179 5739[ 7168 5687 7122 5657[ 7076 5628 7023 5640[ 6971 5652 6942 5697[ 6913 5743 6924 5796"/>
  </edges>
</DOMShape>
                                   </elements>
            </DOMFrame>
          </frames>
        </DOMLayer>
        <DOMLayer name="Layer 49">
          <frames>
            <DOMFrame index="0" motionTweenScale="false" keyMode="8192">
              <elements>
<DOMShape isFloating="true">
                                             <fills>
  <FillStyle index="1">
    <SolidColor color="#000000"/>
  </FillStyle>
</fills>
                                             <strokes/>
  <edges>
    <Edge fillStyle0="0" fillStyle1="0" strokeStyle="0" edges="!7380 4991! 0 0"/>
    <Edge fillStyle0="1" fillStyle1="0" strokeStyle="0" edges="!0 0! 7246 5928| 6451 5393| 7297 5918| 7246 5928"/>
  </edges>
</DOMShape>
                                   </elements>
            </DOMFrame>
          </frames>
        </DOMLayer>
        <DOMLayer name="Layer 50">
          <frames>
            <DOMFrame index="0" motionTweenScale="false" keyMode="8192">
              <elements>
<DOMShape isFloating="true">
                                             <fills>
  <FillStyle index="1">
    <SolidColor color="#000000"/>
  </FillStyle>
</fills>
                                             <strokes/>
  <edges>
    <Edge fillStyle0="0" fillStyle1="0" strokeStyle="0" edges="!0 0! 0 0"/>
    <Edge fillStyle0="1" fillStyle1="0" strokeStyle="0" edges="!0 0! 7380 4991[ 7415 5031 7467 5067[ 7514 5099 7525 5136| 7533 5175| 7538 5190| 7566 5210[ 7577 5216 7575 5230[ 7568 5280 7345 5452[ 7125 5621 7041 5648| 7005 5645[ 6994 5635 6967 5623[ 6876 5583 6789 5476[ 6667 5319 6638 5195| 6637 5188| 6642 5183[ 7050 4741 7099 4727| 7132 4730[ 7145 4737 7148 4759| 7150 4766| 7149 4766| 7150 4767| 7150 4766| 7173 4772| 7214 4779[ 7230 4778 7249 4802| 7294 4867[ 7344 4947 7380 4991"/>
    <Edge fillStyle0="1" fillStyle1="0" strokeStyle="0" edges="!7380 4991! 7146 4791[ 7128 4789 7123 4764| 7119 4752| 7105 4752[ 7060 4766 6664 5195| 6692 5268[ 6736 5365 6811 5460[ 6893 5564 6977 5599| 7021 5627[ 7040 5629 7130 5573[ 7227 5511 7345 5420[ 7446 5340 7503 5284[ 7545 5243 7549 5228| 7517 5205[ 7510 5197 7507 5178| 7500 5143[ 7492 5115 7453 5089[ 7400 5053 7361 5007[ 7326 4965 7272 4881[ 7224 4804 7213 4804| 7166 4796| 7146 4791"/>
  </edges>
</DOMShape>
                                   </elements>
            </DOMFrame>
          </frames>
        </DOMLayer>
        <DOMLayer name="Layer 51">
          <frames>
            <DOMFrame index="0" motionTweenScale="false" keyMode="8192">
              <elements>
<DOMShape isFloating="true">
                                             <fills>
  <FillStyle index="1">
    <SolidColor color="#bfd1d8"/>
  </FillStyle>
</fills>
                                             <strokes/>
  <edges>
    <Edge fillStyle0="0" fillStyle1="0" strokeStyle="0" edges="!0 0! 0 0"/>
    <Edge fillStyle0="0" fillStyle1="1" strokeStyle="0" edges="!0 0! 7485 5136| 7493 5207[ 7496 5256 7459 5269[ 7429 5280 7358 5356[ 7290 5431 7264 5435[ 7230 5442 7186 5349[ 7164 5302 7148 5254| 7145 5348[ 7138 5446 7113 5462[ 7075 5488 7009 5483| 7014 5507[ 7015 5534 6991 5544[ 6968 5555 6832 5432| 6703 5308| 6873 5558| 7028 5645| 7482 5336| 7565 5230| 7528 5191| 7507 5118| 7476 5099[ 7488 5108 7485 5136"/>
  </edges>
</DOMShape>
                                   </elements>
            </DOMFrame>
          </frames>
        </DOMLayer>
        <DOMLayer name="Layer 52">
          <frames>
            <DOMFrame index="0" motionTweenScale="false" keyMode="8192">
              <elements>
<DOMShape isFloating="true">
                                             <fills>
  <FillStyle index="1">
    <SolidColor color="#e5edf1"/>
  </FillStyle>
</fills>
                                             <strokes/>
  <edges>
    <Edge fillStyle0="0" fillStyle1="0" strokeStyle="0" edges="!0 0! 0 0"/>
    <Edge fillStyle0="0" fillStyle1="1" strokeStyle="0" edges="!0 0! 7384 5014| 7421 5107[ 7454 5207 7434 5234[ 7400 5275 7350 5291[ 7286 5310 7236 5264[ 7197 5228 7195 5096| 7191 5015[ 7186 4982 7166 4983[ 7132 4985 7115 5083| 7103 5156[ 7096 5192 7087 5200[ 7068 5217 7004 5177| 6938 5134| 6974 5226[ 7013 5324 7009 5360[ 7004 5399 6968 5417| 6907 5434[ 6886 5438 6834 5375| 6760 5286[ 6724 5253 6677 5276| 6817 5496| 6983 5614| 7021 5646| 7328 5454| 7565 5230| 7528 5197| 7504 5108| 7384 5014"/>
  </edges>
</DOMShape>
                                   </elements>
            </DOMFrame>
          </frames>
        </DOMLayer>
        <DOMLayer name="Layer 53">
          <frames>
            <DOMFrame index="0" motionTweenScale="false" keyMode="8192">
              <elements>
<DOMShape isFloating="true">
                                             <fills>
  <FillStyle index="1">
    <SolidColor color="#bfd1d8"/>
  </FillStyle>
</fills>
                                             <strokes/>
  <edges>
    <Edge fillStyle0="0" fillStyle1="0" strokeStyle="0" edges="!0 0! 0 0"/>
    <Edge fillStyle0="1" fillStyle1="0" strokeStyle="0" edges="!0 0! 6843 4999[ 6819 5017 6801 5099[ 6781 5181 6772 5190[ 6756 5204 6698 5191| 6645 5176| 7010 4833[ 6989 4985 6965 5006[ 6955 5014 6911 4998[ 6866 4982 6843 4999"/>
  </edges>
</DOMShape>
                                   </elements>
            </DOMFrame>
          </frames>
        </DOMLayer>
        <DOMLayer name="Layer 54">
          <frames>
            <DOMFrame index="0" motionTweenScale="false" keyMode="8192">
              <elements>
<DOMShape isFloating="true">
                                             <fills>
  <FillStyle index="1">
    <SolidColor color="#e5edf1"/>
  </FillStyle>
</fills>
                                             <strokes/>
  <edges>
    <Edge fillStyle0="0" fillStyle1="0" strokeStyle="0" edges="!0 0! 0 0"/>
    <Edge fillStyle0="1" fillStyle1="0" strokeStyle="0" edges="!0 0! 7067 4904[ 7061 5031 7033 5060[ 7007 5087 6959 5060| 6921 5037[ 6900 5025 6886 5025| 6856 5017| 6845 5038[ 6836 5055 6851 5118[ 6864 5184 6856 5213[ 6844 5247 6750 5241| 6659 5229| 6645 5185| 7070 4763| 7067 4904"/>
  </edges>
</DOMShape>
                                   </elements>
            </DOMFrame>
          </frames>
        </DOMLayer>
        <DOMLayer name="Layer 55">
          <frames>
            <DOMFrame index="0" motionTweenScale="false" keyMode="8192">
              <elements>
<DOMShape isFloating="true">
                                             <fills>
  <FillStyle index="1">
    <SolidColor color="#ffffff"/>
  </FillStyle>
</fills>
                                             <strokes/>
  <edges>
    <Edge fillStyle0="0" fillStyle1="0" strokeStyle="0" edges="!0 0! 0 0"/>
    <Edge fillStyle0="0" fillStyle1="1" strokeStyle="0" edges="!0 0! 7274 4861[ 7230 4792 7213 4791[ 7183 4791 7148 4779[ 7141 4778 7135 4754[ 7129 4733 7102 4740[ 7056 4752 6651 5191[ 6657 5222 6680 5271[ 6724 5370 6801 5467[ 6874 5561 6938 5596| 6982 5616[ 7003 5626 7014 5637[ 7026 5650 7121 5593[ 7207 5540 7319 5455[ 7433 5369 7500 5304[ 7577 5232 7559 5220[ 7526 5198 7523 5189| 7513 5139[ 7503 5108 7465 5081[ 7408 5041 7371 4999[ 7336 4958 7274 4861"/>
  </edges>
</DOMShape>
                                   </elements>
            </DOMFrame>
          </frames>
        </DOMLayer>
        <DOMLayer name="Layer 56">
          <frames>
            <DOMFrame index="0" motionTweenScale="false" keyMode="8192">
              <elements>
<DOMShape isFloating="true">
                                             <fills>
  <FillStyle index="1">
    <SolidColor color="#fbcf5d"/>
  </FillStyle>
</fills>
                                             <strokes/>
  <edges>
    <Edge fillStyle0="0" fillStyle1="0" strokeStyle="0" edges="!0 0! 0 0"/>
    <Edge fillStyle0="0" fillStyle1="1" strokeStyle="0" edges="!0 0! 7373 4612| 7190 4889| 7215 4915| 7417 4657| 7373 4612"/>
  </edges>
</DOMShape>
                                   </elements>
            </DOMFrame>
          </frames>
        </DOMLayer>
        <DOMLayer name="Layer 57">
          <frames>
            <DOMFrame index="0" motionTweenScale="false" keyMode="8192">
              <elements>
<DOMShape isFloating="true">
                                             <fills>
  <FillStyle index="1">
    <SolidColor color="#000000"/>
  </FillStyle>
</fills>
                                             <strokes/>
  <edges>
    <Edge fillStyle0="0" fillStyle1="0" strokeStyle="0" edges="!0 0! 0 0"/>
    <Edge fillStyle0="0" fillStyle1="1" strokeStyle="0" edges="!0 0! 7373 4575| 7166 4901| 7217 4949| 7450 4644| 7373 4575"/>
  </edges>
</DOMShape>
                                   </elements>
            </DOMFrame>
          </frames>
        </DOMLayer>
        <DOMLayer name="Layer 58">
          <frames>
            <DOMFrame index="0" motionTweenScale="false" keyMode="8192">
              <elements>
<DOMShape isFloating="true">
                                             <fills>
  <FillStyle index="1">
    <SolidColor color="#fbcf5d"/>
  </FillStyle>
</fills>
                                             <strokes/>
  <edges>
    <Edge fillStyle0="0" fillStyle1="0" strokeStyle="0" edges="!0 0! 0 0"/>
    <Edge fillStyle0="0" fillStyle1="1" strokeStyle="0" edges="!0 0! 7317 4996| 7518 4737| 7474 4692| 7292 4969| 7317 4996"/>
  </edges>
</DOMShape>
                                   </elements>
            </DOMFrame>
          </frames>
        </DOMLayer>
        <DOMLayer name="Layer 59">
          <frames>
            <DOMFrame index="0" motionTweenScale="false" keyMode="8192">
              <elements>
<DOMShape isFloating="true">
                                             <fills>
  <FillStyle index="1">
    <SolidColor color="#000000"/>
  </FillStyle>
</fills>
                                             <strokes/>
  <edges>
    <Edge fillStyle0="0" fillStyle1="0" strokeStyle="0" edges="!0 0! 0 0"/>
    <Edge fillStyle0="0" fillStyle1="1" strokeStyle="0" edges="!0 0! 7267 4981| 7319 5029| 7551 4724| 7474 4655| 7267 4981"/>
  </edges>
</DOMShape>
                                   </elements>
            </DOMFrame>
          </frames>
        </DOMLayer>
        <DOMLayer name="Layer 60">
          <frames>
            <DOMFrame index="0" motionTweenScale="false" keyMode="8192">
              <elements>
<DOMShape isFloating="true">
                                             <fills>
  <FillStyle index="1">
    <SolidColor color="#ffbf00"/>
  </FillStyle>
</fills>
                                             <strokes/>
  <edges>
    <Edge fillStyle0="0" fillStyle1="0" strokeStyle="0" edges="!0 0! 0 0"/>
    <Edge fillStyle0="0" fillStyle1="1" strokeStyle="0" edges="!0 0! 7285 4761| 7101 5038| 7126 5063| 7328 4806| 7285 4761"/>
  </edges>
</DOMShape>
                                   </elements>
            </DOMFrame>
          </frames>
        </DOMLayer>
        <DOMLayer name="Layer 61">
          <frames>
            <DOMFrame index="0" motionTweenScale="false" keyMode="8192">
              <elements>
<DOMShape isFloating="true">
                                             <fills>
  <FillStyle index="1">
    <SolidColor color="#000000"/>
  </FillStyle>
</fills>
                                             <strokes/>
  <edges>
    <Edge fillStyle0="0" fillStyle1="0" strokeStyle="0" edges="!0 0! 0 0"/>
    <Edge fillStyle0="0" fillStyle1="1" strokeStyle="0" edges="!0 0! 7283 4724| 7077 5049| 7128 5098| 7360 4793| 7283 4724"/>
  </edges>
</DOMShape>
                                   </elements>
            </DOMFrame>
          </frames>
        </DOMLayer>
        <DOMLayer name="Layer 62">
          <frames>
            <DOMFrame index="0" motionTweenScale="false" keyMode="8192">
              <elements>
<DOMShape isFloating="true">
                                             <fills>
  <FillStyle index="1">
    <SolidColor color="#ffbf00"/>
  </FillStyle>
</fills>
                                             <strokes/>
  <edges>
    <Edge fillStyle0="0" fillStyle1="0" strokeStyle="0" edges="!0 0! 0 0"/>
    <Edge fillStyle0="0" fillStyle1="1" strokeStyle="0" edges="!0 0! 7051 4909| 7252 4651| 7209 4607| 7025 4884| 7051 4909"/>
  </edges>
</DOMShape>
                                   </elements>
            </DOMFrame>
          </frames>
        </DOMLayer>
        <DOMLayer name="Layer 63">
          <frames>
            <DOMFrame index="0" motionTweenScale="false" keyMode="8192">
              <elements>
<DOMShape isFloating="true">
                                             <fills>
  <FillStyle index="1">
    <SolidColor color="#000000"/>
  </FillStyle>
</fills>
                                             <strokes/>
  <edges>
    <Edge fillStyle0="0" fillStyle1="0" strokeStyle="0" edges="!0 0! 0 0"/>
    <Edge fillStyle0="0" fillStyle1="1" strokeStyle="0" edges="!0 0! 7052 4944| 7285 4639| 7208 4570| 7001 4895| 7052 4944"/>
  </edges>
</DOMShape>
                                   </elements>
            </DOMFrame>
          </frames>
        </DOMLayer>
        <DOMLayer name="Layer 64">
          <frames>
            <DOMFrame index="0" motionTweenScale="false" keyMode="8192">
              <elements>
<DOMShape isFloating="true">
                                             <fills>
  <FillStyle index="1">
    <SolidColor color="#ffbf00"/>
  </FillStyle>
</fills>
                                             <strokes/>
  <edges>
    <Edge fillStyle0="0" fillStyle1="0" strokeStyle="0" edges="!0 0! 0 0"/>
    <Edge fillStyle0="0" fillStyle1="1" strokeStyle="0" edges="!0 0! 7133 4936| 7334 4678| 7291 4634| 7108 4911| 7133 4936"/>
  </edges>
</DOMShape>
                                   </elements>
            </DOMFrame>
          </frames>
        </DOMLayer>
        <DOMLayer name="Layer 65">
          <frames>
            <DOMFrame index="0" motionTweenScale="false" keyMode="8192">
              <elements>
<DOMShape isFloating="true">
                                             <fills>
  <FillStyle index="1">
    <SolidColor color="#000000"/>
  </FillStyle>
</fills>
                                             <strokes/>
  <edges>
    <Edge fillStyle0="0" fillStyle1="0" strokeStyle="0" edges="!0 0! 0 0"/>
    <Edge fillStyle0="0" fillStyle1="1" strokeStyle="0" edges="!0 0! 7134 4971| 7367 4665| 7290 4596| 7083 4922| 7134 4971"/>
  </edges>
</DOMShape>
                                   </elements>
            </DOMFrame>
          </frames>
        </DOMLayer>
        <DOMLayer name="Layer 66">
          <frames>
            <DOMFrame index="0" motionTweenScale="false" keyMode="8192">
              <elements>
<DOMShape isFloating="true">
                                             <fills>
  <FillStyle index="1">
    <SolidColor color="#ffbf00"/>
  </FillStyle>
</fills>
                                             <strokes/>
  <edges>
    <Edge fillStyle0="0" fillStyle1="0" strokeStyle="0" edges="!0 0! 0 0"/>
    <Edge fillStyle0="0" fillStyle1="1" strokeStyle="0" edges="!0 0! 7400 4724| 7217 5001| 7242 5026| 7443 4768| 7400 4724"/>
  </edges>
</DOMShape>
                                   </elements>
            </DOMFrame>
          </frames>
        </DOMLayer>
        <DOMLayer name="Layer 67">
          <frames>
            <DOMFrame index="0" motionTweenScale="false" keyMode="8192">
              <elements>
<DOMShape isFloating="true">
                                             <fills>
  <FillStyle index="1">
    <SolidColor color="#000000"/>
  </FillStyle>
</fills>
                                             <strokes/>
  <edges>
    <Edge fillStyle0="0" fillStyle1="0" strokeStyle="0" edges="!0 0! 0 0"/>
    <Edge fillStyle0="0" fillStyle1="1" strokeStyle="0" edges="!0 0! 7399 4686| 7192 5012| 7243 5061| 7476 4755| 7399 4686"/>
  </edges>
</DOMShape>
                                   </elements>
            </DOMFrame>
          </frames>
        </DOMLayer>
        <DOMLayer name="Layer 68">
          <frames>
            <DOMFrame index="0" motionTweenScale="false" keyMode="8192">
              <elements>
<DOMShape isFloating="true">
                                             <fills>
  <FillStyle index="1">
    <SolidColor color="#ffbf00"/>
  </FillStyle>
</fills>
                                             <strokes/>
  <edges>
    <Edge fillStyle0="0" fillStyle1="0" strokeStyle="0" edges="!0 0! 0 0"/>
    <Edge fillStyle0="0" fillStyle1="1" strokeStyle="0" edges="!0 0! 7426 4864| 7243 5140| 7268 5166| 7469 4908| 7426 4864"/>
  </edges>
</DOMShape>
                                   </elements>
            </DOMFrame>
          </frames>
        </DOMLayer>
        <DOMLayer name="Layer 69">
          <frames>
            <DOMFrame index="0" motionTweenScale="false" keyMode="8192">
              <elements>
<DOMShape isFloating="true">
                                             <fills>
  <FillStyle index="1">
    <SolidColor color="#000000"/>
  </FillStyle>
</fills>
                                             <strokes/>
  <edges>
    <Edge fillStyle0="0" fillStyle1="0" strokeStyle="0" edges="!0 0! 0 0"/>
    <Edge fillStyle0="0" fillStyle1="1" strokeStyle="0" edges="!0 0! 7425 4826| 7218 5151| 7269 5200| 7502 4895| 7425 4826"/>
  </edges>
</DOMShape>
                                   </elements>
            </DOMFrame>
          </frames>
        </DOMLayer>
        <DOMLayer name="Layer 70">
          <frames>
            <DOMFrame index="0" motionTweenScale="false" keyMode="8192">
              <elements>
<DOMShape isFloating="true">
                                             <fills>
  <FillStyle index="1">
    <SolidColor color="#ffbf00"/>
  </FillStyle>
</fills>
                                             <strokes/>
  <edges>
    <Edge fillStyle0="0" fillStyle1="0" strokeStyle="0" edges="!0 0! 0 0"/>
    <Edge fillStyle0="0" fillStyle1="1" strokeStyle="0" edges="!0 0! 7354 5304| 7555 5046| 7512 5001| 7329 5279| 7354 5304"/>
  </edges>
</DOMShape>
                                   </elements>
            </DOMFrame>
          </frames>
        </DOMLayer>
        <DOMLayer name="Layer 71">
          <frames>
            <DOMFrame index="0" motionTweenScale="false" keyMode="8192">
              <elements>
<DOMShape isFloating="true">
                                             <fills>
  <FillStyle index="1">
    <SolidColor color="#000000"/>
  </FillStyle>
</fills>
                                             <strokes/>
  <edges>
    <Edge fillStyle0="0" fillStyle1="0" strokeStyle="0" edges="!0 0! 0 0"/>
    <Edge fillStyle0="0" fillStyle1="1" strokeStyle="0" edges="!0 0! 7355 5339| 7588 5033| 7511 4964| 7304 5290| 7355 5339"/>
  </edges>
</DOMShape>
                                   </elements>
            </DOMFrame>
          </frames>
        </DOMLayer>
        <DOMLayer name="Layer 72">
          <frames>
            <DOMFrame index="0" motionTweenScale="false" keyMode="8192">
              <elements>
<DOMShape isFloating="true">
                                             <fills>
  <FillStyle index="1">
    <SolidColor color="#fbcf5d"/>
  </FillStyle>
</fills>
                                             <strokes/>
  <edges>
    <Edge fillStyle0="0" fillStyle1="0" strokeStyle="0" edges="!0 0! 0 0"/>
    <Edge fillStyle0="0" fillStyle1="1" strokeStyle="0" edges="!0 0! 7605 4887| 7422 5164| 7447 5191| 7649 4932| 7605 4887"/>
  </edges>
</DOMShape>
                                   </elements>
            </DOMFrame>
          </frames>
        </DOMLayer>
        <DOMLayer name="Layer 73">
          <frames>
            <DOMFrame index="0" motionTweenScale="false" keyMode="8192">
              <elements>
<DOMShape isFloating="true">
                                             <fills>
  <FillStyle index="1">
    <SolidColor color="#000000"/>
  </FillStyle>
</fills>
                                             <strokes/>
  <edges>
    <Edge fillStyle0="0" fillStyle1="0" strokeStyle="0" edges="!0 0! 0 0"/>
    <Edge fillStyle0="0" fillStyle1="1" strokeStyle="0" edges="!0 0! 7605 4850| 7398 5176| 7449 5224| 7682 4919| 7605 4850"/>
  </edges>
</DOMShape>
                                   </elements>
            </DOMFrame>
          </frames>
        </DOMLayer>
        <DOMLayer name="Layer 74">
          <frames>
            <DOMFrame index="0" motionTweenScale="false" keyMode="8192">
              <elements>
<DOMShape isFloating="true">
                                             <fills>
  <FillStyle index="1">
    <SolidColor color="#fbcf5d"/>
  </FillStyle>
</fills>
                                             <strokes/>
  <edges>
    <Edge fillStyle0="0" fillStyle1="0" strokeStyle="0" edges="!0 0! 0 0"/>
    <Edge fillStyle0="0" fillStyle1="1" strokeStyle="0" edges="!0 0! 7503 4884| 7320 5160| 7345 5187| 7547 4928| 7503 4884"/>
  </edges>
</DOMShape>
                                   </elements>
            </DOMFrame>
          </frames>
        </DOMLayer>
        <DOMLayer name="Layer 75">
          <frames>
            <DOMFrame index="0" motionTweenScale="false" keyMode="8192">
              <elements>
<DOMShape isFloating="true">
                                             <fills>
  <FillStyle index="1">
    <SolidColor color="#000000"/>
  </FillStyle>
</fills>
                                             <strokes/>
  <edges>
    <Edge fillStyle0="0" fillStyle1="0" strokeStyle="0" edges="!0 0! 0 0"/>
    <Edge fillStyle0="0" fillStyle1="1" strokeStyle="0" edges="!0 0! 7503 4846| 7296 5173| 7347 5221| 7580 4915| 7503 4846"/>
  </edges>
</DOMShape>
                                   </elements>
            </DOMFrame>
          </frames>
        </DOMLayer>
        <DOMLayer name="Layer 76">
          <frames>
            <DOMFrame index="0" motionTweenScale="false" keyMode="8192">
              <elements>
<DOMShape isFloating="true">
                                             <fills>
  <FillStyle index="1">
    <SolidColor color="#ffbf00"/>
  </FillStyle>
</fills>
                                             <strokes/>
  <edges>
    <Edge fillStyle0="0" fillStyle1="0" strokeStyle="0" edges="!0 0! 0 0"/>
    <Edge fillStyle0="0" fillStyle1="1" strokeStyle="0" edges="!0 0! 7439 5306| 7641 5048| 7598 5003| 7414 5280| 7439 5306"/>
  </edges>
</DOMShape>
                                   </elements>
            </DOMFrame>
          </frames>
        </DOMLayer>
        <DOMLayer name="Layer 77">
          <frames>
            <DOMFrame index="0" motionTweenScale="false" keyMode="8192">
              <elements>
<DOMShape isFloating="true">
                                             <fills>
  <FillStyle index="1">
    <SolidColor color="#000000"/>
  </FillStyle>
</fills>
                                             <strokes/>
  <edges>
    <Edge fillStyle0="0" fillStyle1="0" strokeStyle="0" edges="!0 0! 0 0"/>
    <Edge fillStyle0="0" fillStyle1="1" strokeStyle="0" edges="!0 0! 7596 4966| 7390 5291| 7441 5340| 7673 5035| 7596 4966"/>
  </edges>
</DOMShape>
                                   </elements>
            </DOMFrame>
          </frames>
        </DOMLayer>
        <DOMLayer name="Layer 78">
          <frames>
            <DOMFrame index="0" motionTweenScale="false" keyMode="8192">
              <elements>
<DOMShape isFloating="true">
                                             <fills>
  <FillStyle index="1">
    <SolidColor color="#000000"/>
  </FillStyle>
</fills>
                                             <strokes/>
  <edges>
    <Edge fillStyle0="0" fillStyle1="0" strokeStyle="0" edges="!5691 5480! 0 0"/>
    <Edge fillStyle0="0" fillStyle1="1" strokeStyle="0" edges="!0 0! 5845 5851[ 5824 5936 5749 5973[ 5711 5991 5672 5998[ 5648 6046 5608 6041| 5572 6028| 5565 6062| 5615 6067[ 5668 6063 5683 6017[ 5692 6006 5714 6003| 5757 5997[ 5816 5978 5860 5859[ 5906 5737 5846 5631[ 5817 5578 5777 5550| 5701 5510| 5704 5547[ 5752 5569 5793 5616[ 5877 5713 5845 5851"/>
  </edges>
</DOMShape>
                                   </elements>
            </DOMFrame>
          </frames>
        </DOMLayer>
        <DOMLayer name="Layer 79">
          <frames>
            <DOMFrame index="0" motionTweenScale="false" keyMode="8192">
              <elements>
<DOMShape isFloating="true">
                                             <fills>
  <FillStyle index="1">
    <SolidColor color="#000000"/>
  </FillStyle>
</fills>
                                             <strokes/>
  <edges>
    <Edge fillStyle0="0" fillStyle1="0" strokeStyle="0" edges="!0 0! 0 0"/>
    <Edge fillStyle0="1" fillStyle1="0" strokeStyle="0" edges="!0 0! 5691 5480[ 5656 5452 5110 5366| 5067 5426[ 5014 5512 4978 5620[ 4940 5739 4956 5825[ 4961 5857 4958 5874[ 4965 5891 5057 5932[ 5158 5977 5291 6020[ 5406 6058 5481 6074| 5549 6081| 5550 6044[ 5554 6033 5566 6021| 5591 5997[ 5609 5976 5609 5931[ 5610 5869 5624 5816[ 5640 5764 5678 5679[ 5712 5601 5707 5593[ 5696 5577 5689 5551| 5681 5533[ 5675 5519 5692 5501| 5698 5491| 5691 5480"/>
    <Edge fillStyle0="1" fillStyle1="0" strokeStyle="0" edges="!5691 5480! 5723 5491[ 5723 5503 5708 5518| 5703 5523| 5703 5522| 5703 5524| 5703 5523| 5712 5544[ 5719 5569 5727 5579[ 5736 5593 5728 5620| 5700 5689[ 5662 5773 5648 5823[ 5633 5875 5633 5931[ 5632 5985 5609 6013| 5583 6040[ 5575 6046 5574 6051| 5574 6083[ 5573 6097 5561 6102[ 5519 6122 5266 6037[ 5017 5953 4951 5901[ 4931 5885 4934 5871[ 4938 5857 4932 5829[ 4915 5736 4955 5612[ 5014 5433 5097 5345| 5101 5341| 5108 5342[ 5673 5431 5708 5462[ 5723 5476 5723 5491"/>
  </edges>
</DOMShape>
                                   </elements>
            </DOMFrame>
          </frames>
        </DOMLayer>
        <DOMLayer name="Layer 80">
          <frames>
            <DOMFrame index="0" motionTweenScale="false" keyMode="8192">
              <elements>
<DOMShape isFloating="true">
                                             <fills>
  <FillStyle index="1">
    <SolidColor color="#bfd1d8"/>
  </FillStyle>
</fills>
                                             <strokes/>
  <edges>
    <Edge fillStyle0="0" fillStyle1="0" strokeStyle="0" edges="!0 0! 0 0"/>
    <Edge fillStyle0="0" fillStyle1="1" strokeStyle="0" edges="!0 0! 5587 5981| 5537 6025[ 5500 6053 5470 6031[ 5446 6013 5347 5998[ 5254 5984 5236 5964[ 5214 5942 5264 5857[ 5288 5816 5317 5779| 5242 5826[ 5162 5871 5137 5861[ 5096 5845 5065 5789| 5048 5806| 5007 5807[ 4974 5786 5042 5456| 4933 5721| 4947 5889| 5430 6084| 5556 6094| 5567 6045| 5613 5989| 5613 5956[ 5611 5969 5587 5981"/>
  </edges>
</DOMShape>
                                   </elements>
            </DOMFrame>
          </frames>
        </DOMLayer>
        <DOMLayer name="Layer 81">
          <frames>
            <DOMFrame index="0" motionTweenScale="false" keyMode="8192">
              <elements>
<DOMShape isFloating="true">
                                             <fills>
  <FillStyle index="1">
    <SolidColor color="#e5edf1"/>
  </FillStyle>
</fills>
                                             <strokes/>
  <edges>
    <Edge fillStyle0="0" fillStyle1="0" strokeStyle="0" edges="!0 0! 0 0"/>
    <Edge fillStyle0="0" fillStyle1="1" strokeStyle="0" edges="!0 0! 5542 5649[ 5522 5624 5436 5662| 5372 5691| 5328 5701[ 5305 5696 5303 5624| 5302 5550| 5248 5626[ 5193 5709 5162 5725| 5095 5722| 5050 5683[ 5034 5669 5057 5595| 5089 5490[ 5096 5443 5054 5420| 4954 5645| 4947 5837| 4942 5884| 5255 6026| 5556 6094| 5563 6048| 5621 5982| 5632 5838| 5578 5917[ 5517 5995 5484 5992[ 5434 5989 5395 5957[ 5346 5916 5357 5852[ 5365 5803 5468 5733| 5528 5687[ 5552 5664 5542 5649"/>
  </edges>
</DOMShape>
                                   </elements>
            </DOMFrame>
          </frames>
        </DOMLayer>
        <DOMLayer name="Layer 82">
          <frames>
            <DOMFrame index="0" motionTweenScale="false" keyMode="8192">
              <elements>
<DOMShape isFloating="true">
                                             <fills>
  <FillStyle index="1">
    <SolidColor color="#bfd1d8"/>
  </FillStyle>
</fills>
                                             <strokes/>
  <edges>
    <Edge fillStyle0="0" fillStyle1="0" strokeStyle="0" edges="!0 0! 0 0"/>
    <Edge fillStyle0="1" fillStyle1="0" strokeStyle="0" edges="!0 0! 5171 5448[ 5140 5439 5115 5341| 5576 5448| 5503 5481[ 5435 5508 5418 5503[ 5405 5500 5395 5457[ 5384 5413 5358 5404[ 5332 5394 5257 5422[ 5183 5451 5171 5448"/>
  </edges>
</DOMShape>
                                   </elements>
            </DOMFrame>
          </frames>
        </DOMLayer>
        <DOMLayer name="Layer 83">
          <frames>
            <DOMFrame index="0" motionTweenScale="false" keyMode="8192">
              <elements>
<DOMShape isFloating="true">
                                             <fills>
  <FillStyle index="1">
    <SolidColor color="#e5edf1"/>
  </FillStyle>
</fills>
                                             <strokes/>
  <edges>
    <Edge fillStyle0="0" fillStyle1="0" strokeStyle="0" edges="!0 0! 0 0"/>
    <Edge fillStyle0="1" fillStyle1="0" strokeStyle="0" edges="!0 0! 5197 5526[ 5164 5535 5119 5459[ 5097 5421 5082 5380| 5110 5346| 5664 5459| 5552 5531[ 5447 5592 5410 5586[ 5375 5580 5372 5528| 5369 5486[ 5368 5462 5361 5451| 5351 5424| 5329 5426[ 5312 5428 5269 5472[ 5225 5518 5197 5526"/>
  </edges>
</DOMShape>
                                   </elements>
            </DOMFrame>
          </frames>
        </DOMLayer>
        <DOMLayer name="Layer 84">
          <frames>
            <DOMFrame index="0" motionTweenScale="false" keyMode="8192">
              <elements>
<DOMShape isFloating="true">
                                             <fills>
  <FillStyle index="1">
    <SolidColor color="#ebad0c"/>
  </FillStyle>
</fills>
                                             <strokes/>
  <edges>
    <Edge fillStyle0="0" fillStyle1="0" strokeStyle="0" edges="!0 0! 0 0"/>
    <Edge fillStyle0="0" fillStyle1="1" strokeStyle="0" edges="!0 0! 5804 5936[ 5730 5950 5696 5934[ 5677 5926 5681 5864[ 5684 5797 5669 5784[ 5638 5755 5636 5832| 5619 5971[ 5553 6037 5562 6040| 5633 6047| 5672 6002| 5793 5963| 5804 5936"/>
  </edges>
</DOMShape>
                                   </elements>
            </DOMFrame>
          </frames>
        </DOMLayer>
        <DOMLayer name="Layer 85">
          <frames>
            <DOMFrame index="0" motionTweenScale="false" keyMode="8192">
              <elements>
<DOMShape isFloating="true">
                                             <fills>
  <FillStyle index="1">
    <SolidColor color="#ffbf00"/>
  </FillStyle>
</fills>
                                             <strokes/>
  <edges>
    <Edge fillStyle0="0" fillStyle1="0" strokeStyle="0" edges="!0 0! 0 0"/>
    <Edge fillStyle0="1" fillStyle1="0" strokeStyle="0" edges="!0 0! 5868 5755[ 5856 5837 5836 5907| 5778 5972| 5689 6001| 5630 6048| 5564 6045| 5619 5992| 5642 5781| 5721 5603| 5694 5539| 5763 5548| 5820 5622[ 5875 5705 5868 5755"/>
  </edges>
</DOMShape>
                                   </elements>
            </DOMFrame>
          </frames>
        </DOMLayer>
        <DOMLayer name="Layer 86">
          <frames>
            <DOMFrame index="0" motionTweenScale="false" keyMode="8192">
              <elements>
<DOMShape isFloating="true">
                                             <fills>
  <FillStyle index="1">
    <SolidColor color="#ffffff"/>
  </FillStyle>
</fills>
                                             <strokes/>
  <edges>
    <Edge fillStyle0="0" fillStyle1="0" strokeStyle="0" edges="!0 0! 0 0"/>
    <Edge fillStyle0="0" fillStyle1="1" strokeStyle="0" edges="!0 0! 5705 5505[ 5718 5489 5699 5472[ 5666 5442 5106 5354[ 5086 5375 5058 5418[ 5004 5505 4967 5616[ 4933 5723 4939 5794| 4945 5838| 4946 5873[ 4942 5891 5037 5935[ 5124 5976 5250 6019[ 5376 6062 5464 6082[ 5562 6105 5561 6084[ 5560 6047 5566 6040| 5601 6005[ 5620 5981 5622 5936[ 5622 5871 5637 5820[ 5650 5772 5694 5670[ 5726 5600 5717 5587[ 5701 5562 5692 5527[ 5689 5522 5705 5505"/>
  </edges>
</DOMShape>
                                   </elements>
            </DOMFrame>
          </frames>
        </DOMLayer>
        <DOMLayer name="Layer 87">
          <frames>
            <DOMFrame index="0" motionTweenScale="false" keyMode="8192">
              <elements>
<DOMShape isFloating="true">
                                             <fills>
  <FillStyle index="1">
    <SolidColor color="#000000"/>
  </FillStyle>
</fills>
                                             <strokes/>
  <edges>
    <Edge fillStyle0="0" fillStyle1="0" strokeStyle="0" edges="!0 0! 0 0"/>
    <Edge fillStyle0="1" fillStyle1="0" strokeStyle="0" edges="!0 0! 7773 5999| 6756 5171| 4314 5479| 4141 5449| 6805 5055| 7981 6023| 7773 5999"/>
  </edges>
</DOMShape>
                                   </elements>
            </DOMFrame>
          </frames>
        </DOMLayer>
        <DOMLayer name="Layer 88">
          <frames>
            <DOMFrame index="0" motionTweenScale="false" keyMode="8192">
              <elements>
<DOMShape isFloating="true">
                                             <fills>
  <FillStyle index="1">
    <SolidColor color="#a5680e"/>
  </FillStyle>
</fills>
                                             <strokes/>
  <edges>
    <Edge fillStyle0="0" fillStyle1="0" strokeStyle="0" edges="!0 0! 0 0"/>
    <Edge fillStyle0="1" fillStyle1="0" strokeStyle="0" edges="!0 0! 7981 6023| 5510 6263| 4141 5449| 6803 5104| 7981 6023"/>
  </edges>
</DOMShape>
                                   </elements>
            </DOMFrame>
          </frames>
        </DOMLayer>
        <DOMLayer name="Layer 89">
          <frames>
            <DOMFrame index="0" motionTweenScale="false" keyMode="8192">
              <elements>
<DOMShape isFloating="true">
                                             <fills>
  <FillStyle index="1">
    <SolidColor color="#ffa800"/>
  </FillStyle>
</fills>
                                             <strokes/>
  <edges>
    <Edge fillStyle0="0" fillStyle1="0" strokeStyle="0" edges="!0 0! 0 0"/>
    <Edge fillStyle0="1" fillStyle1="0" strokeStyle="0" edges="!0 0! 4936 2734[ 5497 2521 5891 2686[ 6206 2817 6400 3183[ 6538 3445 6601 3797[ 6632 3973 6637 4097| 6580 4083[ 6565 3960 6520 3788[ 6430 3443 6285 3188[ 6080 2832 5790 2707[ 5428 2550 4954 2767[ 4653 2692 4477 2922[ 4335 3106 4280 3475[ 4241 3739 4250 4069[ 4253 4235 4266 4347| 4187 4391[ 4175 4278 4172 4114[ 4165 3782 4207 3512[ 4269 3135 4420 2937[ 4612 2689 4936 2734"/>
  </edges>
</DOMShape>
                                   </elements>
            </DOMFrame>
          </frames>
        </DOMLayer>
        <DOMLayer name="Layer 90">
          <frames>
            <DOMFrame index="0" motionTweenScale="false" keyMode="8192">
              <elements>
<DOMShape isFloating="true">
                                             <fills>
  <FillStyle index="1">
    <SolidColor color="#f69c6b"/>
  </FillStyle>
</fills>
                                             <strokes/>
  <edges>
    <Edge fillStyle0="0" fillStyle1="0" strokeStyle="0" edges="!0 0! 0 0"/>
    <Edge fillStyle0="1" fillStyle1="0" strokeStyle="0" edges="!0 0! 5338 4570| 5364 4647| 5304 4628| 5338 4570"/>
  </edges>
</DOMShape>
                                   </elements>
            </DOMFrame>
          </frames>
        </DOMLayer>
        <DOMLayer name="Layer 91">
          <frames>
            <DOMFrame index="0" motionTweenScale="false" keyMode="8192">
              <elements>
<DOMShape isFloating="true">
                                             <fills>
  <FillStyle index="1">
    <SolidColor color="#000000"/>
  </FillStyle>
</fills>
                                             <strokes/>
  <edges>
    <Edge fillStyle0="0" fillStyle1="0" strokeStyle="0" edges="!0 0! 0 0"/>
    <Edge fillStyle0="1" fillStyle1="0" strokeStyle="0" edges="!0 0! 5730 4754[ 5732 4777 5650 4796| 5598 4798[ 5574 4794 5575 4782[ 5576 4775 5585 4777[ 5611 4782 5651 4778[ 5695 4773 5719 4754| 5727 4747| 5730 4754"/>
  </edges>
</DOMShape>
                                   </elements>
            </DOMFrame>
          </frames>
        </DOMLayer>
        <DOMLayer name="Layer 92">
          <frames>
            <DOMFrame index="0" motionTweenScale="false" keyMode="8192">
              <elements>
<DOMShape isFloating="true">
                                             <fills>
  <FillStyle index="1">
    <SolidColor color="#000000"/>
  </FillStyle>
</fills>
                                             <strokes/>
  <edges>
    <Edge fillStyle0="0" fillStyle1="0" strokeStyle="0" edges="!0 0! 0 0"/>
    <Edge fillStyle0="0" fillStyle1="1" strokeStyle="0" edges="!0 0! 6111 3929[ 6029 3885 5924 3902[ 5755 3928 5707 3993[ 5697 4015 5734 4002[ 5852 3941 5927 3927[ 6020 3909 6106 3942| 6172 3978| 6158 3962[ 6137 3943 6111 3929"/>
  </edges>
</DOMShape>
                                   </elements>
            </DOMFrame>
          </frames>
        </DOMLayer>
        <DOMLayer name="Layer 93">
          <frames>
            <DOMFrame index="0" motionTweenScale="false" keyMode="8192">
              <elements>
<DOMShape isFloating="true">
                                             <fills>
  <FillStyle index="1">
    <SolidColor color="#000000"/>
  </FillStyle>
</fills>
                                             <strokes/>
  <edges>
    <Edge fillStyle0="0" fillStyle1="0" strokeStyle="0" edges="!0 0! 0 0"/>
    <Edge fillStyle0="1" fillStyle1="0" strokeStyle="0" edges="!0 0! 4902 4096[ 4864 4122 4845 4146[ 4859 4117 4894 4086[ 4964 4024 5070 4017[ 5176 4009 5250 4032| 5302 4057| 5304 4066| 5278 4071| 5189 4053| 5073 4042[ 4978 4045 4902 4096"/>
  </edges>
</DOMShape>
                                   </elements>
            </DOMFrame>
          </frames>
        </DOMLayer>
        <DOMLayer name="Layer 94">
          <frames>
            <DOMFrame index="0" motionTweenScale="false" keyMode="8192">
              <elements>
<DOMShape isFloating="true">
                                             <fills>
  <FillStyle index="1">
    <SolidColor color="#000000"/>
  </FillStyle>
</fills>
                                             <strokes/>
  <edges>
    <Edge fillStyle0="0" fillStyle1="0" strokeStyle="0" edges="!0 0! 0 0"/>
    <Edge fillStyle0="0" fillStyle1="1" strokeStyle="0" edges="!0 0! 4325 4734| 4263 4675| 4233 5037[ 4194 5403 4145 5426[ 4223 5440 4329 5340| 4420 5235| 4548 5401| 4599 5308| 4780 5408| 4732 5221| 4666 5217| 4716 5327| 4581 5255| 4535 5320| 4423 5163| 4361 5236[ 4296 5309 4236 5356[ 4280 5281 4325 4734"/>
  </edges>
</DOMShape>
                                   </elements>
            </DOMFrame>
          </frames>
        </DOMLayer>
        <DOMLayer name="Layer 95">
          <frames>
            <DOMFrame index="0" motionTweenScale="false" keyMode="8192">
              <elements>
<DOMShape isFloating="true">
                                             <fills>
  <FillStyle index="1">
    <SolidColor color="#000000"/>
  </FillStyle>
</fills>
                                             <strokes/>
  <edges>
    <Edge fillStyle0="0" fillStyle1="0" strokeStyle="0" edges="!0 0! 0 0"/>
    <Edge fillStyle0="1" fillStyle1="0" strokeStyle="0" edges="!0 0! 6557 4843[ 6691 4980 6804 5036[ 6745 4972 6578 4449| 6625 4378| 6735 4724[ 6856 5072 6909 5083[ 6838 5115 6702 5020[ 6635 4972 6582 4917| 6533 5163| 6438 5049| 6272 5140| 6290 5016| 6355 4997| 6319 5073| 6436 4988| 6506 5068| 6557 4843"/>
  </edges>
</DOMShape>
                                   </elements>
            </DOMFrame>
          </frames>
        </DOMLayer>
        <DOMLayer name="Layer 96">
          <frames>
            <DOMFrame index="0" motionTweenScale="false" keyMode="8192">
              <elements>
<DOMShape isFloating="true">
                                             <fills>
  <FillStyle index="1">
    <SolidColor color="#000000"/>
  </FillStyle>
</fills>
                                             <strokes/>
  <edges>
    <Edge fillStyle0="0" fillStyle1="0" strokeStyle="0" edges="!0 0! 0 0"/>
    <Edge fillStyle0="1" fillStyle1="0" strokeStyle="0" edges="!0 0! 4833 2654[ 4715 2676 4604 2733[ 4250 2916 4105 3383[ 4065 3505 4123 3960[ 4151 4188 4187 4391| 4158 4464[ 4114 4282 4079 4052[ 4009 3591 4053 3347[ 4106 3051 4360 2823[ 4618 2593 4920 2582| 5054 2552[ 5210 2518 5359 2512[ 5846 2486 6228 2730[ 6613 2975 6676 3607[ 6707 3923 6661 4190| 6617 4130[ 6659 3890 6623 3600[ 6552 3022 6164 2780[ 5777 2539 5315 2567[ 5084 2581 4930 2644| 4833 2654"/>
  </edges>
</DOMShape>
                                   </elements>
            </DOMFrame>
          </frames>
        </DOMLayer>
        <DOMLayer name="Layer 97">
          <frames>
            <DOMFrame index="0" motionTweenScale="false" keyMode="8192">
              <elements>
<DOMShape isFloating="true">
                                             <fills>
  <FillStyle index="1">
    <SolidColor color="#000000"/>
  </FillStyle>
</fills>
                                             <strokes/>
  <edges>
    <Edge fillStyle0="0" fillStyle1="0" strokeStyle="0" edges="!0 0! 0 0"/>
    <Edge fillStyle0="1" fillStyle1="0" strokeStyle="0" edges="!0 0! 4629 3937[ 4856 3569 4881 3497[ 4903 3592 5161 3894[ 5143 3871 5140 3782[ 5131 3601 5203 3261[ 5220 3261 5228 3422[ 5239 3603 5278 3658| 5301 3624| 5347 3542[ 5429 3409 5541 3332[ 5432 3444 5358 3615[ 5321 3700 5306 3763[ 5216 3682 5204 3635[ 5184 3778 5234 4085| 5090 3936[ 4935 3758 4871 3613[ 4852 3740 4602 4049| 4559 3819| 4481 4041[ 4404 4276 4400 4340[ 4396 4444 4398 4175| 4579 3657| 4629 3937"/>
  </edges>
</DOMShape>
                                   </elements>
            </DOMFrame>
          </frames>
        </DOMLayer>
        <DOMLayer name="Layer 98">
          <frames>
            <DOMFrame index="0" motionTweenScale="false" keyMode="8192">
              <elements>
<DOMShape isFloating="true">
                                             <fills>
  <FillStyle index="1">
    <SolidColor color="#000000"/>
  </FillStyle>
</fills>
                                             <strokes/>
  <edges>
    <Edge fillStyle0="0" fillStyle1="0" strokeStyle="0" edges="!0 0! 0 0"/>
    <Edge fillStyle0="0" fillStyle1="1" strokeStyle="0" edges="!0 0! 5684 3707[ 5949 3991 6076 4012[ 6086 4006 6023 3781[ 5961 3560 5979 3561[ 6007 3563 6212 3899[ 6422 4243 6471 4379[ 6537 4444 6377 4047| 6157 3721[ 5927 3397 5880 3395[ 5838 3394 5915 3645[ 5997 3907 5990 3914[ 5919 3888 5445 3428[ 5551 3565 5684 3707"/>
  </edges>
</DOMShape>
                                   </elements>
            </DOMFrame>
          </frames>
        </DOMLayer>
        <DOMLayer name="Layer 99">
          <frames>
            <DOMFrame index="0" motionTweenScale="false" keyMode="8192">
              <elements>
<DOMShape isFloating="true">
                                             <fills>
  <FillStyle index="1">
    <SolidColor color="#000000"/>
  </FillStyle>
</fills>
                                             <strokes/>
  <edges>
    <Edge fillStyle0="0" fillStyle1="0" strokeStyle="0" edges="!0 0! 0 0"/>
    <Edge fillStyle0="0" fillStyle1="1" strokeStyle="0" edges="!0 0! 6382 4062[ 6377 4079 6425 4087[ 6507 4099 6541 4113[ 6613 4143 6627 4213[ 6643 4285 6600 4362[ 6581 4397 6525 4463[ 6498 4497 6513 4505[ 6565 4492 6612 4447[ 6705 4360 6673 4207[ 6642 4053 6509 4043[ 6442 4037 6382 4062"/>
  </edges>
</DOMShape>
                                   </elements>
            </DOMFrame>
          </frames>
        </DOMLayer>
        <DOMLayer name="Layer 100">
          <frames>
            <DOMFrame index="0" motionTweenScale="false" keyMode="8192">
              <elements>
<DOMShape isFloating="true">
                                             <fills>
  <FillStyle index="1">
    <SolidColor color="#000000"/>
  </FillStyle>
</fills>
                                             <strokes/>
  <edges>
    <Edge fillStyle0="0" fillStyle1="0" strokeStyle="0" edges="!0 0! 0 0"/>
    <Edge fillStyle0="1" fillStyle1="0" strokeStyle="0" edges="!0 0! 4399 4299| 4365 4322[ 4286 4352 4257 4374[ 4192 4419 4195 4490[ 4197 4564 4256 4629[ 4283 4659 4352 4711[ 4373 4728 4375 4740| 4373 4749| 4339 4745[ 4297 4736 4264 4715[ 4153 4651 4150 4495[ 4147 4338 4273 4298| 4360 4286| 4400 4288| 4399 4299"/>
  </edges>
</DOMShape>
                                   </elements>
            </DOMFrame>
          </frames>
        </DOMLayer>
        <DOMLayer name="Layer 101">
          <frames>
            <DOMFrame index="0" motionTweenScale="false" keyMode="8192">
              <elements>
<DOMShape isFloating="true">
                                             <fills>
  <FillStyle index="1">
    <SolidColor color="#000000"/>
  </FillStyle>
</fills>
                                             <strokes/>
  <edges>
    <Edge fillStyle0="0" fillStyle1="0" strokeStyle="0" edges="!0 0! 0 0"/>
    <Edge fillStyle0="0" fillStyle1="1" strokeStyle="0" edges="!0 0! 6356 4015| 6385 4092[ 6420 4188 6445 4281[ 6528 4579 6495 4736[ 6460 4914 6126 5073[ 5823 5218 5499 5255[ 5172 5292 4842 5232[ 4479 5166 4427 5024[ 4380 4896 4399 4473| 4426 4076| 4399 4180[ 4367 4309 4348 4433[ 4283 4830 4358 5025[ 4440 5234 4827 5300[ 5118 5350 5493 5313[ 5834 5279 6172 5127[ 6564 4950 6589 4748[ 6610 4563 6486 4271[ 6447 4180 6398 4088| 6356 4015"/>
  </edges>
</DOMShape>
                                   </elements>
            </DOMFrame>
          </frames>
        </DOMLayer>
        <DOMLayer name="Layer 102">
          <frames>
            <DOMFrame index="0" motionTweenScale="false" keyMode="8192">
              <elements>
<DOMShape isFloating="true">
                                             <fills>
  <FillStyle index="1">
    <SolidColor color="#f4a057"/>
  </FillStyle>
</fills>
                                             <strokes/>
  <edges>
    <Edge fillStyle0="0" fillStyle1="0" strokeStyle="0" edges="!0 0! 0 0"/>
    <Edge fillStyle0="1" fillStyle1="0" strokeStyle="0" edges="!0 0! 6445 4128[ 6503 4140 6547 4200[ 6590 4260 6556 4340[ 6538 4381 6512 4409| 6397 4130| 6445 4128"/>
  </edges>
</DOMShape>
                                   </elements>
            </DOMFrame>
          </frames>
        </DOMLayer>
        <DOMLayer name="Layer 103">
          <frames>
            <DOMFrame index="0" motionTweenScale="false" keyMode="8192">
              <elements>
<DOMShape isFloating="true">
                                             <fills>
  <FillStyle index="1">
    <SolidColor color="#f4a057"/>
  </FillStyle>
</fills>
                                             <strokes/>
  <edges>
    <Edge fillStyle0="0" fillStyle1="0" strokeStyle="0" edges="!0 0! 0 0"/>
    <Edge fillStyle0="1" fillStyle1="0" strokeStyle="0" edges="!0 0! 5982 3502| 6544 4430| 6555 4486[ 6564 4555 6559 4624[ 6547 4840 6403 4952[ 6258 5067 5837 5189[ 5690 5232 5388 5303[ 4926 5338 4625 5197[ 4475 5127 4418 5049[ 4512 5100 4679 5146[ 5014 5237 5378 5212[ 5761 5185 6064 4978[ 6178 4899 6263 4807[ 6335 4729 6362 4668[ 6401 4581 6195 4032| 5982 3502"/>
  </edges>
</DOMShape>
                                   </elements>
            </DOMFrame>
          </frames>
        </DOMLayer>
        <DOMLayer name="Layer 104">
          <frames>
            <DOMFrame index="0" motionTweenScale="false" keyMode="8192">
              <elements>
<DOMShape isFloating="true">
                                             <fills>
  <FillStyle index="1">
    <SolidColor color="#f4a057"/>
  </FillStyle>
</fills>
                                             <strokes/>
  <edges>
    <Edge fillStyle0="0" fillStyle1="0" strokeStyle="0" edges="!0 0! 0 0"/>
    <Edge fillStyle0="1" fillStyle1="0" strokeStyle="0" edges="!0 0! 5445 3428| 6023 3971| 5912 3493| 5997 3551| 6057 3762[ 6112 3982 6092 4025[ 6021 4081 5725 3760[ 5578 3599 5445 3428"/>
  </edges>
</DOMShape>
                                   </elements>
            </DOMFrame>
          </frames>
        </DOMLayer>
        <DOMLayer name="Layer 105">
          <frames>
            <DOMFrame index="0" motionTweenScale="false" keyMode="8192">
              <elements>
<DOMShape isFloating="true">
                                             <fills>
  <FillStyle index="1">
    <SolidColor color="#f4a057"/>
  </FillStyle>
</fills>
                                             <strokes/>
  <edges>
    <Edge fillStyle0="0" fillStyle1="0" strokeStyle="0" edges="!0 0! 0 0"/>
    <Edge fillStyle0="0" fillStyle1="1" strokeStyle="0" edges="!0 0! 4545 3889| 4589 4093| 4867 3734| 5278 4152| 5229 3723| 5319 3813| 5458 3424| 5299 3711| 5192 3618| 5184 3995| 4869 3575| 4607 3986| 4564 3799| 4500 3927| 4545 3889"/>
  </edges>
</DOMShape>
                                   </elements>
            </DOMFrame>
          </frames>
        </DOMLayer>
        <DOMLayer name="Layer 106">
          <frames>
            <DOMFrame index="0" motionTweenScale="false" keyMode="8192">
              <elements>
<DOMShape isFloating="true">
                                             <fills>
  <FillStyle index="1">
    <SolidColor color="#f4a057"/>
  </FillStyle>
</fills>
                                             <strokes/>
  <edges>
    <Edge fillStyle0="0" fillStyle1="0" strokeStyle="0" edges="!0 0! 0 0"/>
    <Edge fillStyle0="1" fillStyle1="0" strokeStyle="0" edges="!0 0! 4350 4605| 4291 4579[ 4235 4540 4252 4470[ 4267 4400 4324 4397| 4378 4409| 4350 4605"/>
  </edges>
</DOMShape>
                                   </elements>
            </DOMFrame>
          </frames>
        </DOMLayer>
        <DOMLayer name="Layer 107">
          <frames>
            <DOMFrame index="0" motionTweenScale="false" keyMode="8192">
              <elements>
<DOMShape isFloating="true">
                                             <fills>
  <FillStyle index="1">
    <SolidColor color="#f5be8b"/>
  </FillStyle>
</fills>
                                             <strokes/>
  <edges>
    <Edge fillStyle0="0" fillStyle1="0" strokeStyle="0" edges="!0 0! 0 0"/>
    <Edge fillStyle0="1" fillStyle1="0" strokeStyle="0" edges="!0 0! 4621 3992| 4860 3567| 5156 3999| 5183 3553| 5270 3693| 5446 3431[ 6021 4056 6045 3985[ 6057 3950 5972 3726[ 5891 3511 5912 3493[ 5937 3470 6155 3775| 6367 4085| 6493 4078[ 6626 4097 6658 4230[ 6677 4310 6535 4477| 6522 4844| 6452 4902[ 6360 4972 6248 5035[ 5891 5237 5476 5288[ 5062 5337 4696 5205[ 4514 5138 4413 5062| 4359 4739| 4329 4731[ 4294 4718 4264 4698[ 4169 4632 4163 4510[ 4158 4388 4269 4337[ 4305 4321 4347 4315| 4383 4311| 4554 3771| 4621 3992"/>
  </edges>
</DOMShape>
                                   </elements>
            </DOMFrame>
          </frames>
        </DOMLayer>
        <DOMLayer name="Layer 108">
          <frames>
            <DOMFrame index="0" motionTweenScale="false" keyMode="8192">
              <elements>
<DOMShape isFloating="true">
                                             <fills>
  <FillStyle index="1">
    <SolidColor color="#ffa800"/>
  </FillStyle>
</fills>
                                             <strokes/>
  <edges>
    <Edge fillStyle0="0" fillStyle1="0" strokeStyle="0" edges="!0 0! 0 0"/>
    <Edge fillStyle0="0" fillStyle1="1" strokeStyle="0" edges="!0 0! 4590 3567| 4319 4182| 4173 4376| 4386 4343| 4546 3837| 4607 3985| 4871 3613| 5179 4030| 5197 3568| 5299 3710| 5454 3445| 6002 3946| 5945 3491| 6368 4084| 6444 4054[ 6299 3843 6146 3634[ 5839 3218 5796 3234[ 5818 3255 5855 3528| 5888 3795| 5564 3441[ 5534 3409 5606 3189| 5314 3470| 5194 3121| 5068 3645| 4881 3364| 4651 3754| 4590 3567"/>
  </edges>
</DOMShape>
                                   </elements>
            </DOMFrame>
          </frames>
        </DOMLayer>
        <DOMLayer name="Layer 109">
          <frames>
            <DOMFrame index="0" motionTweenScale="false" keyMode="8192">
              <elements>
<DOMShape isFloating="true">
                                             <fills>
  <FillStyle index="1">
    <SolidColor color="#ffa800"/>
  </FillStyle>
</fills>
                                             <strokes/>
  <edges>
    <Edge fillStyle0="0" fillStyle1="0" strokeStyle="0" edges="!0 0! 0 0"/>
    <Edge fillStyle0="1" fillStyle1="0" strokeStyle="0" edges="!0 0! 6563 4470| 6737 4956| 6570 4850| 6499 5045| 6462 4948| 6319 5073| 6346 4978| 6563 4470"/>
  </edges>
</DOMShape>
                                   </elements>
            </DOMFrame>
          </frames>
        </DOMLayer>
        <DOMLayer name="Layer 110">
          <frames>
            <DOMFrame index="0" motionTweenScale="false" keyMode="8192">
              <elements>
<DOMShape isFloating="true">
                                             <fills>
  <FillStyle index="1">
    <SolidColor color="#ffa800"/>
  </FillStyle>
</fills>
                                             <strokes/>
  <edges>
    <Edge fillStyle0="0" fillStyle1="0" strokeStyle="0" edges="!0 0! 0 0"/>
    <Edge fillStyle0="1" fillStyle1="0" strokeStyle="0" edges="!0 0! 4325 4734| 4668 5227| 4716 5327| 4586 5242| 4514 5267| 4400 5134| 4259 5292| 4325 4734"/>
  </edges>
</DOMShape>
                                   </elements>
            </DOMFrame>
          </frames>
        </DOMLayer>
        <DOMLayer name="Layer 111">
          <frames>
            <DOMFrame index="0" motionTweenScale="false" keyMode="8192">
              <elements>
                                        <DOMShape isFloating="true">
                                             <fills>
  <FillStyle index="1">
    <SolidColor color="#ffbf00"/>
  </FillStyle>
</fills>
                                             <strokes/>
  <edges>
    <Edge fillStyle0="1" edges="!0 0! 4920 2582[ 5541 2496 5951 2638[ 6280 2751 6459 3002[ 6587 3183 6628 3415[ 6648 3532 6642 3611| 6665 3869[ 6680 4147 6634 4246[ 6589 4346 6701 4705[ 6757 4884 6822 5043| 6568 4898| 6503 5126| 6438 5049| 6291 5120| 6290 5016| 4727 5258| 4760 5376| 4599 5308| 4547 5360| 4408 5204| 4221 5367| 4263 4675| 4164 4397[ 4134 4299 4106 4151[ 4053 3852 4072 3589[ 4101 3221 4274 2978[ 4490 2674 4920 2582"/>
  </edges>
</DOMShape>
                                   </elements>
            </DOMFrame>
          </frames>
        </DOMLayer>
      </layers>
    </DOMTimeline>
  </timeline>
</DOMSymbolItem>
