<DOMSymbolItem xmlns="http://ns.adobe.com/xfl/2008/" xmlns:xsi="http://www.w3.org/2001/XMLSchema-instance" name="Symbol 78" lastModified="1635072455" symbolType="graphic">
  <timeline>
    <DOMTimeline name="Symbol 78" currentFrame="0">
      <layers>
        <DOMLayer name="Layer 1">
          <frames>
            <DOMFrame index="0" motionTweenScale="false" keyMode="8192">
              <elements>
                                        <DOMShape isFloating="true">
                                             <fills>
  <FillStyle index="1">
    <SolidColor color="#ffffff"/>
  </FillStyle>
  <FillStyle index="2">
    <SolidColor color="#000000"/>
  </FillStyle>
</fills>
                                             <strokes/>
  <edges>
    <Edge fillStyle0="1" edges="!0 0! 6448 -1421[ 7386 -1422 8052 -755[ 8718 -89 8718 849[ 8718 1787 8052 2454[ 7386 3119 6448 3120[ 5509 3119 4843 2454[ 4177 1787 4177 849[ 4177 -89 4843 -755[ 5509 -1422 6448 -1421"/>
    <Edge fillStyle0="2" fillStyle1="1" edges="!6448 -1421! 6442 -1767[ 7520 -1768 8286 -1002[ 9052 -236 9052 843[ 9052 1922 8286 2688[ 7520 3453 6442 3453[ 5363 3453 4597 2688[ 3831 1922 3831 843[ 3831 -236 4597 -1002[ 5363 -1768 6442 -1767"/>
    <Edge fillStyle0="0" fillStyle1="2" edges="!6442 -1767! 6431 -7687[ 9951 -7688 12451 -5188[ 14950 -2688 14951 832[ 14950 4352 12451 6852[ 9951 9351 6431 9351[ 2911 9351 412 6852[ -2088 4352 -2088 832[ -2088 -2688 412 -5188[ 2911 -7688 6431 -7687"/>
  </edges>
</DOMShape>
                                   </elements>
            </DOMFrame>
          </frames>
        </DOMLayer>
      </layers>
    </DOMTimeline>
  </timeline>
</DOMSymbolItem>
