<DOMSymbolItem xmlns="http://ns.adobe.com/xfl/2008/" xmlns:xsi="http://www.w3.org/2001/XMLSchema-instance" name="Symbol 90" lastModified="1635072455" symbolType="graphic">
  <timeline>
    <DOMTimeline name="Symbol 90" currentFrame="0">
      <layers>
        <DOMLayer name="Layer 1">
          <frames>
            <DOMFrame index="0" motionTweenScale="false" keyMode="8192">
              <elements>
                                        <DOMShape isFloating="true">
                                             <fills>
  <FillStyle index="1">
    <SolidColor color="#ffffff"/>
  </FillStyle>
  <FillStyle index="2">
    <SolidColor color="#000000"/>
  </FillStyle>
</fills>
                                             <strokes/>
  <edges>
    <Edge fillStyle1="2" edges="!0 0! 6431 -7687[ 9951 -7688 12451 -5188[ 14950 -2688 14951 832[ 14950 4352 12451 6852[ 9951 9351 6431 9351[ 2911 9351 412 6852[ -2088 4352 -2088 832[ -2088 -2688 412 -5188[ 2911 -7688 6431 -7687"/>
    <Edge fillStyle0="2" fillStyle1="1" edges="!6431 -7687! 6433 -6554[ 9486 -6555 11654 -4387[ 13821 -2219 13822 834[ 13821 3887 11654 6055[ 9486 8222 6433 8222[ 3380 8222 1213 6055[ -955 3887 -955 834[ -955 -2219 1213 -4387[ 3380 -6555 6433 -6554"/>
    <Edge fillStyle0="1" fillStyle1="0" edges="!6433 -6554! 6450 -5574[ 9104 -5575 10990 -3689[ 12876 -1803 12876 852[ 12876 3507 10990 5392[ 9104 7278 6450 7279[ 3794 7278 1909 5392[ 23 3507 23 852[ 23 -1803 1909 -3689[ 3794 -5575 6450 -5574"/>
  </edges>
</DOMShape>
                                   </elements>
            </DOMFrame>
          </frames>
        </DOMLayer>
      </layers>
    </DOMTimeline>
  </timeline>
</DOMSymbolItem>
