<DOMSymbolItem xmlns="http://ns.adobe.com/xfl/2008/" xmlns:xsi="http://www.w3.org/2001/XMLSchema-instance" name="Symbol 239" lastModified="1635072455" symbolType="graphic">
  <timeline>
    <DOMTimeline name="Symbol 239" currentFrame="0">
      <layers>
        <DOMLayer name="Layer 1">
          <frames>
            <DOMFrame index="0" motionTweenScale="false" keyMode="8192">
              <elements>
<DOMShape isFloating="true">
                                             <fills>
  <FillStyle index="1">
    <SolidColor color="#3fbf00"/>
  </FillStyle>
</fills>
                                             <strokes/>
  <edges>
    <Edge fillStyle0="0" fillStyle1="0" strokeStyle="0" edges="!447 1304! 0 0"/>
    <Edge fillStyle0="0" fillStyle1="1" strokeStyle="0" edges="!0 0! 1584 1399| 1758 1934| 1303 1603| 848 1934| 1022 1399| 567 1068| 1129 1068| 1303 534| 1477 1068| 2039 1068| 1584 1399"/>
  </edges>
</DOMShape>
                                   </elements>
            </DOMFrame>
          </frames>
        </DOMLayer>
        <DOMLayer name="Layer 2">
          <frames>
            <DOMFrame index="0" motionTweenScale="false" keyMode="8192">
              <elements>
                                        <DOMShape isFloating="true">
                                             <fills>
  <FillStyle index="1">
    <SolidColor color="#00cc66"/>
  </FillStyle>
  <FillStyle index="2">
    <SolidColor color="#ffffff"/>
  </FillStyle>
</fills>
                                             <strokes/>
  <edges>
    <Edge fillStyle0="1" fillStyle1="2" edges="!0 0! 447 1304[ 446 948 699 696[ 952 444 1311 444[ 1669 444 1921 696[ 2174 948 2175 1304[ 2174 1660 1921 1912[ 1669 2163 1311 2164[ 952 2163 699 1912[ 446 1660 447 1304"/>
    <Edge fillStyle0="0" fillStyle1="1" edges="!447 1304! 383 382[ 767 0 1310 0[ 1853 0 2236 382[ 2620 764 2620 1304[ 2620 1844 2236 2225[ 1853 2607 1310 2607[ 767 2607 383 2225[ 0 1844 0 1304[ 0 764 383 382"/>
  </edges>
</DOMShape>
                                   </elements>
            </DOMFrame>
          </frames>
        </DOMLayer>
      </layers>
    </DOMTimeline>
  </timeline>
</DOMSymbolItem>
