<DOMSymbolItem xmlns="http://ns.adobe.com/xfl/2008/" xmlns:xsi="http://www.w3.org/2001/XMLSchema-instance" name="Symbol 71" lastModified="1635072455" symbolType="graphic">
  <timeline>
    <DOMTimeline name="Symbol 71" currentFrame="0">
      <layers>
        <DOMLayer name="Layer 1">
          <frames>
            <DOMFrame index="0" motionTweenScale="false" keyMode="8192">
              <elements>
                                        <DOMShape isFloating="true">
                                             <fills>
  <FillStyle index="1">
    <SolidColor color="#990000"/>
  </FillStyle>
</fills>
                                             <strokes/>
  <edges>
    <Edge fillStyle1="1" edges="!0 0! 6450 -6557[ 9511 -6558 11686 -4383[ 13860 -2209 13860 853[ 13860 3914 11686 6088[ 9511 8262 6450 8263[ 3388 8262 1214 6088[ -960 3914 -960 853[ -960 -2209 1214 -4383[ 3388 -6558 6450 -6557"/>
  </edges>
</DOMShape>
                                   </elements>
            </DOMFrame>
          </frames>
        </DOMLayer>
      </layers>
    </DOMTimeline>
  </timeline>
</DOMSymbolItem>
