<DOMSymbolItem xmlns="http://ns.adobe.com/xfl/2008/" xmlns:xsi="http://www.w3.org/2001/XMLSchema-instance" name="Symbol 45" lastModified="1635072455" symbolType="graphic">
  <timeline>
    <DOMTimeline name="Symbol 45" currentFrame="0">
      <layers>
        <DOMLayer name="Layer 1">
          <frames>
            <DOMFrame index="0" motionTweenScale="false" keyMode="8192">
              <elements>
<DOMShape isFloating="true">
                                             <fills>
  <FillStyle index="1">
    <SolidColor color="#ffa800"/>
  </FillStyle>
</fills>
                                             <strokes/>
  <edges>
    <Edge fillStyle0="0" fillStyle1="0" strokeStyle="0" edges="!0 0! 0 0"/>
    <Edge fillStyle0="1" fillStyle1="0" strokeStyle="0" edges="!0 0! 1695 177[ 1113 28 740 237[ 442 404 291 789[ 184 1065 161 1422[ 149 1600 159 1724| 213 1704[ 215 1581 240 1404[ 290 1051 406 781[ 569 403 843 246[ 1185 50 1681 212[ 1972 104 2173 312[ 2334 479 2430 840[ 2499 1097 2528 1426[ 2543 1591 2544 1704| 2627 1739[ 2626 1626 2611 1461[ 2580 1131 2507 868[ 2404 500 2230 320[ 2012 95 1695 177"/>
  </edges>
</DOMShape>
                                   </elements>
            </DOMFrame>
          </frames>
        </DOMLayer>
        <DOMLayer name="Layer 2">
          <frames>
            <DOMFrame index="0" motionTweenScale="false" keyMode="8192">
              <elements>
<DOMShape isFloating="true">
                                             <fills>
  <FillStyle index="1">
    <SolidColor color="#f69c6b"/>
  </FillStyle>
</fills>
                                             <strokes/>
  <edges>
    <Edge fillStyle0="0" fillStyle1="0" strokeStyle="0" edges="!0 0! 0 0"/>
    <Edge fillStyle0="1" fillStyle1="0" strokeStyle="0" edges="!0 0! 1504 2047| 1486 2127| 1543 2101| 1504 2047"/>
  </edges>
</DOMShape>
                                   </elements>
            </DOMFrame>
          </frames>
        </DOMLayer>
        <DOMLayer name="Layer 3">
          <frames>
            <DOMFrame index="0" motionTweenScale="false" keyMode="8192">
              <elements>
<DOMShape isFloating="true">
                                             <fills>
  <FillStyle index="1">
    <SolidColor color="#000000"/>
  </FillStyle>
</fills>
                                             <strokes/>
  <edges>
    <Edge fillStyle0="0" fillStyle1="0" strokeStyle="0" edges="!0 0! 0 0"/>
    <Edge fillStyle0="0" fillStyle1="1" strokeStyle="0" edges="!0 0! 1334 2312| 1390 2322| 1588 2316[ 1812 2290 1833 2227[ 1839 2210 1787 2201| 1825 2202[ 1862 2206 1866 2226[ 1870 2253 1791 2290[ 1704 2331 1597 2337| 1408 2328| 1334 2312"/>
  </edges>
</DOMShape>
                                   </elements>
            </DOMFrame>
          </frames>
        </DOMLayer>
        <DOMLayer name="Layer 4">
          <frames>
            <DOMFrame index="0" motionTweenScale="false" keyMode="8192">
              <elements>
<DOMShape isFloating="true">
                                             <fills>
  <FillStyle index="1">
    <SolidColor color="#000000"/>
  </FillStyle>
</fills>
                                             <strokes/>
  <edges>
    <Edge fillStyle0="0" fillStyle1="0" strokeStyle="0" edges="!0 0! 0 0"/>
    <Edge fillStyle0="1" fillStyle1="0" strokeStyle="0" edges="!0 0! 1159 2243[ 1151 2265 1225 2304| 1276 2320[ 1300 2321 1301 2310[ 1303 2304 1293 2302| 1229 2286[ 1188 2270 1171 2247| 1164 2238[ 1162 2236 1159 2243"/>
  </edges>
</DOMShape>
                                   </elements>
            </DOMFrame>
          </frames>
        </DOMLayer>
        <DOMLayer name="Layer 5">
          <frames>
            <DOMFrame index="0" motionTweenScale="false" keyMode="8192">
              <elements>
<DOMShape isFloating="true">
                                             <fills>
  <FillStyle index="1">
    <SolidColor color="#000000"/>
  </FillStyle>
</fills>
                                             <strokes/>
  <edges>
    <Edge fillStyle0="0" fillStyle1="0" strokeStyle="0" edges="!0 0! 0 0"/>
    <Edge fillStyle0="0" fillStyle1="1" strokeStyle="0" edges="!0 0! 975 1790[ 975 1849 939 1849[ 925 1849 914 1832[ 904 1814 904 1790[ 904 1730 939 1730[ 975 1730 975 1790"/>
  </edges>
</DOMShape>
                                   </elements>
            </DOMFrame>
          </frames>
        </DOMLayer>
        <DOMLayer name="Layer 6">
          <frames>
            <DOMFrame index="0" motionTweenScale="false" keyMode="8192">
              <elements>
<DOMShape isFloating="true">
                                             <fills>
  <FillStyle index="1">
    <SolidColor color="#000000"/>
  </FillStyle>
</fills>
                                             <strokes/>
  <edges>
    <Edge fillStyle0="0" fillStyle1="0" strokeStyle="0" edges="!0 0! 0 0"/>
    <Edge fillStyle0="0" fillStyle1="1" strokeStyle="0" edges="!0 0! 662 1498[ 739 1445 845 1449[ 1016 1456 1072 1516[ 1083 1536 1046 1527[ 921 1480 845 1475[ 750 1468 669 1510| 607 1553| 620 1536| 662 1498"/>
  </edges>
</DOMShape>
                                   </elements>
            </DOMFrame>
          </frames>
        </DOMLayer>
        <DOMLayer name="Layer 7">
          <frames>
            <DOMFrame index="0" motionTweenScale="false" keyMode="8192">
              <elements>
<DOMShape isFloating="true">
                                             <fills>
  <FillStyle index="1">
    <SolidColor color="#000000"/>
  </FillStyle>
</fills>
                                             <strokes/>
  <edges>
    <Edge fillStyle0="0" fillStyle1="0" strokeStyle="0" edges="!0 0! 0 0"/>
    <Edge fillStyle0="1" fillStyle1="0" strokeStyle="0" edges="!0 0! 1875 1716[ 1840 1716 1840 1776[ 1840 1836 1875 1836[ 1911 1836 1911 1776[ 1911 1716 1875 1716"/>
  </edges>
</DOMShape>
                                   </elements>
            </DOMFrame>
          </frames>
        </DOMLayer>
        <DOMLayer name="Layer 8">
          <frames>
            <DOMFrame index="0" motionTweenScale="false" keyMode="8192">
              <elements>
<DOMShape isFloating="true">
                                             <fills>
  <FillStyle index="1">
    <SolidColor color="#000000"/>
  </FillStyle>
</fills>
                                             <strokes/>
  <edges>
    <Edge fillStyle0="0" fillStyle1="0" strokeStyle="0" edges="!0 0! 0 0"/>
    <Edge fillStyle0="1" fillStyle1="0" strokeStyle="0" edges="!0 0! 1744 1502| 1742 1511| 1769 1513| 1855 1486[ 1923 1464 1969 1461[ 2064 1454 2145 1496[ 2186 1517 2208 1539[ 2191 1512 2152 1484[ 2076 1431 1969 1436[ 1862 1440 1792 1471| 1744 1502"/>
  </edges>
</DOMShape>
                                   </elements>
            </DOMFrame>
          </frames>
        </DOMLayer>
        <DOMLayer name="Layer 9">
          <frames>
            <DOMFrame index="0" motionTweenScale="false" keyMode="8192">
              <elements>
<DOMShape isFloating="true">
                                             <fills>
  <FillStyle index="1">
    <SolidColor color="#000000"/>
  </FillStyle>
</fills>
                                             <strokes/>
  <edges>
    <Edge fillStyle0="0" fillStyle1="0" strokeStyle="0" edges="!0 0! 0 0"/>
    <Edge fillStyle0="0" fillStyle1="1" strokeStyle="0" edges="!0 0! 2529 2095| 2584 2030| 2654 2386[ 2735 2745 2786 2762[ 2711 2786 2594 2697| 2491 2604| 2382 2784| 2322 2697| 2153 2816| 2179 2626| 2245 2615| 2208 2730| 2333 2642| 2387 2702| 2480 2533| 2549 2598[ 2623 2664 2687 2704[ 2636 2634 2529 2095"/>
  </edges>
</DOMShape>
                                   </elements>
            </DOMFrame>
          </frames>
        </DOMLayer>
        <DOMLayer name="Layer 10">
          <frames>
            <DOMFrame index="0" motionTweenScale="false" keyMode="8192">
              <elements>
<DOMShape isFloating="true">
                                             <fills>
  <FillStyle index="1">
    <SolidColor color="#000000"/>
  </FillStyle>
</fills>
                                             <strokes/>
  <edges>
    <Edge fillStyle0="0" fillStyle1="0" strokeStyle="0" edges="!0 0! 0 0"/>
    <Edge fillStyle0="1" fillStyle1="0" strokeStyle="0" edges="!0 0! 323 2456[ 206 2609 99 2676[ 150 2606 257 2068| 202 2002| 132 2358[ 51 2718 0 2735[ 75 2758 198 2648[ 260 2593 306 2533| 383 2773| 465 2648| 640 2719| 607 2598| 541 2587| 585 2659| 459 2587| 399 2675| 323 2456"/>
  </edges>
</DOMShape>
                                   </elements>
            </DOMFrame>
          </frames>
        </DOMLayer>
        <DOMLayer name="Layer 11">
          <frames>
            <DOMFrame index="0" motionTweenScale="false" keyMode="8192">
              <elements>
<DOMShape isFloating="true">
                                             <fills>
  <FillStyle index="1">
    <SolidColor color="#000000"/>
  </FillStyle>
</fills>
                                             <strokes/>
  <edges>
    <Edge fillStyle0="0" fillStyle1="0" strokeStyle="0" edges="!0 0! 0 0"/>
    <Edge fillStyle0="1" fillStyle1="0" strokeStyle="0" edges="!0 0! 1788 85[ 1908 94 2024 138[ 2398 280 2595 728[ 2648 844 2642 1303[ 2640 1533 2627 1739| 2664 1808[ 2687 1623 2696 1390[ 2714 924 2642 686[ 2556 397 2277 200[ 1995 0 1694 24| 1557 10[ 1398 -6 1250 3[ 763 32 410 319[ 55 607 65 1242[ 70 1559 145 1819| 182 1755[ 113 1520 116 1229[ 121 646 479 362[ 837 78 1299 54[ 1531 41 1691 86| 1788 85"/>
  </edges>
</DOMShape>
                                   </elements>
            </DOMFrame>
          </frames>
        </DOMLayer>
        <DOMLayer name="Layer 12">
          <frames>
            <DOMFrame index="0" motionTweenScale="false" keyMode="8192">
              <elements>
<DOMShape isFloating="true">
                                             <fills>
  <FillStyle index="1">
    <SolidColor color="#000000"/>
  </FillStyle>
</fills>
                                             <strokes/>
  <edges>
    <Edge fillStyle0="0" fillStyle1="0" strokeStyle="0" edges="!0 0! 0 0"/>
    <Edge fillStyle0="1" fillStyle1="0" strokeStyle="0" edges="!0 0! 2137 1338[ 1869 997 1836 929[ 1824 1026 1603 1355[ 1618 1330 1612 1241[ 1599 1060 1489 730[ 1472 732 1482 894[ 1492 1075 1461 1134[ 1454 1134 1433 1103| 1378 1027[ 1282 904 1161 840[ 1282 939 1375 1100[ 1422 1180 1444 1241[ 1523 1150 1530 1103[ 1567 1242 1551 1553| 1677 1389[ 1813 1195 1858 1043[ 1893 1167 2176 1445| 2193 1213| 2295 1424[ 2398 1648 2409 1713[ 2426 1814 2392 1548| 2154 1054| 2137 1338"/>
  </edges>
</DOMShape>
                                   </elements>
            </DOMFrame>
          </frames>
        </DOMLayer>
        <DOMLayer name="Layer 13">
          <frames>
            <DOMFrame index="0" motionTweenScale="false" keyMode="8192">
              <elements>
<DOMShape isFloating="true">
                                             <fills>
  <FillStyle index="1">
    <SolidColor color="#000000"/>
  </FillStyle>
</fills>
                                             <strokes/>
  <edges>
    <Edge fillStyle0="0" fillStyle1="0" strokeStyle="0" edges="!0 0! 0 0"/>
    <Edge fillStyle0="0" fillStyle1="1" strokeStyle="0" edges="!0 0! 1062 1228[ 830 1540 706 1576[ 696 1571 733 1340[ 770 1113 752 1116[ 724 1121 558 1479[ 389 1844 356 1986[ 297 2057 411 1644[ 498 1471 594 1296[ 785 948 831 940[ 873 934 825 1192[ 773 1461 780 1468[ 848 1434 1268 923[ 1177 1072 1062 1228"/>
  </edges>
</DOMShape>
                                   </elements>
            </DOMFrame>
          </frames>
        </DOMLayer>
        <DOMLayer name="Layer 14">
          <frames>
            <DOMFrame index="0" motionTweenScale="false" keyMode="8192">
              <elements>
<DOMShape isFloating="true">
                                             <fills>
  <FillStyle index="1">
    <SolidColor color="#000000"/>
  </FillStyle>
</fills>
                                             <strokes/>
  <edges>
    <Edge fillStyle0="0" fillStyle1="0" strokeStyle="0" edges="!0 0! 0 0"/>
    <Edge fillStyle0="0" fillStyle1="1" strokeStyle="0" edges="!0 0! 408 1661[ 415 1677 368 1690[ 288 1711 256 1729[ 187 1767 181 1838[ 174 1911 225 1983[ 249 2017 312 2075[ 342 2106 329 2116[ 275 2109 223 2070[ 121 1993 135 1838[ 150 1681 280 1656| 408 1661"/>
  </edges>
</DOMShape>
                                   </elements>
            </DOMFrame>
          </frames>
        </DOMLayer>
        <DOMLayer name="Layer 15">
          <frames>
            <DOMFrame index="0" motionTweenScale="false" keyMode="8192">
              <elements>
<DOMShape isFloating="true">
                                             <fills>
  <FillStyle index="1">
    <SolidColor color="#000000"/>
  </FillStyle>
</fills>
                                             <strokes/>
  <edges>
    <Edge fillStyle0="0" fillStyle1="0" strokeStyle="0" edges="!0 0! 0 0"/>
    <Edge fillStyle0="1" fillStyle1="0" strokeStyle="0" edges="!0 0! 2406 1671[ 2414 1682 2443 1690[ 2524 1711 2556 1729[ 2625 1767 2630 1838[ 2637 1911 2586 1983[ 2562 2017 2500 2075[ 2480 2095 2480 2107[ 2480 2113 2483 2116| 2517 2108[ 2556 2094 2588 2070[ 2690 1993 2676 1838[ 2661 1681 2531 1656| 2443 1654| 2403 1661| 2406 1671"/>
  </edges>
</DOMShape>
                                   </elements>
            </DOMFrame>
          </frames>
        </DOMLayer>
        <DOMLayer name="Layer 16">
          <frames>
            <DOMFrame index="0" motionTweenScale="false" keyMode="8192">
              <elements>
<DOMShape isFloating="true">
                                             <fills>
  <FillStyle index="1">
    <SolidColor color="#000000"/>
  </FillStyle>
</fills>
                                             <strokes/>
  <edges>
    <Edge fillStyle0="0" fillStyle1="0" strokeStyle="0" edges="!0 0! 0 0"/>
    <Edge fillStyle0="0" fillStyle1="1" strokeStyle="0" edges="!0 0! 428 1610| 408 1690[ 385 1789 370 1885[ 322 2190 372 2343[ 428 2515 778 2636[ 1095 2746 1421 2746[ 1751 2745 2071 2648[ 2425 2541 2460 2394[ 2492 2263 2426 1844| 2353 1451| 2393 1552[ 2439 1677 2473 1798[ 2582 2185 2529 2388[ 2471 2604 2094 2714[ 1810 2796 1433 2803[ 1091 2807 738 2695[ 328 2563 281 2365[ 238 2184 329 1879[ 357 1783 395 1687| 428 1610"/>
  </edges>
</DOMShape>
                                   </elements>
            </DOMFrame>
          </frames>
        </DOMLayer>
        <DOMLayer name="Layer 17">
          <frames>
            <DOMFrame index="0" motionTweenScale="false" keyMode="8192">
              <elements>
<DOMShape isFloating="true">
                                             <fills>
  <FillStyle index="1">
    <SolidColor color="#f4a057"/>
  </FillStyle>
</fills>
                                             <strokes/>
  <edges>
    <Edge fillStyle0="0" fillStyle1="0" strokeStyle="0" edges="!0 0! 0 0"/>
    <Edge fillStyle0="1" fillStyle1="0" strokeStyle="0" edges="!0 0! 352 1733[ 296 1751 260 1816[ 224 1880 268 1956[ 290 1995 318 2019| 402 1728| 352 1733"/>
  </edges>
</DOMShape>
                                   </elements>
            </DOMFrame>
          </frames>
        </DOMLayer>
        <DOMLayer name="Layer 18">
          <frames>
            <DOMFrame index="0" motionTweenScale="false" keyMode="8192">
              <elements>
<DOMShape isFloating="true">
                                             <fills>
  <FillStyle index="1">
    <SolidColor color="#f4a057"/>
  </FillStyle>
</fills>
                                             <strokes/>
  <edges>
    <Edge fillStyle0="0" fillStyle1="0" strokeStyle="0" edges="!0 0! 0 0"/>
    <Edge fillStyle0="1" fillStyle1="0" strokeStyle="0" edges="!0 0! 743 1058| 289 2044| 285 2101[ 283 2171 295 2238[ 333 2451 488 2548[ 646 2645 1078 2718| 1537 2781[ 2000 2762 2283 2589[ 2424 2502 2473 2418[ 2384 2480 2223 2544[ 1901 2673 1537 2689[ 1153 2705 828 2534[ 706 2469 611 2387[ 531 2318 497 2261[ 448 2177 590 1609| 743 1058"/>
  </edges>
</DOMShape>
                                   </elements>
            </DOMFrame>
          </frames>
        </DOMLayer>
        <DOMLayer name="Layer 19">
          <frames>
            <DOMFrame index="0" motionTweenScale="false" keyMode="8192">
              <elements>
<DOMShape isFloating="true">
                                             <fills>
  <FillStyle index="1">
    <SolidColor color="#f4a057"/>
  </FillStyle>
</fills>
                                             <strokes/>
  <edges>
    <Edge fillStyle0="0" fillStyle1="0" strokeStyle="0" edges="!0 0! 0 0"/>
    <Edge fillStyle0="1" fillStyle1="0" strokeStyle="0" edges="!0 0! 1268 923| 755 1528| 811 1040| 734 1108| 698 1325[ 667 1549 692 1591[ 770 1638 1027 1285[ 1156 1109 1268 923"/>
  </edges>
</DOMShape>
                                   </elements>
            </DOMFrame>
          </frames>
        </DOMLayer>
        <DOMLayer name="Layer 20">
          <frames>
            <DOMFrame index="0" motionTweenScale="false" keyMode="8192">
              <elements>
<DOMShape isFloating="true">
                                             <fills>
  <FillStyle index="1">
    <SolidColor color="#f4a057"/>
  </FillStyle>
</fills>
                                             <strokes/>
  <edges>
    <Edge fillStyle0="0" fillStyle1="0" strokeStyle="0" edges="!0 0! 0 0"/>
    <Edge fillStyle0="0" fillStyle1="1" strokeStyle="0" edges="!0 0! 2214 1279| 2194 1487| 1877 1162| 1516 1624| 1516 1192| 1436 1291| 1254 922| 1445 1187| 1541 1084| 1591 1458| 1857 1004| 2164 1383| 2186 1192| 2264 1312| 2214 1279"/>
  </edges>
</DOMShape>
                                   </elements>
            </DOMFrame>
          </frames>
        </DOMLayer>
        <DOMLayer name="Layer 21">
          <frames>
            <DOMFrame index="0" motionTweenScale="false" keyMode="8192">
              <elements>
<DOMShape isFloating="true">
                                             <fills>
  <FillStyle index="1">
    <SolidColor color="#f4a057"/>
  </FillStyle>
</fills>
                                             <strokes/>
  <edges>
    <Edge fillStyle0="0" fillStyle1="0" strokeStyle="0" edges="!0 0! 0 0"/>
    <Edge fillStyle0="1" fillStyle1="0" strokeStyle="0" edges="!0 0! 2489 1969| 2544 1937[ 2596 1891 2572 1824[ 2549 1756 2492 1760| 2439 1778| 2489 1969"/>
  </edges>
</DOMShape>
                                   </elements>
            </DOMFrame>
          </frames>
        </DOMLayer>
        <DOMLayer name="Layer 22">
          <frames>
            <DOMFrame index="0" motionTweenScale="false" keyMode="8192">
              <elements>
<DOMShape isFloating="true">
                                             <fills>
  <FillStyle index="1">
    <SolidColor color="#f5be8b"/>
  </FillStyle>
</fills>
                                             <strokes/>
  <edges>
    <Edge fillStyle0="0" fillStyle1="0" strokeStyle="0" edges="!0 0! 0 0"/>
    <Edge fillStyle0="1" fillStyle1="0" strokeStyle="0" edges="!0 0! 811 1040[ 783 1021 601 1349[ 511 1513 426 1681| 300 1688[ 170 1722 153 1858[ 143 1939 303 2090| 357 2453| 434 2502[ 534 2562 652 2612[ 1030 2772 1447 2775[ 1864 2778 2213 2604[ 2387 2518 2478 2430| 2496 2103| 2524 2092| 2585 2051[ 2673 1975 2664 1853[ 2656 1731 2539 1694[ 2502 1682 2459 1680| 2423 1681| 2192 1163| 2151 1390| 1865 995| 1620 1458| 1542 1018| 1471 1167| 1267 926[ 766 1613 734 1545[ 719 1511 778 1279[ 834 1057 811 1040"/>
  </edges>
</DOMShape>
                                   </elements>
            </DOMFrame>
          </frames>
        </DOMLayer>
        <DOMLayer name="Layer 23">
          <frames>
            <DOMFrame index="0" motionTweenScale="false" keyMode="8192">
              <elements>
<DOMShape isFloating="true">
                                             <fills>
  <FillStyle index="1">
    <SolidColor color="#ffa800"/>
  </FillStyle>
</fills>
                                             <strokes/>
  <edges>
    <Edge fillStyle0="0" fillStyle1="0" strokeStyle="0" edges="!0 0! 0 0"/>
    <Edge fillStyle0="0" fillStyle1="1" strokeStyle="0" edges="!0 0! 2133 965| 2472 1546| 2640 1722| 2424 1713| 2208 1229| 2164 1383| 1858 1043| 1600 1493| 1530 1035| 1445 1188| 1261 942| 772 1502| 777 1044| 425 1681| 345 1660[ 465 1433 594 1209[ 852 760 896 771[ 877 795 871 1069| 869 1339| 1151 951[ 1178 916 1081 705| 1402 951| 1482 590| 1666 1097| 1821 797| 2094 1158| 2133 965"/>
  </edges>
</DOMShape>
                                   </elements>
            </DOMFrame>
          </frames>
        </DOMLayer>
        <DOMLayer name="Layer 24">
          <frames>
            <DOMFrame index="0" motionTweenScale="false" keyMode="8192">
              <elements>
<DOMShape isFloating="true">
                                             <fills>
  <FillStyle index="1">
    <SolidColor color="#ffa800"/>
  </FillStyle>
</fills>
                                             <strokes/>
  <edges>
    <Edge fillStyle0="0" fillStyle1="0" strokeStyle="0" edges="!0 0! 0 0"/>
    <Edge fillStyle0="1" fillStyle1="0" strokeStyle="0" edges="!0 0! 275 2087| 156 2589| 310 2466| 403 2651| 429 2550| 585 2659| 548 2567| 275 2087"/>
  </edges>
</DOMShape>
                                   </elements>
            </DOMFrame>
          </frames>
        </DOMLayer>
        <DOMLayer name="Layer 25">
          <frames>
            <DOMFrame index="0" motionTweenScale="false" keyMode="8192">
              <elements>
<DOMShape isFloating="true">
                                             <fills>
  <FillStyle index="1">
    <SolidColor color="#ffa800"/>
  </FillStyle>
</fills>
                                             <strokes/>
  <edges>
    <Edge fillStyle0="0" fillStyle1="0" strokeStyle="0" edges="!0 0! 0 0"/>
    <Edge fillStyle0="1" fillStyle1="0" strokeStyle="0" edges="!0 0! 2529 2095| 2243 2624| 2208 2730| 2327 2629| 2402 2646| 2499 2501| 2657 2642| 2529 2095"/>
  </edges>
</DOMShape>
                                   </elements>
            </DOMFrame>
          </frames>
        </DOMLayer>
        <DOMLayer name="Layer 26">
          <frames>
            <DOMFrame index="0" motionTweenScale="false" keyMode="8192">
              <elements>
                                        <DOMShape isFloating="true">
                                             <fills>
  <FillStyle index="1">
    <SolidColor color="#ffbf00"/>
  </FillStyle>
</fills>
                                             <strokes/>
  <edges>
    <Edge fillStyle0="1" edges="!0 0! 1694 24[ 1066 9 675 196[ 361 346 212 616[ 105 810 91 1045[ 84 1163 98 1242| 105 1501[ 122 1778 178 1872[ 235 1965 164 2335[ 128 2520 82 2686| 318 2512| 409 2732| 465 2648| 619 2702| 607 2598| 2189 2662| 2169 2782| 2322 2697| 2379 2742| 2500 2572| 2704 2713| 2584 2030| 2650 1742[ 2670 1642 2680 1491[ 2700 1188 2650 929[ 2580 566 2381 344[ 2132 66 1694 24"/>
  </edges>
</DOMShape>
                                   </elements>
            </DOMFrame>
          </frames>
        </DOMLayer>
      </layers>
    </DOMTimeline>
  </timeline>
</DOMSymbolItem>
