<DOMSymbolItem xmlns="http://ns.adobe.com/xfl/2008/" xmlns:xsi="http://www.w3.org/2001/XMLSchema-instance" name="Symbol 65" lastModified="1635072455" symbolType="button">
  <timeline>
    <DOMTimeline name="Symbol 65" currentFrame="0">
      <layers>
        <DOMLayer name="Layer 1" color="#79c8cf">
          <frames>
            <DOMFrame index="0" keyMode="9728">
              <elements>
                                        <DOMSymbolInstance libraryItemName="Symbol 64" symbolType="graphic" loop="loop">
  <matrix>
    <Matrix tx="0.0" ty="0.0"/>
  </matrix>
  <transformationPoint>
    <Point/>
  </transformationPoint>
  <color>
    <Color/>
  </color>
  <filters/>
</DOMSymbolInstance>
                                   </elements>
            </DOMFrame>
            <DOMFrame index="1" keyMode="9728">
              <elements>
                                        <DOMSymbolInstance libraryItemName="Symbol 64" symbolType="graphic" loop="loop">
  <matrix>
    <Matrix tx="0.0" ty="0.0"/>
  </matrix>
  <transformationPoint>
    <Point/>
  </transformationPoint>
  <color>
    <Color/>
  </color>
  <filters/>
</DOMSymbolInstance>
                                   </elements>
            </DOMFrame>
            <DOMFrame index="2" keyMode="9728">
              <elements>
                                        <DOMSymbolInstance libraryItemName="Symbol 64" symbolType="graphic" loop="loop">
  <matrix>
    <Matrix tx="0.0" ty="0.0"/>
  </matrix>
  <transformationPoint>
    <Point/>
  </transformationPoint>
  <color>
    <Color/>
  </color>
  <filters/>
</DOMSymbolInstance>
                                   </elements>
            </DOMFrame>
            <DOMFrame index="3" keyMode="9728">
              <elements>
                                        <DOMSymbolInstance libraryItemName="Symbol 64" symbolType="graphic" loop="loop">
  <matrix>
    <Matrix tx="0.0" ty="0.0"/>
  </matrix>
  <transformationPoint>
    <Point/>
  </transformationPoint>
  <color>
    <Color/>
  </color>
  <filters/>
</DOMSymbolInstance>
                                   </elements>
            </DOMFrame>
          </frames>
        </DOMLayer>
        <DOMLayer name="Layer 2" color="#02f4a1">
          <frames/>
        </DOMLayer>
        <DOMLayer name="Layer 3" color="#b8bd93">
          <frames/>
        </DOMLayer>
        <DOMLayer name="Layer 4" color="#f6a62a">
          <frames/>
        </DOMLayer>
        <DOMLayer name="Layer 5" current="true" isSelected="true" color="#f3a77e">
          <frames/>
        </DOMLayer>
      </layers>
    </DOMTimeline>
  </timeline>
</DOMSymbolItem>
