<DOMSymbolItem xmlns="http://ns.adobe.com/xfl/2008/" xmlns:xsi="http://www.w3.org/2001/XMLSchema-instance" name="Symbol 93" lastModified="1635072455" symbolType="graphic">
  <timeline>
    <DOMTimeline name="Symbol 93" currentFrame="0">
      <layers>
        <DOMLayer name="Layer 1">
          <frames>
            <DOMFrame index="0" motionTweenScale="false" keyMode="8192">
              <elements>
                                        <DOMShape isFloating="true">
                                             <fills>
  <FillStyle index="1">
    <SolidColor color="#ffffff"/>
  </FillStyle>
  <FillStyle index="2">
    <SolidColor color="#000000"/>
  </FillStyle>
</fills>
                                             <strokes/>
  <edges>
    <Edge fillStyle1="2" edges="!0 0! 6431 -7687[ 9951 -7688 12451 -5188[ 14950 -2688 14951 832[ 14950 4352 12451 6852[ 9951 9351 6431 9351[ 2911 9351 412 6852[ -2088 4352 -2088 832[ -2088 -2688 412 -5188[ 2911 -7688 6431 -7687"/>
    <Edge fillStyle0="1" fillStyle1="0" edges="!6431 -7687! 6450 -6236[ 9378 -6237 11459 -4156[ 13539 -2076 13539 853[ 13539 3781 11459 5861[ 9378 7941 6450 7942[ 3521 7941 1441 5861[ -639 3781 -639 853[ -639 -2076 1441 -4156[ 3521 -6237 6450 -6236"/>
    <Edge fillStyle0="2" fillStyle1="1" edges="!6450 -6236! 6432 -7317[ 9799 -7318 12191 -4926[ 14581 -2535 14582 833[ 14581 4200 12191 6592[ 9799 8982 6432 8982[ 3064 8982 674 6592[ -1718 4200 -1718 833[ -1718 -2535 674 -4926[ 3064 -7318 6432 -7317"/>
  </edges>
</DOMShape>
                                   </elements>
            </DOMFrame>
          </frames>
        </DOMLayer>
      </layers>
    </DOMTimeline>
  </timeline>
</DOMSymbolItem>
