<DOMSymbolItem xmlns="http://ns.adobe.com/xfl/2008/" xmlns:xsi="http://www.w3.org/2001/XMLSchema-instance" name="Symbol 170" lastModified="1635072455" symbolType="graphic">
  <timeline>
    <DOMTimeline name="Symbol 170" currentFrame="0">
      <layers>
        <DOMLayer name="Layer 1">
          <frames>
            <DOMFrame index="0" motionTweenScale="false" keyMode="8192">
              <elements>
<DOMShape isFloating="true">
                                             <fills>
  <FillStyle index="1">
    <SolidColor color="#990000"/>
  </FillStyle>
  <FillStyle index="2">
    <SolidColor color="#ffffff"/>
  </FillStyle>
</fills>
                                             <strokes/>
  <edges>
    <Edge fillStyle0="0" fillStyle1="0" strokeStyle="0" edges="!4597 5604! 0 0"/>
    <Edge fillStyle0="2" fillStyle1="1" strokeStyle="0" edges="!0 0! 5168 5606| 5288 5637| 5398 5546| 5383 5447| 5258 5417| 5152 5504| 5168 5606"/>
    <Edge fillStyle0="0" fillStyle1="1" strokeStyle="0" edges="!5168 5606! 5088 5531| 5111 5493| 5110 5487| 5248 5376| 5416 5416| 5440 5563| 5430 5570| 5410 5604| 5271 5718| 5110 5680| 5088 5531"/>
  </edges>
</DOMShape>
                                   </elements>
            </DOMFrame>
          </frames>
        </DOMLayer>
        <DOMLayer name="Layer 2">
          <frames>
            <DOMFrame index="0" motionTweenScale="false" keyMode="8192">
              <elements>
<DOMShape isFloating="true">
                                             <fills>
  <FillStyle index="1">
    <SolidColor color="#ffffff"/>
  </FillStyle>
  <FillStyle index="2">
    <SolidColor color="#990000"/>
  </FillStyle>
</fills>
                                             <strokes/>
  <edges>
    <Edge fillStyle0="0" fillStyle1="0" strokeStyle="0" edges="!3998 5666! 0 0"/>
    <Edge fillStyle0="1" fillStyle1="2" strokeStyle="0" edges="!0 0! 4597 5604| 4490 5691| 4507 5793| 4626 5824| 4736 5733| 4721 5634| 4597 5604"/>
    <Edge fillStyle0="0" fillStyle1="2" strokeStyle="0" edges="!4597 5604! 4754 5603| 4778 5750| 4769 5757| 4749 5791| 4610 5905| 4449 5867| 4427 5718| 4450 5680| 4449 5674| 4587 5563| 4754 5603"/>
  </edges>
</DOMShape>
                                   </elements>
            </DOMFrame>
          </frames>
        </DOMLayer>
        <DOMLayer name="Layer 3">
          <frames>
            <DOMFrame index="0" motionTweenScale="false" keyMode="8192">
              <elements>
<DOMShape isFloating="true">
                                             <fills>
  <FillStyle index="1">
    <SolidColor color="#990000"/>
  </FillStyle>
  <FillStyle index="2">
    <SolidColor color="#ffffff"/>
  </FillStyle>
</fills>
                                             <strokes/>
  <edges>
    <Edge fillStyle0="0" fillStyle1="0" strokeStyle="0" edges="!4938 5144! 0 0"/>
    <Edge fillStyle0="0" fillStyle1="1" strokeStyle="0" edges="!0 0! 4600 5760[ 4610 5802 4599 5844[ 4589 5887 4560 5918| 4551 5933| 4513 5976[ 4487 5995 4459 6008| 4401 6031| 4351 6045| 4236 6057| 4135 6043| 4136 6048| 4130 6044| 4107 6085| 3870 5939| 3856 5978| 3854 5975| 3830 6014| 3669 5794| 3719 5689| 3713 5653| 3737 5616| 3735 5609| 3747 5603| 3759 5599| 3670 5487| 3671 5487[ 3657 5473 3654 5459[ 3648 5437 3657 5421| 3676 5393[ 3680 5364 3726 5349| 4398 5164| 4415 5263| 4408 5267| 4384 5304| 4378 5307| 4387 5315| 4397 5325| 4396 5324| 4424 5348| 4454 5380| 4480 5413[ 4492 5432 4496 5451[ 4506 5491 4491 5536[ 4477 5582 4447 5619| 4472 5634| 4472 5632| 4503 5648| 4540 5673[ 4560 5688 4576 5710[ 4593 5730 4600 5760"/>
    <Edge fillStyle0="2" fillStyle1="1" strokeStyle="0" edges="!4600 5760! 4370 5239| 4367 5212| 3736 5386[ 3710 5392 3714 5407| 3724 5423| 3855 5586[ 3859 5592 3778 5631| 3781 5645| 4000 5612| 4013 5593| 3860 5423| 3859 5422| 3858 5421[ 3852 5396 4014 5356[ 4035 5355 4039 5371| 4040 5375| 4040 5379| 4104 5797| 4248 5762| 4235 5676| 4247 5672| 4274 5670| 4285 5693| 4304 5712| 4335 5734| 4385 5768| 4414 5796| 4425 5819[ 4429 5836 4423 5851| 4404 5878| 4373 5900| 4337 5914| 4301 5917[ 4283 5916 4271 5907| 4251 5782| 4107 5818| 4129 5953[ 4168 5971 4227 5979[ 4288 5986 4367 5967| 4439 5945[ 4479 5930 4510 5906[ 4541 5883 4557 5850[ 4573 5817 4562 5770[ 4553 5733 4529 5711| 4479 5677| 4429 5650[ 4405 5637 4396 5615| 4426 5585| 4449 5544| 4461 5501[ 4464 5479 4459 5460[ 4455 5440 4441 5424| 4358 5339[ 4323 5308 4318 5289[ 4315 5275 4327 5265[ 4338 5253 4370 5239"/>
    <Edge fillStyle0="2" fillStyle1="1" strokeStyle="0" edges="!4370 5239! 4222 5363[ 4227 5386 4240 5404[ 4252 5423 4266 5438| 4294 5469| 4317 5499| 4329 5527[ 4334 5543 4329 5556| 4315 5581| 4291 5599| 4262 5610[ 4246 5614 4239 5610| 4223 5597| 4180 5325| 4219 5310[ 4216 5338 4222 5363"/>
    <Edge fillStyle0="0" fillStyle1="1" strokeStyle="0" edges="!4222 5363! 4283 5564| 4245 5513| 4257 5572[ 4270 5574 4283 5564"/>
    <Edge fillStyle0="0" fillStyle1="1" strokeStyle="0" edges="!4283 5564! 3954 5471| 4026 5541| 4012 5469| 3954 5471"/>
    <Edge fillStyle0="2" fillStyle1="1" strokeStyle="0" edges="!3954 5471! 3998 5666| 4027 5859| 3892 5788| 3930 5737| 3747 5719| 3735 5748| 3846 5898| 3868 5838| 4085 5971| 4034 5653| 3998 5666"/>
    <Edge fillStyle0="0" fillStyle1="1" strokeStyle="0" edges="!3998 5666! 4298 5866| 4386 5845| 4283 5752| 4298 5866"/>
  </edges>
</DOMShape>
                                   </elements>
            </DOMFrame>
          </frames>
        </DOMLayer>
        <DOMLayer name="Layer 4">
          <frames>
            <DOMFrame index="0" motionTweenScale="false" keyMode="8192">
              <elements>
<DOMShape isFloating="true">
                                             <fills>
  <FillStyle index="1">
    <SolidColor color="#ffffff"/>
  </FillStyle>
  <FillStyle index="2">
    <SolidColor color="#990000"/>
  </FillStyle>
</fills>
                                             <strokes/>
  <edges>
    <Edge fillStyle0="0" fillStyle1="0" strokeStyle="0" edges="!5188 5409! 0 0"/>
    <Edge fillStyle0="1" fillStyle1="2" strokeStyle="0" edges="!0 0! 4525 5292| 4595 5746[ 4598 5760 4542 5795| 4547 5817[ 4666 5788 4760 5807| 4770 5791| 4713 5752| 4711 5744[ 4768 5369 4823 5279| 4827 5290| 4832 5308[ 4845 5361 4863 5484| 4903 5802[ 5024 5308 5077 5216| 5081 5229| 5085 5244| 5101 5328| 5119 5455| 5235 5427| 5210 5262| 5183 5132| 5176 5106| 5169 5082| 5154 5073| 5057 5107[ 4995 5248 4953 5467[ 4944 5305 4919 5202| 4903 5148| 4887 5139| 4804 5169[ 4722 5360 4694 5629| 4629 5215| 4613 5206| 4277 5309[ 4257 5315 4260 5326| 4267 5337| 4370 5465| 4367 5472| 4310 5500| 4312 5510| 4482 5484| 4494 5470| 4374 5336| 4372 5335| 4372 5333[ 4367 5314 4508 5275[ 4522 5277 4524 5288| 4525 5292"/>
    <Edge fillStyle0="1" fillStyle1="2" strokeStyle="0" edges="!4525 5292! 4539 5492| 4243 5534| 4269 5490| 4148 5554| 4146 5566| 4253 5608| 4234 5560| 4542 5520| 4539 5492"/>
    <Edge fillStyle0="0" fillStyle1="2" strokeStyle="0" edges="!4539 5492! 4428 5349| 4500 5427| 4482 5338| 4428 5349"/>
    <Edge fillStyle0="0" fillStyle1="2" strokeStyle="0" edges="!4428 5349! 4889 5106| 4913 5120| 5032 5090| 5036 5083| 5156 5041| 5194 5063| 5203 5093| 5212 5125| 5241 5266| 5269 5449| 5268 5449| 5276 5517| 5283 5589| 5290 5661| 5296 5723| 5294 5723| 5292 5722| 5273 5753| 5145 5735[ 5081 5730 5015 5732| 5023 5657| 5041 5628| 5042 5622| 5067 5619| 5086 5618| 5078 5550| 5070 5483| 5071 5483| 5061 5415| 5052 5359[ 5028 5436 4998 5552| 4930 5821| 4926 5819| 4908 5850| 4857 5848| 4826 5598| 4801 5428[ 4787 5486 4772 5562| 4742 5736| 4812 5782| 4751 5871| 4637 5863[ 4576 5866 4506 5883| 4491 5816| 4510 5786| 4509 5781| 4528 5770| 4543 5759| 4517 5583| 4288 5612| 4308 5660| 4302 5659| 4283 5690| 4096 5618| 4101 5570| 4118 5541| 4118 5535| 4277 5452| 4226 5388| 4217 5376| 4212 5365[ 4208 5349 4217 5336| 4229 5314[ 4233 5291 4269 5281| 4616 5173| 4643 5189| 4803 5136| 4802 5139| 4889 5106"/>
    <Edge fillStyle0="0" fillStyle1="2" strokeStyle="0" edges="!4889 5106! 4762 5180| 4656 5217| 4692 5472| 4762 5180"/>
    <Edge fillStyle0="0" fillStyle1="2" strokeStyle="0" edges="!4762 5180! 4938 5144| 4963 5329| 5020 5124| 4938 5144"/>
    <Edge fillStyle0="1" fillStyle1="2" strokeStyle="0" edges="!4938 5144! 5121 5471| 5130 5540| 5138 5615[ 5141 5636 5104 5645| 5088 5648| 5068 5650| 5066 5670[ 5118 5667 5167 5671| 5263 5685| 5236 5442| 5121 5471"/>
  </edges>
</DOMShape>
                                   </elements>
            </DOMFrame>
          </frames>
        </DOMLayer>
        <DOMLayer name="Layer 5">
          <frames>
            <DOMFrame index="0" motionTweenScale="false" keyMode="8192">
              <elements>
<DOMShape isFloating="true">
                                             <fills>
  <FillStyle index="1">
    <SolidColor color="#990000"/>
  </FillStyle>
  <FillStyle index="2">
    <SolidColor color="#ffffff"/>
  </FillStyle>
</fills>
                                             <strokes/>
  <edges>
    <Edge fillStyle0="0" fillStyle1="0" strokeStyle="0" edges="!5665 4858! 0 0"/>
    <Edge fillStyle0="0" fillStyle1="1" strokeStyle="0" edges="!0 0! 5245 4960| 5632 4865| 5702 5089| 5672 5130| 5614 5188| 5587 5148| 5595 5198| 5594 5198| 5636 5467| 5646 5422| 5670 5376| 5751 5408| 5751 5642| 5746 5643| 5722 5682| 5341 5775| 5271 5557| 5297 5518| 5294 5513| 5298 5510| 5132 5481| 5120 5396| 5303 5259| 5222 5235| 5223 5004| 5244 4968| 5245 4960"/>
    <Edge fillStyle0="2" fillStyle1="1" strokeStyle="0" edges="!5245 4960! 5409 5204| 5552 5169| 5526 5000| 5564 4990| 5587 4996| 5645 5090| 5658 5077| 5606 4912| 5284 4989| 5284 5168| 5298 5174| 5327 5059| 5347 5042| 5385 5033| 5409 5204"/>
    <Edge fillStyle0="2" fillStyle1="1" strokeStyle="0" edges="!5409 5204! 5188 5409| 5367 5439| 5330 5384| 5410 5364| 5404 5324| 5324 5344| 5343 5279| 5186 5386| 5188 5409"/>
    <Edge fillStyle0="2" fillStyle1="1" strokeStyle="0" edges="!5188 5409! 5337 5524| 5391 5691| 5713 5612| 5713 5434[ 5706 5430 5697 5428| 5669 5542| 5651 5558| 5614 5567| 5555 5188| 5412 5223| 5471 5601| 5433 5611| 5410 5604| 5350 5512| 5337 5524"/>
  </edges>
</DOMShape>
                                   </elements>
            </DOMFrame>
          </frames>
        </DOMLayer>
        <DOMLayer name="Layer 6">
          <frames>
            <DOMFrame index="0" motionTweenScale="false" keyMode="8192">
              <elements>
<DOMShape isFloating="true">
                                             <fills>
  <FillStyle index="1">
    <SolidColor color="#000000"/>
  </FillStyle>
</fills>
                                             <strokes/>
  <edges>
    <Edge fillStyle0="0" fillStyle1="0" strokeStyle="0" edges="!0 0! 0 0"/>
    <Edge fillStyle0="1" fillStyle1="0" strokeStyle="0" edges="!0 0! 5665 4858[ 5579 4723 5574 4680[ 5560 4576 5579 4554[ 5596 4537 5614 4536[ 5634 4536 5654 4562[ 5691 4605 5674 4674[ 5646 4791 5753 4986| 5665 4858"/>
    <Edge fillStyle0="1" fillStyle1="0" strokeStyle="0" edges="!5665 4858! 5733 4881[ 5686 4743 5701 4681[ 5719 4599 5676 4544[ 5646 4508 5614 4508[ 5583 4508 5559 4536[ 5474 4747 5766 5010[ 5773 5006 5733 4881"/>
  </edges>
</DOMShape>
                                   </elements>
            </DOMFrame>
          </frames>
        </DOMLayer>
        <DOMLayer name="Layer 7">
          <frames>
            <DOMFrame index="0" motionTweenScale="false" keyMode="8192">
              <elements>
<DOMShape isFloating="true">
                                             <fills>
  <FillStyle index="1">
    <SolidColor color="#f4a057"/>
  </FillStyle>
</fills>
                                             <strokes/>
  <edges>
    <Edge fillStyle0="0" fillStyle1="0" strokeStyle="0" edges="!0 0! 0 0"/>
    <Edge fillStyle0="1" fillStyle1="0" strokeStyle="0" edges="!0 0! 5712 4915| 5669 4827[ 5624 4734 5616 4701[ 5610 4673 5624 4649[ 5639 4623 5637 4597[ 5633 4544 5587 4520| 5557 4621| 5577 4730| 5692 4921| 5709 4934| 5712 4915"/>
  </edges>
</DOMShape>
                                   </elements>
            </DOMFrame>
          </frames>
        </DOMLayer>
        <DOMLayer name="Layer 8">
          <frames>
            <DOMFrame index="0" motionTweenScale="false" keyMode="8192">
              <elements>
<DOMShape isFloating="true">
                                             <fills>
  <FillStyle index="1">
    <SolidColor color="#f5c4a0"/>
  </FillStyle>
</fills>
                                             <strokes/>
  <edges>
    <Edge fillStyle0="0" fillStyle1="0" strokeStyle="0" edges="!6335 4891! 0 0"/>
    <Edge fillStyle0="0" fillStyle1="1" strokeStyle="0" edges="!0 0! 5761 5005| 5663 4867[ 5565 4715 5560 4650[ 5553 4524 5614 4523[ 5644 4522 5670 4559[ 5703 4606 5687 4678[ 5661 4790 5761 5005"/>
  </edges>
</DOMShape>
                                   </elements>
            </DOMFrame>
          </frames>
        </DOMLayer>
        <DOMLayer name="Layer 9">
          <frames>
            <DOMFrame index="0" motionTweenScale="false" keyMode="8192">
              <elements>
<DOMShape isFloating="true">
                                             <fills>
  <FillStyle index="1">
    <SolidColor color="#000000"/>
  </FillStyle>
</fills>
                                             <strokes/>
  <edges>
    <Edge fillStyle0="0" fillStyle1="0" strokeStyle="0" edges="!0 0! 0 0"/>
    <Edge fillStyle0="1" fillStyle1="0" strokeStyle="0" edges="!0 0! 6335 4891[ 6436 4766 6445 4724[ 6472 4623 6454 4599[ 6441 4580 6422 4577[ 6402 4575 6379 4598[ 6339 4637 6348 4708[ 6361 4826 6234 5007| 6335 4891"/>
    <Edge fillStyle0="1" fillStyle1="0" strokeStyle="0" edges="!6335 4891! 6265 4906[ 6327 4773 6320 4711[ 6310 4627 6359 4577[ 6394 4544 6425 4549[ 6455 4553 6477 4582[ 6537 4802 6217 5030[ 6211 5025 6265 4906"/>
  </edges>
</DOMShape>
                                   </elements>
            </DOMFrame>
          </frames>
        </DOMLayer>
        <DOMLayer name="Layer 10">
          <frames>
            <DOMFrame index="0" motionTweenScale="false" keyMode="8192">
              <elements>
<DOMShape isFloating="true">
                                             <fills>
  <FillStyle index="1">
    <SolidColor color="#f4a057"/>
  </FillStyle>
</fills>
                                             <strokes/>
  <edges>
    <Edge fillStyle0="0" fillStyle1="0" strokeStyle="0" edges="!0 0! 0 0"/>
    <Edge fillStyle0="1" fillStyle1="0" strokeStyle="0" edges="!0 0! 6282 4941| 6334 4859[ 6390 4771 6401 4739[ 6411 4712 6399 4687[ 6388 4659 6393 4634[ 6402 4582 6451 4563| 6468 4667| 6436 4773| 6301 4949| 6281 4960| 6282 4941"/>
  </edges>
</DOMShape>
                                   </elements>
            </DOMFrame>
          </frames>
        </DOMLayer>
        <DOMLayer name="Layer 11">
          <frames>
            <DOMFrame index="0" motionTweenScale="false" keyMode="8192">
              <elements>
<DOMShape isFloating="true">
                                             <fills>
  <FillStyle index="1">
    <SolidColor color="#f5c4a0"/>
  </FillStyle>
</fills>
                                             <strokes/>
  <edges>
    <Edge fillStyle0="0" fillStyle1="0" strokeStyle="0" edges="!0 0! 0 0"/>
    <Edge fillStyle0="0" fillStyle1="1" strokeStyle="0" edges="!0 0! 6223 5026| 6337 4899[ 6451 4761 6463 4697[ 6484 4572 6424 4563[ 6395 4559 6364 4593[ 6326 4637 6334 4709[ 6347 4824 6223 5026"/>
  </edges>
</DOMShape>
                                   </elements>
            </DOMFrame>
          </frames>
        </DOMLayer>
        <DOMLayer name="Layer 12">
          <frames>
            <DOMFrame index="0" motionTweenScale="false" keyMode="8192">
              <elements>
<DOMShape isFloating="true">
                                             <fills>
  <FillStyle index="1">
    <SolidColor color="#ffa800"/>
  </FillStyle>
</fills>
                                             <strokes/>
  <edges>
    <Edge fillStyle0="0" fillStyle1="0" strokeStyle="0" edges="!0 0! 0 0"/>
    <Edge fillStyle0="1" fillStyle1="0" strokeStyle="0" edges="!0 0! 6198 2299[ 5616 2150 5243 2359[ 4945 2526 4794 2911[ 4687 3187 4664 3544[ 4652 3722 4662 3846| 4716 3826[ 4718 3703 4743 3526[ 4793 3173 4909 2903[ 5072 2525 5346 2368[ 5688 2172 6184 2334[ 6475 2226 6676 2434[ 6837 2601 6933 2962[ 7002 3219 7031 3548[ 7046 3713 7047 3826| 7130 3861[ 7129 3748 7114 3583[ 7083 3253 7010 2990[ 6907 2622 6733 2442[ 6515 2217 6198 2299"/>
  </edges>
</DOMShape>
                                   </elements>
            </DOMFrame>
          </frames>
        </DOMLayer>
        <DOMLayer name="Layer 13">
          <frames>
            <DOMFrame index="0" motionTweenScale="false" keyMode="8192">
              <elements>
<DOMShape isFloating="true">
                                             <fills>
  <FillStyle index="1">
    <SolidColor color="#f69c6b"/>
  </FillStyle>
</fills>
                                             <strokes/>
  <edges>
    <Edge fillStyle0="0" fillStyle1="0" strokeStyle="0" edges="!0 0! 0 0"/>
    <Edge fillStyle0="1" fillStyle1="0" strokeStyle="0" edges="!0 0! 5942 3922| 5924 4002| 5981 3976| 5942 3922"/>
  </edges>
</DOMShape>
                                   </elements>
            </DOMFrame>
          </frames>
        </DOMLayer>
        <DOMLayer name="Layer 14">
          <frames>
            <DOMFrame index="0" motionTweenScale="false" keyMode="8192">
              <elements>
<DOMShape isFloating="true">
                                             <fills>
  <FillStyle index="1">
    <SolidColor color="#000000"/>
  </FillStyle>
</fills>
                                             <strokes/>
  <edges>
    <Edge fillStyle0="0" fillStyle1="0" strokeStyle="0" edges="!0 0! 0 0"/>
    <Edge fillStyle0="0" fillStyle1="1" strokeStyle="0" edges="!0 0! 5782 4164| 5836 4177[ 5916 4189 6035 4182[ 6260 4169 6285 4108[ 6292 4091 6240 4079| 6277 4082[ 6315 4088 6318 4108[ 6320 4136 6239 4169[ 6149 4204 6042 4204[ 5946 4204 5854 4184| 5782 4164"/>
  </edges>
</DOMShape>
                                   </elements>
            </DOMFrame>
          </frames>
        </DOMLayer>
        <DOMLayer name="Layer 15">
          <frames>
            <DOMFrame index="0" motionTweenScale="false" keyMode="8192">
              <elements>
<DOMShape isFloating="true">
                                             <fills>
  <FillStyle index="1">
    <SolidColor color="#000000"/>
  </FillStyle>
</fills>
                                             <strokes/>
  <edges>
    <Edge fillStyle0="0" fillStyle1="0" strokeStyle="0" edges="!0 0! 0 0"/>
    <Edge fillStyle0="1" fillStyle1="0" strokeStyle="0" edges="!0 0! 5573 4149[ 5573 4173 5657 4182| 5709 4178[ 5732 4171 5730 4160[ 5728 4153 5719 4156| 5653 4164[ 5609 4164 5584 4148| 5575 4142| 5573 4149"/>
  </edges>
</DOMShape>
                                   </elements>
            </DOMFrame>
          </frames>
        </DOMLayer>
        <DOMLayer name="Layer 16">
          <frames>
            <DOMFrame index="0" motionTweenScale="false" keyMode="8192">
              <elements>
<DOMShape isFloating="true">
                                             <fills>
  <FillStyle index="1">
    <SolidColor color="#000000"/>
  </FillStyle>
</fills>
                                             <strokes/>
  <edges>
    <Edge fillStyle0="0" fillStyle1="0" strokeStyle="0" edges="!0 0! 0 0"/>
    <Edge fillStyle0="0" fillStyle1="1" strokeStyle="0" edges="!0 0! 5516 3779[ 5516 3838 5480 3838[ 5466 3838 5455 3821[ 5445 3803 5445 3779[ 5445 3719 5480 3719[ 5516 3719 5516 3779"/>
  </edges>
</DOMShape>
                                   </elements>
            </DOMFrame>
          </frames>
        </DOMLayer>
        <DOMLayer name="Layer 17">
          <frames>
            <DOMFrame index="0" motionTweenScale="false" keyMode="8192">
              <elements>
<DOMShape isFloating="true">
                                             <fills>
  <FillStyle index="1">
    <SolidColor color="#000000"/>
  </FillStyle>
</fills>
                                             <strokes/>
  <edges>
    <Edge fillStyle0="0" fillStyle1="0" strokeStyle="0" edges="!0 0! 0 0"/>
    <Edge fillStyle0="0" fillStyle1="1" strokeStyle="0" edges="!0 0! 5165 3620[ 5242 3567 5348 3571[ 5519 3578 5575 3638[ 5586 3658 5549 3649[ 5424 3602 5348 3597[ 5253 3590 5172 3632| 5110 3675| 5123 3658| 5165 3620"/>
  </edges>
</DOMShape>
                                   </elements>
            </DOMFrame>
          </frames>
        </DOMLayer>
        <DOMLayer name="Layer 18">
          <frames>
            <DOMFrame index="0" motionTweenScale="false" keyMode="8192">
              <elements>
<DOMShape isFloating="true">
                                             <fills>
  <FillStyle index="1">
    <SolidColor color="#000000"/>
  </FillStyle>
</fills>
                                             <strokes/>
  <edges>
    <Edge fillStyle0="0" fillStyle1="0" strokeStyle="0" edges="!0 0! 0 0"/>
    <Edge fillStyle0="1" fillStyle1="0" strokeStyle="0" edges="!0 0! 6405 3688[ 6370 3688 6370 3748[ 6370 3808 6405 3808[ 6441 3808 6441 3748[ 6441 3688 6405 3688"/>
  </edges>
</DOMShape>
                                   </elements>
            </DOMFrame>
          </frames>
        </DOMLayer>
        <DOMLayer name="Layer 19">
          <frames>
            <DOMFrame index="0" motionTweenScale="false" keyMode="8192">
              <elements>
<DOMShape isFloating="true">
                                             <fills>
  <FillStyle index="1">
    <SolidColor color="#000000"/>
  </FillStyle>
</fills>
                                             <strokes/>
  <edges>
    <Edge fillStyle0="0" fillStyle1="0" strokeStyle="0" edges="!0 0! 0 0"/>
    <Edge fillStyle0="1" fillStyle1="0" strokeStyle="0" edges="!0 0! 6247 3624| 6245 3633| 6272 3635| 6358 3608[ 6426 3586 6472 3583[ 6567 3576 6648 3618[ 6689 3639 6711 3661[ 6694 3634 6655 3606[ 6579 3553 6472 3558[ 6365 3562 6295 3593| 6247 3624"/>
  </edges>
</DOMShape>
                                   </elements>
            </DOMFrame>
          </frames>
        </DOMLayer>
        <DOMLayer name="Layer 20">
          <frames>
            <DOMFrame index="0" motionTweenScale="false" keyMode="8192">
              <elements>
<DOMShape isFloating="true">
                                             <fills>
  <FillStyle index="1">
    <SolidColor color="#000000"/>
  </FillStyle>
</fills>
                                             <strokes/>
  <edges>
    <Edge fillStyle0="0" fillStyle1="0" strokeStyle="0" edges="!0 0! 0 0"/>
    <Edge fillStyle0="0" fillStyle1="1" strokeStyle="0" edges="!0 0! 7032 4217| 7087 4152| 7157 4508[ 7238 4867 7289 4884[ 7214 4908 7097 4819| 6994 4726| 6885 4906| 6825 4819| 6656 4938| 6682 4748| 6748 4737| 6711 4852| 6836 4764| 6890 4824| 6983 4655| 7052 4720[ 7126 4786 7190 4826[ 7139 4756 7032 4217"/>
  </edges>
</DOMShape>
                                   </elements>
            </DOMFrame>
          </frames>
        </DOMLayer>
        <DOMLayer name="Layer 21">
          <frames>
            <DOMFrame index="0" motionTweenScale="false" keyMode="8192">
              <elements>
<DOMShape isFloating="true">
                                             <fills>
  <FillStyle index="1">
    <SolidColor color="#000000"/>
  </FillStyle>
</fills>
                                             <strokes/>
  <edges>
    <Edge fillStyle0="0" fillStyle1="0" strokeStyle="0" edges="!0 0! 0 0"/>
    <Edge fillStyle0="1" fillStyle1="0" strokeStyle="0" edges="!0 0! 4826 4578[ 4709 4731 4602 4798[ 4653 4728 4760 4190| 4705 4124| 4635 4480[ 4554 4840 4503 4857[ 4578 4880 4701 4770[ 4763 4715 4809 4655| 4886 4895| 4968 4770| 5143 4841| 5110 4720| 5044 4709| 5088 4781| 4962 4709| 4902 4797| 4826 4578"/>
  </edges>
</DOMShape>
                                   </elements>
            </DOMFrame>
          </frames>
        </DOMLayer>
        <DOMLayer name="Layer 22">
          <frames>
            <DOMFrame index="0" motionTweenScale="false" keyMode="8192">
              <elements>
<DOMShape isFloating="true">
                                             <fills>
  <FillStyle index="1">
    <SolidColor color="#000000"/>
  </FillStyle>
</fills>
                                             <strokes/>
  <edges>
    <Edge fillStyle0="0" fillStyle1="0" strokeStyle="0" edges="!0 0! 0 0"/>
    <Edge fillStyle0="1" fillStyle1="0" strokeStyle="0" edges="!0 0! 6291 2207[ 6411 2216 6527 2260[ 6901 2402 7098 2850[ 7151 2966 7145 3425[ 7143 3655 7130 3861| 7167 3930[ 7190 3745 7199 3512[ 7217 3046 7145 2808[ 7059 2519 6780 2322[ 6498 2122 6197 2146| 6060 2132[ 5901 2116 5753 2125[ 5266 2154 4913 2441[ 4558 2729 4568 3364[ 4573 3681 4648 3941| 4685 3877[ 4616 3642 4619 3351[ 4624 2768 4982 2484[ 5340 2200 5802 2176[ 6034 2163 6194 2208| 6291 2207"/>
  </edges>
</DOMShape>
                                   </elements>
            </DOMFrame>
          </frames>
        </DOMLayer>
        <DOMLayer name="Layer 23">
          <frames>
            <DOMFrame index="0" motionTweenScale="false" keyMode="8192">
              <elements>
<DOMShape isFloating="true">
                                             <fills>
  <FillStyle index="1">
    <SolidColor color="#000000"/>
  </FillStyle>
</fills>
                                             <strokes/>
  <edges>
    <Edge fillStyle0="0" fillStyle1="0" strokeStyle="0" edges="!0 0! 0 0"/>
    <Edge fillStyle0="1" fillStyle1="0" strokeStyle="0" edges="!0 0! 6640 3460[ 6372 3119 6339 3051[ 6327 3148 6106 3477[ 6121 3452 6115 3363[ 6102 3182 5992 2852[ 5975 2854 5985 3016[ 5995 3197 5964 3256[ 5957 3256 5936 3225| 5881 3149[ 5785 3026 5664 2962[ 5785 3061 5878 3222[ 5925 3302 5947 3363[ 6026 3272 6033 3225[ 6070 3364 6054 3675| 6180 3511[ 6316 3317 6361 3165[ 6396 3289 6679 3567| 6696 3335| 6798 3546[ 6901 3770 6912 3835[ 6929 3936 6895 3670| 6657 3176| 6640 3460"/>
  </edges>
</DOMShape>
                                   </elements>
            </DOMFrame>
          </frames>
        </DOMLayer>
        <DOMLayer name="Layer 24">
          <frames>
            <DOMFrame index="0" motionTweenScale="false" keyMode="8192">
              <elements>
<DOMShape isFloating="true">
                                             <fills>
  <FillStyle index="1">
    <SolidColor color="#000000"/>
  </FillStyle>
</fills>
                                             <strokes/>
  <edges>
    <Edge fillStyle0="0" fillStyle1="0" strokeStyle="0" edges="!0 0! 0 0"/>
    <Edge fillStyle0="0" fillStyle1="1" strokeStyle="0" edges="!0 0! 5565 3350[ 5333 3662 5209 3698[ 5199 3693 5236 3462[ 5273 3235 5255 3238[ 5227 3243 5061 3601[ 4892 3966 4859 4108[ 4800 4179 4914 3766[ 5001 3593 5097 3418[ 5288 3070 5334 3062[ 5376 3056 5328 3314[ 5276 3583 5283 3590[ 5351 3556 5771 3045[ 5680 3194 5565 3350"/>
  </edges>
</DOMShape>
                                   </elements>
            </DOMFrame>
          </frames>
        </DOMLayer>
        <DOMLayer name="Layer 25">
          <frames>
            <DOMFrame index="0" motionTweenScale="false" keyMode="8192">
              <elements>
<DOMShape isFloating="true">
                                             <fills>
  <FillStyle index="1">
    <SolidColor color="#000000"/>
  </FillStyle>
</fills>
                                             <strokes/>
  <edges>
    <Edge fillStyle0="0" fillStyle1="0" strokeStyle="0" edges="!0 0! 0 0"/>
    <Edge fillStyle0="0" fillStyle1="1" strokeStyle="0" edges="!0 0! 4911 3783[ 4918 3799 4871 3812[ 4791 3833 4759 3851[ 4690 3889 4684 3960[ 4677 4033 4728 4105[ 4752 4139 4815 4197[ 4845 4228 4832 4238[ 4778 4231 4726 4192[ 4624 4115 4638 3960[ 4653 3803 4783 3778| 4911 3783"/>
  </edges>
</DOMShape>
                                   </elements>
            </DOMFrame>
          </frames>
        </DOMLayer>
        <DOMLayer name="Layer 26">
          <frames>
            <DOMFrame index="0" motionTweenScale="false" keyMode="8192">
              <elements>
<DOMShape isFloating="true">
                                             <fills>
  <FillStyle index="1">
    <SolidColor color="#000000"/>
  </FillStyle>
</fills>
                                             <strokes/>
  <edges>
    <Edge fillStyle0="0" fillStyle1="0" strokeStyle="0" edges="!0 0! 0 0"/>
    <Edge fillStyle0="1" fillStyle1="0" strokeStyle="0" edges="!0 0! 6909 3793[ 6917 3804 6946 3812[ 7027 3833 7059 3851[ 7128 3889 7133 3960[ 7140 4033 7089 4105[ 7065 4139 7003 4197[ 6983 4217 6983 4229[ 6983 4235 6986 4238| 7020 4230| 7091 4192[ 7193 4115 7179 3960[ 7164 3803 7034 3778| 6946 3776| 6906 3783| 6909 3793"/>
  </edges>
</DOMShape>
                                   </elements>
            </DOMFrame>
          </frames>
        </DOMLayer>
        <DOMLayer name="Layer 27">
          <frames>
            <DOMFrame index="0" motionTweenScale="false" keyMode="8192">
              <elements>
<DOMShape isFloating="true">
                                             <fills>
  <FillStyle index="1">
    <SolidColor color="#000000"/>
  </FillStyle>
</fills>
                                             <strokes/>
  <edges>
    <Edge fillStyle0="0" fillStyle1="0" strokeStyle="0" edges="!0 0! 0 0"/>
    <Edge fillStyle0="0" fillStyle1="1" strokeStyle="0" edges="!0 0! 4931 3732| 4911 3812[ 4888 3911 4873 4007[ 4825 4312 4875 4465[ 4931 4637 5281 4758[ 5598 4868 5924 4868[ 6254 4867 6574 4770[ 6928 4663 6963 4516[ 6995 4385 6929 3966| 6856 3573| 6896 3674[ 6942 3799 6976 3920[ 7085 4307 7032 4510[ 6974 4726 6597 4836[ 6313 4918 5936 4925[ 5594 4929 5241 4817[ 4831 4685 4784 4487[ 4741 4306 4832 4001[ 4860 3905 4898 3809| 4931 3732"/>
  </edges>
</DOMShape>
                                   </elements>
            </DOMFrame>
          </frames>
        </DOMLayer>
        <DOMLayer name="Layer 28">
          <frames>
            <DOMFrame index="0" motionTweenScale="false" keyMode="8192">
              <elements>
<DOMShape isFloating="true">
                                             <fills>
  <FillStyle index="1">
    <SolidColor color="#f4a057"/>
  </FillStyle>
</fills>
                                             <strokes/>
  <edges>
    <Edge fillStyle0="0" fillStyle1="0" strokeStyle="0" edges="!0 0! 0 0"/>
    <Edge fillStyle0="1" fillStyle1="0" strokeStyle="0" edges="!0 0! 4855 3855[ 4799 3873 4763 3938[ 4727 4002 4771 4078[ 4793 4117 4821 4141| 4905 3850| 4855 3855"/>
  </edges>
</DOMShape>
                                   </elements>
            </DOMFrame>
          </frames>
        </DOMLayer>
        <DOMLayer name="Layer 29">
          <frames>
            <DOMFrame index="0" motionTweenScale="false" keyMode="8192">
              <elements>
<DOMShape isFloating="true">
                                             <fills>
  <FillStyle index="1">
    <SolidColor color="#f4a057"/>
  </FillStyle>
</fills>
                                             <strokes/>
  <edges>
    <Edge fillStyle0="0" fillStyle1="0" strokeStyle="0" edges="!0 0! 0 0"/>
    <Edge fillStyle0="1" fillStyle1="0" strokeStyle="0" edges="!0 0! 5246 3180| 4792 4166| 4788 4223[ 4786 4293 4798 4360[ 4836 4573 4991 4670[ 5149 4767 5581 4840| 6040 4903[ 6503 4884 6786 4711[ 6927 4624 6976 4540[ 6887 4602 6726 4666[ 6404 4795 6040 4811[ 5656 4827 5331 4656[ 5209 4591 5114 4509[ 5034 4440 5000 4383[ 4951 4299 5093 3731| 5246 3180"/>
  </edges>
</DOMShape>
                                   </elements>
            </DOMFrame>
          </frames>
        </DOMLayer>
        <DOMLayer name="Layer 30">
          <frames>
            <DOMFrame index="0" motionTweenScale="false" keyMode="8192">
              <elements>
<DOMShape isFloating="true">
                                             <fills>
  <FillStyle index="1">
    <SolidColor color="#f4a057"/>
  </FillStyle>
</fills>
                                             <strokes/>
  <edges>
    <Edge fillStyle0="0" fillStyle1="0" strokeStyle="0" edges="!0 0! 0 0"/>
    <Edge fillStyle0="1" fillStyle1="0" strokeStyle="0" edges="!0 0! 5771 3045| 5258 3650| 5314 3162| 5237 3230| 5201 3447[ 5170 3671 5195 3713[ 5273 3760 5530 3407[ 5659 3231 5771 3045"/>
  </edges>
</DOMShape>
                                   </elements>
            </DOMFrame>
          </frames>
        </DOMLayer>
        <DOMLayer name="Layer 31">
          <frames>
            <DOMFrame index="0" motionTweenScale="false" keyMode="8192">
              <elements>
<DOMShape isFloating="true">
                                             <fills>
  <FillStyle index="1">
    <SolidColor color="#f4a057"/>
  </FillStyle>
</fills>
                                             <strokes/>
  <edges>
    <Edge fillStyle0="0" fillStyle1="0" strokeStyle="0" edges="!0 0! 0 0"/>
    <Edge fillStyle0="0" fillStyle1="1" strokeStyle="0" edges="!0 0! 6717 3401| 6697 3609| 6380 3284| 6019 3746| 6019 3314| 5939 3413| 5757 3044| 5948 3309| 6044 3206| 6094 3580| 6360 3126| 6667 3505| 6689 3314| 6767 3434| 6717 3401"/>
  </edges>
</DOMShape>
                                   </elements>
            </DOMFrame>
          </frames>
        </DOMLayer>
        <DOMLayer name="Layer 32">
          <frames>
            <DOMFrame index="0" motionTweenScale="false" keyMode="8192">
              <elements>
<DOMShape isFloating="true">
                                             <fills>
  <FillStyle index="1">
    <SolidColor color="#f4a057"/>
  </FillStyle>
</fills>
                                             <strokes/>
  <edges>
    <Edge fillStyle0="0" fillStyle1="0" strokeStyle="0" edges="!0 0! 0 0"/>
    <Edge fillStyle0="1" fillStyle1="0" strokeStyle="0" edges="!0 0! 6992 4091| 7047 4059[ 7099 4013 7075 3946[ 7052 3878 6995 3882| 6942 3900| 6992 4091"/>
  </edges>
</DOMShape>
                                   </elements>
            </DOMFrame>
          </frames>
        </DOMLayer>
        <DOMLayer name="Layer 33">
          <frames>
            <DOMFrame index="0" motionTweenScale="false" keyMode="8192">
              <elements>
<DOMShape isFloating="true">
                                             <fills>
  <FillStyle index="1">
    <SolidColor color="#f5be8b"/>
  </FillStyle>
</fills>
                                             <strokes/>
  <edges>
    <Edge fillStyle0="0" fillStyle1="0" strokeStyle="0" edges="!0 0! 0 0"/>
    <Edge fillStyle0="1" fillStyle1="0" strokeStyle="0" edges="!0 0! 5314 3162[ 5286 3143 5104 3471| 4929 3803| 4803 3810[ 4673 3844 4656 3980[ 4646 4061 4806 4212| 4860 4575| 4937 4624[ 5037 4684 5155 4734[ 5533 4894 5950 4897[ 6367 4900 6716 4726[ 6890 4640 6981 4552| 6999 4225| 7027 4214[ 7060 4197 7088 4173[ 7176 4097 7167 3975[ 7159 3853 7042 3816[ 7005 3804 6962 3802| 6926 3803| 6695 3285| 6654 3512| 6368 3117| 6123 3580| 6045 3140| 5974 3289| 5770 3048[ 5269 3735 5237 3667[ 5222 3633 5281 3401[ 5337 3179 5314 3162"/>
  </edges>
</DOMShape>
                                   </elements>
            </DOMFrame>
          </frames>
        </DOMLayer>
        <DOMLayer name="Layer 34">
          <frames>
            <DOMFrame index="0" motionTweenScale="false" keyMode="8192">
              <elements>
<DOMShape isFloating="true">
                                             <fills>
  <FillStyle index="1">
    <SolidColor color="#ffa800"/>
  </FillStyle>
</fills>
                                             <strokes/>
  <edges>
    <Edge fillStyle0="0" fillStyle1="0" strokeStyle="0" edges="!0 0! 0 0"/>
    <Edge fillStyle0="0" fillStyle1="1" strokeStyle="0" edges="!0 0! 6636 3087| 6975 3668| 7143 3844| 6927 3835| 6711 3351| 6667 3505| 6361 3165| 6103 3615| 6033 3157| 5948 3310| 5764 3064| 5275 3624| 5280 3166| 4928 3803| 4848 3782[ 4968 3555 5097 3331[ 5355 2882 5399 2893[ 5380 2917 5374 3191| 5372 3461| 5654 3073[ 5681 3038 5584 2827| 5905 3073| 5985 2712| 6169 3219| 6324 2919| 6597 3280| 6636 3087"/>
  </edges>
</DOMShape>
                                   </elements>
            </DOMFrame>
          </frames>
        </DOMLayer>
        <DOMLayer name="Layer 35">
          <frames>
            <DOMFrame index="0" motionTweenScale="false" keyMode="8192">
              <elements>
<DOMShape isFloating="true">
                                             <fills>
  <FillStyle index="1">
    <SolidColor color="#ffa800"/>
  </FillStyle>
</fills>
                                             <strokes/>
  <edges>
    <Edge fillStyle0="0" fillStyle1="0" strokeStyle="0" edges="!0 0! 0 0"/>
    <Edge fillStyle0="1" fillStyle1="0" strokeStyle="0" edges="!0 0! 4778 4209| 4659 4711| 4813 4588| 4906 4773| 4932 4672| 5088 4781| 5051 4689| 4778 4209"/>
  </edges>
</DOMShape>
                                   </elements>
            </DOMFrame>
          </frames>
        </DOMLayer>
        <DOMLayer name="Layer 36">
          <frames>
            <DOMFrame index="0" motionTweenScale="false" keyMode="8192">
              <elements>
<DOMShape isFloating="true">
                                             <fills>
  <FillStyle index="1">
    <SolidColor color="#ffa800"/>
  </FillStyle>
</fills>
                                             <strokes/>
  <edges>
    <Edge fillStyle0="0" fillStyle1="0" strokeStyle="0" edges="!0 0! 0 0"/>
    <Edge fillStyle0="1" fillStyle1="0" strokeStyle="0" edges="!0 0! 7032 4217| 6746 4746| 6711 4852| 6830 4751| 6905 4768| 7002 4623| 7160 4764| 7032 4217"/>
  </edges>
</DOMShape>
                                   </elements>
            </DOMFrame>
          </frames>
        </DOMLayer>
        <DOMLayer name="Layer 37">
          <frames>
            <DOMFrame index="0" motionTweenScale="false" keyMode="8192">
              <elements>
<DOMShape isFloating="true">
                                             <fills>
  <FillStyle index="1">
    <SolidColor color="#ffbf00"/>
  </FillStyle>
</fills>
                                             <strokes/>
  <edges>
    <Edge fillStyle0="0" fillStyle1="0" strokeStyle="0" edges="!0 0! 0 0"/>
    <Edge fillStyle0="1" fillStyle1="0" strokeStyle="0" edges="!0 0! 6197 2146[ 5569 2131 5178 2318[ 4864 2468 4715 2738[ 4608 2932 4594 3167[ 4587 3285 4601 3364| 4608 3623[ 4625 3900 4681 3994[ 4738 4087 4667 4457[ 4631 4642 4585 4808| 4821 4634| 4912 4854| 4968 4770| 5122 4824| 5110 4720| 6692 4784| 6672 4904| 6825 4819| 6882 4864| 7003 4694| 7207 4835| 7087 4152| 7153 3864[ 7173 3764 7183 3613[ 7203 3310 7153 3051[ 7083 2688 6884 2466[ 6635 2188 6197 2146"/>
  </edges>
</DOMShape>
                                   </elements>
            </DOMFrame>
          </frames>
        </DOMLayer>
        <DOMLayer name="Layer 38">
          <frames>
            <DOMFrame index="0" motionTweenScale="false" keyMode="8192">
              <elements>
<DOMShape isFloating="true">
                                             <fills>
  <FillStyle index="1">
    <SolidColor color="#ff0000"/>
  </FillStyle>
</fills>
                                             <strokes/>
  <edges>
    <Edge fillStyle0="0" fillStyle1="0" strokeStyle="0" edges="!0 0! 0 0"/>
    <Edge fillStyle0="1" fillStyle1="0" strokeStyle="0" edges="!0 0! 6119 5831| 6059 5825| 6040 5818| 6039 5827[ 6040 5837 6050 5845| 6126 5854[ 6184 5853 6191 5843[ 6201 5832 6193 5814[ 6175 5829 6119 5831"/>
  </edges>
</DOMShape>
                                   </elements>
            </DOMFrame>
          </frames>
        </DOMLayer>
        <DOMLayer name="Layer 39">
          <frames>
            <DOMFrame index="0" motionTweenScale="false" keyMode="8192">
              <elements>
<DOMShape isFloating="true">
                                             <fills>
  <FillStyle index="1">
    <SolidColor color="#ffffff"/>
  </FillStyle>
</fills>
                                             <strokes/>
  <edges>
    <Edge fillStyle0="0" fillStyle1="0" strokeStyle="0" edges="!0 0! 0 0"/>
    <Edge fillStyle0="1" fillStyle1="0" strokeStyle="0" edges="!0 0! 6117 5854[ 6194 5852 6195 5833[ 6197 5811 6183 5785[ 6162 5747 6123 5745[ 6082 5742 6057 5778[ 6036 5808 6039 5829[ 6044 5856 6117 5854"/>
  </edges>
</DOMShape>
                                   </elements>
            </DOMFrame>
          </frames>
        </DOMLayer>
        <DOMLayer name="Layer 40">
          <frames>
            <DOMFrame index="0" motionTweenScale="false" keyMode="8192">
              <elements>
<DOMShape isFloating="true">
                                             <fills>
  <FillStyle index="1">
    <SolidColor color="#000000"/>
  </FillStyle>
</fills>
                                             <strokes/>
  <edges>
    <Edge fillStyle0="0" fillStyle1="0" strokeStyle="0" edges="!0 0! 0 0"/>
    <Edge fillStyle0="1" fillStyle1="0" strokeStyle="0" edges="!0 0! 6117 5877[ 6224 5873 6227 5847[ 6229 5817 6209 5778[ 6181 5726 6125 5722[ 6067 5719 6032 5770[ 6003 5811 6007 5841[ 6013 5879 6117 5877"/>
  </edges>
</DOMShape>
                                   </elements>
            </DOMFrame>
          </frames>
        </DOMLayer>
        <DOMLayer name="Layer 41">
          <frames>
            <DOMFrame index="0" motionTweenScale="false" keyMode="8192">
              <elements>
<DOMShape isFloating="true">
                                             <fills>
  <FillStyle index="1">
    <SolidColor color="#000000"/>
  </FillStyle>
</fills>
                                             <strokes/>
  <edges>
    <Edge fillStyle0="0" fillStyle1="0" strokeStyle="0" edges="!0 0! 0 0"/>
    <Edge fillStyle0="1" fillStyle1="0" strokeStyle="0" edges="!0 0! 6105 4910| 6093 4885| 6059 4893| 6084 4955[ 6088 4979 6069 4996[ 6048 5016 6007 5018[ 5944 5020 5925 4971[ 5919 4955 5931 4931| 5944 4910| 5914 4892| 5900 4924[ 5886 4959 5891 4975[ 5898 5001 5924 5020[ 5958 5045 6011 5042[ 6063 5040 6092 5009[ 6115 4986 6115 4957[ 6116 4938 6105 4910"/>
  </edges>
</DOMShape>
                                   </elements>
            </DOMFrame>
          </frames>
        </DOMLayer>
        <DOMLayer name="Layer 42">
          <frames>
            <DOMFrame index="0" motionTweenScale="false" keyMode="8192">
              <elements>
<DOMShape isFloating="true">
                                             <fills>
  <FillStyle index="1">
    <SolidColor color="#f4a057"/>
  </FillStyle>
</fills>
                                             <strokes/>
  <edges>
    <Edge fillStyle0="0" fillStyle1="0" strokeStyle="0" edges="!0 0! 0 0"/>
    <Edge fillStyle0="1" fillStyle1="0" strokeStyle="0" edges="!0 0! 5915 4964| 5955 5026| 6020 5030| 6089 5001| 6109 4942| 6108 4912| 5921 4907| 5915 4964"/>
  </edges>
</DOMShape>
                                   </elements>
            </DOMFrame>
          </frames>
        </DOMLayer>
        <DOMLayer name="Layer 43">
          <frames>
            <DOMFrame index="0" motionTweenScale="false" keyMode="8192">
              <elements>
<DOMShape isFloating="true">
                                             <fills>
  <FillStyle index="1">
    <SolidColor color="#000000"/>
  </FillStyle>
</fills>
                                             <strokes/>
  <edges>
    <Edge fillStyle0="0" fillStyle1="0" strokeStyle="0" edges="!0 0! 0 0"/>
    <Edge fillStyle0="1" fillStyle1="0" strokeStyle="0" edges="!0 0! 6136 5155[ 6103 5202 6102 5210[ 6100 5221 6115 5319[ 6128 5412 6121 5426[ 6114 5444 6074 5453| 6000 5459[ 5879 5450 5856 5405[ 5846 5386 5871 5303| 5899 5204[ 5899 5190 5874 5158[ 5841 5116 5827 5084[ 5808 5043 5853 4986[ 5875 4958 5901 4937| 5888 4897[ 5858 4921 5831 4955[ 5776 5023 5785 5072[ 5793 5116 5825 5152[ 5853 5184 5854 5199| 5832 5307[ 5813 5396 5824 5418[ 5839 5447 5897 5475[ 5953 5502 5994 5503[ 6035 5504 6100 5482[ 6165 5460 6169 5441[ 6172 5429 6151 5330[ 6130 5232 6135 5216| 6178 5160[ 6213 5113 6216 5061[ 6220 5005 6157 4940| 6093 4884| 6085 4942| 6136 4974[ 6186 5014 6178 5063[ 6169 5107 6136 5155"/>
  </edges>
</DOMShape>
                                   </elements>
            </DOMFrame>
          </frames>
        </DOMLayer>
        <DOMLayer name="Layer 44">
          <frames>
            <DOMFrame index="0" motionTweenScale="false" keyMode="8192">
              <elements>
<DOMShape isFloating="true">
                                             <fills>
  <FillStyle index="1">
    <SolidColor color="#dbe6eb"/>
  </FillStyle>
</fills>
                                             <strokes/>
  <edges>
    <Edge fillStyle0="0" fillStyle1="0" strokeStyle="0" edges="!0 0! 0 0"/>
    <Edge fillStyle0="1" fillStyle1="0" strokeStyle="0" edges="!0 0! 5894 4934| 5845 4982[ 5795 5035 5795 5055[ 5795 5074 5841 5145| 5887 5212| 5838 5398| 5869 5432[ 5915 5467 5995 5474[ 6075 5482 6079 5473[ 6081 5469 6067 5463[ 6000 5408 5994 5342[ 5993 5327 6052 5270[ 6115 5207 6123 5189[ 6085 5196 6039 5169| 6000 5140[ 5928 5189 5897 5162[ 5862 5133 5856 5063[ 5853 5031 5877 4996| 5901 4967| 5894 4934"/>
  </edges>
</DOMShape>
                                   </elements>
            </DOMFrame>
          </frames>
        </DOMLayer>
        <DOMLayer name="Layer 45">
          <frames>
            <DOMFrame index="0" motionTweenScale="false" keyMode="8192">
              <elements>
<DOMShape isFloating="true">
                                             <fills>
  <FillStyle index="1">
    <SolidColor color="#ffffff"/>
  </FillStyle>
</fills>
                                             <strokes/>
  <edges>
    <Edge fillStyle0="0" fillStyle1="0" strokeStyle="0" edges="!0 0! 0 0"/>
    <Edge fillStyle0="1" fillStyle1="0" strokeStyle="0" edges="!0 0! 5824 5418| 5991 5485| 6154 5441| 6119 5213| 6199 5061| 6095 4914| 5912 4909| 5802 5031| 5877 5178| 5824 5418"/>
  </edges>
</DOMShape>
                                   </elements>
            </DOMFrame>
          </frames>
        </DOMLayer>
        <DOMLayer name="Layer 46">
          <frames>
            <DOMFrame index="0" motionTweenScale="false" keyMode="8192">
              <elements>
<DOMShape isFloating="true">
                                             <fills>
  <FillStyle index="1">
    <SolidColor color="#000000"/>
  </FillStyle>
</fills>
                                             <strokes/>
  <edges>
    <Edge fillStyle0="0" fillStyle1="0" strokeStyle="0" edges="!0 0! 0 0"/>
    <Edge fillStyle0="0" fillStyle1="1" strokeStyle="0" edges="!0 0! 6046 5440| 6041 5582[ 6038 5726 6047 5739[ 6059 5755 6095 5757[ 6131 5758 6152 5743[ 6182 5722 6133 5422| 6160 5412[ 6212 5713 6171 5761[ 6143 5793 6087 5789[ 6033 5785 6022 5761[ 6013 5744 6011 5586| 6011 5431| 6046 5440"/>
  </edges>
</DOMShape>
                                   </elements>
            </DOMFrame>
          </frames>
        </DOMLayer>
        <DOMLayer name="Layer 47">
          <frames>
            <DOMFrame index="0" motionTweenScale="false" keyMode="8192">
              <elements>
<DOMShape isFloating="true">
                                             <fills>
  <FillStyle index="1">
    <SolidColor color="#004695"/>
  </FillStyle>
</fills>
                                             <strokes/>
  <edges>
    <Edge fillStyle0="0" fillStyle1="0" strokeStyle="0" edges="!0 0! 0 0"/>
    <Edge fillStyle0="0" fillStyle1="1" strokeStyle="0" edges="!0 0! 6072 5478| 6065 5557[ 6060 5641 6068 5666[ 6082 5705 6130 5733| 6046 5776| 6033 5487| 6072 5478"/>
  </edges>
</DOMShape>
                                   </elements>
            </DOMFrame>
          </frames>
        </DOMLayer>
        <DOMLayer name="Layer 48">
          <frames>
            <DOMFrame index="0" motionTweenScale="false" keyMode="8192">
              <elements>
<DOMShape isFloating="true">
                                             <fills>
  <FillStyle index="1">
    <SolidColor color="#007fff"/>
  </FillStyle>
</fills>
                                             <strokes/>
  <edges>
    <Edge fillStyle0="0" fillStyle1="0" strokeStyle="0" edges="!0 0! 0 0"/>
    <Edge fillStyle0="1" fillStyle1="0" strokeStyle="0" edges="!0 0! 6022 5429| 6033 5756| 6110 5779| 6178 5725| 6160 5412| 6022 5429"/>
  </edges>
</DOMShape>
                                   </elements>
            </DOMFrame>
          </frames>
        </DOMLayer>
        <DOMLayer name="Layer 49">
          <frames>
            <DOMFrame index="0" motionTweenScale="false" keyMode="8192">
              <elements>
<DOMShape isFloating="true">
                                             <fills>
  <FillStyle index="1">
    <SolidColor color="#ff0000"/>
  </FillStyle>
</fills>
                                             <strokes/>
  <edges>
    <Edge fillStyle0="0" fillStyle1="0" strokeStyle="0" edges="!0 0! 0 0"/>
    <Edge fillStyle0="1" fillStyle1="0" strokeStyle="0" edges="!0 0! 5961 5814[ 5942 5829 5887 5831| 5826 5825| 5808 5818| 5807 5827[ 5808 5837 5818 5845| 5894 5854[ 5951 5853 5959 5843[ 5968 5832 5961 5814"/>
  </edges>
</DOMShape>
                                   </elements>
            </DOMFrame>
          </frames>
        </DOMLayer>
        <DOMLayer name="Layer 50">
          <frames>
            <DOMFrame index="0" motionTweenScale="false" keyMode="8192">
              <elements>
<DOMShape isFloating="true">
                                             <fills>
  <FillStyle index="1">
    <SolidColor color="#ffffff"/>
  </FillStyle>
</fills>
                                             <strokes/>
  <edges>
    <Edge fillStyle0="0" fillStyle1="0" strokeStyle="0" edges="!0 0! 0 0"/>
    <Edge fillStyle0="1" fillStyle1="0" strokeStyle="0" edges="!0 0! 5824 5778[ 5804 5808 5807 5829[ 5811 5856 5885 5854[ 5962 5852 5963 5833[ 5965 5811 5951 5785[ 5930 5747 5890 5745[ 5849 5742 5824 5778"/>
  </edges>
</DOMShape>
                                   </elements>
            </DOMFrame>
          </frames>
        </DOMLayer>
        <DOMLayer name="Layer 51">
          <frames>
            <DOMFrame index="0" motionTweenScale="false" keyMode="8192">
              <elements>
<DOMShape isFloating="true">
                                             <fills>
  <FillStyle index="1">
    <SolidColor color="#000000"/>
  </FillStyle>
</fills>
                                             <strokes/>
  <edges>
    <Edge fillStyle0="0" fillStyle1="0" strokeStyle="0" edges="!0 0! 0 0"/>
    <Edge fillStyle0="1" fillStyle1="0" strokeStyle="0" edges="!0 0! 5892 5722[ 5835 5719 5800 5770[ 5771 5811 5775 5841[ 5781 5879 5885 5877[ 5992 5873 5994 5847[ 5997 5817 5977 5778[ 5949 5726 5892 5722"/>
  </edges>
</DOMShape>
                                   </elements>
            </DOMFrame>
          </frames>
        </DOMLayer>
        <DOMLayer name="Layer 52">
          <frames>
            <DOMFrame index="0" motionTweenScale="false" keyMode="8192">
              <elements>
<DOMShape isFloating="true">
                                             <fills>
  <FillStyle index="1">
    <SolidColor color="#000000"/>
  </FillStyle>
</fills>
                                             <strokes/>
  <edges>
    <Edge fillStyle0="0" fillStyle1="0" strokeStyle="0" edges="!0 0! 0 0"/>
    <Edge fillStyle0="1" fillStyle1="0" strokeStyle="0" edges="!0 0! 5832 5412| 5812 5569[ 5796 5731 5821 5761[ 5849 5793 5907 5789[ 5959 5785 5971 5761[ 5985 5733 5981 5431| 5946 5440[ 5960 5719 5946 5739[ 5934 5755 5899 5757[ 5862 5758 5841 5743[ 5822 5730 5839 5575| 5860 5422| 5832 5412"/>
  </edges>
</DOMShape>
                                   </elements>
            </DOMFrame>
          </frames>
        </DOMLayer>
        <DOMLayer name="Layer 53">
          <frames>
            <DOMFrame index="0" motionTweenScale="false" keyMode="8192">
              <elements>
<DOMShape isFloating="true">
                                             <fills>
  <FillStyle index="1">
    <SolidColor color="#003caf"/>
  </FillStyle>
</fills>
                                             <strokes/>
  <edges>
    <Edge fillStyle0="0" fillStyle1="0" strokeStyle="0" edges="!0 0! 0 0"/>
    <Edge fillStyle0="0" fillStyle1="1" strokeStyle="0" edges="!0 0! 5945 5475[ 5942 5506 5909 5537[ 5888 5557 5916 5657| 5949 5754| 5815 5767| 5849 5412| 5945 5475"/>
  </edges>
</DOMShape>
                                   </elements>
            </DOMFrame>
          </frames>
        </DOMLayer>
        <DOMLayer name="Layer 54">
          <frames>
            <DOMFrame index="0" motionTweenScale="false" keyMode="8192">
              <elements>
<DOMShape isFloating="true">
                                             <fills>
  <FillStyle index="1">
    <SolidColor color="#007fff"/>
  </FillStyle>
</fills>
                                             <strokes/>
  <edges>
    <Edge fillStyle0="0" fillStyle1="0" strokeStyle="0" edges="!0 0! 0 0"/>
    <Edge fillStyle0="0" fillStyle1="1" strokeStyle="0" edges="!0 0! 5970 5429| 5959 5756| 5883 5779| 5815 5725| 5832 5412| 5970 5429"/>
  </edges>
</DOMShape>
                                   </elements>
            </DOMFrame>
          </frames>
        </DOMLayer>
        <DOMLayer name="Layer 55">
          <frames>
            <DOMFrame index="0" motionTweenScale="false" keyMode="8192">
              <elements>
<DOMShape isFloating="true">
                                             <fills>
  <FillStyle index="1">
    <SolidColor color="#676a87"/>
  </FillStyle>
</fills>
                                             <strokes/>
  <edges>
    <Edge fillStyle0="0" fillStyle1="0" strokeStyle="0" edges="!6677 5985! 0 0"/>
    <Edge fillStyle0="0" fillStyle1="1" strokeStyle="0" edges="!0 0! 6677 2043| 5104 2043| 5104 1855| 6677 1855| 6677 2043"/>
  </edges>
</DOMShape>
                                   </elements>
            </DOMFrame>
          </frames>
        </DOMLayer>
        <DOMLayer name="Layer 56">
          <frames>
            <DOMFrame index="0" motionTweenScale="false" keyMode="8192">
              <elements>
<DOMShape isFloating="true">
                                             <fills>
  <FillStyle index="1">
    <SolidColor color="#cacbd7"/>
  </FillStyle>
  <FillStyle index="2">
    <SolidColor color="#9598ae"/>
  </FillStyle>
</fills>
                                             <strokes/>
  <edges>
    <Edge fillStyle0="0" fillStyle1="0" strokeStyle="0" edges="!0 0! 0 0"/>
    <Edge fillStyle0="1" fillStyle1="0" strokeStyle="0" edges="!0 0! 6677 5985| 6677 5973| 6411 5708| 5604 5708| 5327 5985"/>
    <Edge fillStyle0="1" fillStyle1="2" strokeStyle="0" edges="!5327 5985| 6677 5985"/>
    <Edge fillStyle0="0" fillStyle1="2" strokeStyle="0" edges="!6677 5985| 6677 6202| 5315 6202| 5315 5997| 5327 5985"/>
  </edges>
</DOMShape>
                                   </elements>
            </DOMFrame>
          </frames>
        </DOMLayer>
        <DOMLayer name="Layer 57">
          <frames>
            <DOMFrame index="0" motionTweenScale="false" keyMode="8192">
              <elements>
<DOMShape isFloating="true">
                                             <fills>
  <FillStyle index="1">
    <SolidColor color="#46485b"/>
  </FillStyle>
</fills>
                                             <strokes/>
  <edges>
    <Edge fillStyle0="0" fillStyle1="0" strokeStyle="0" edges="!3258 5266! 0 0"/>
    <Edge fillStyle0="0" fillStyle1="1" strokeStyle="0" edges="!0 0! 6054 5769| 5819 5769| 5819 1855| 6054 1855| 6054 5769"/>
  </edges>
</DOMShape>
                                   </elements>
            </DOMFrame>
          </frames>
        </DOMLayer>
        <DOMLayer name="Layer 58">
          <frames>
            <DOMFrame index="0" motionTweenScale="false" keyMode="8192">
              <elements>
<DOMShape isFloating="true">
                                             <fills>
  <FillStyle index="1">
    <SolidColor color="#000000"/>
  </FillStyle>
</fills>
                                             <strokes>
  <StrokeStyle index="1">
    <SolidStroke scaleMode="normal" weight="3.0">
      <fill>
        <SolidColor color="#000000"/>
      </fill>
    </SolidStroke>
  </StrokeStyle>
</strokes>
  <edges>
    <Edge fillStyle0="0" fillStyle1="0" strokeStyle="0" edges="!2559 5731! 0 0"/>
    <Edge fillStyle0="1" fillStyle1="0" strokeStyle="0" edges="!0 0! 1911 4945| 1911 4929| 1858 4929| 1826 5112| 1796 4929| 1753 4929| 1753 4945[ 1762 4945 1764 4948| 1765 4956| 1765 5146| 1763 5155| 1754 5158| 1754 5174| 1794 5174| 1794 5158| 1783 5155| 1780 5146| 1780 5002| 1818 5174| 1826 5174| 1866 4969| 1866 5145| 1864 5154| 1850 5158| 1850 5174| 1911 5174| 1911 5158| 1898 5155| 1897 5145| 1897 4961[ 1896 4953 1898 4949| 1911 4945"/>
    <Edge fillStyle0="1" fillStyle1="0" strokeStyle="0" edges="!1911 4945! 1985 4948| 1988 4957| 1988 5148| 1985 5156| 1976 5158| 1970 5158| 1970 5174| 2036 5174| 2036 5158| 2029 5158| 2021 5156| 2019 5148| 2019 4957| 2021 4948[ 2023 4945 2028 4945| 2036 4945| 2036 4929| 1970 4929| 1970 4945| 1976 4945| 1985 4948"/>
    <Edge fillStyle0="1" fillStyle1="0" strokeStyle="0" edges="!1985 4948! 1601 4950| 1603 4961| 1603 5142| 1600 5154[ 1598 5158 1588 5158| 1588 5174| 1675 5174[ 1701 5174 1718 5157[ 1738 5135 1738 5107[ 1738 5071 1714 5052| 1699 5043| 1710 5033[ 1730 5018 1730 4987[ 1730 4963 1714 4947[ 1697 4929 1672 4929| 1588 4929| 1588 4945[ 1600 4945 1601 4950"/>
    <Edge fillStyle0="1" fillStyle1="0" strokeStyle="0" edges="!1601 4950! 1646 4945| 1672 4945[ 1682 4945 1691 4956[ 1699 4967 1699 4987[ 1699 5010 1689 5024[ 1679 5036 1668 5037| 1634 5037| 1634 4961[ 1633 4954 1637 4950[ 1640 4945 1646 4945"/>
    <Edge fillStyle0="1" fillStyle1="0" strokeStyle="0" edges="!1646 4945! 1692 5064[ 1707 5079 1707 5107[ 1707 5132 1697 5148[ 1690 5158 1675 5158| 1646 5158[ 1639 5158 1637 5154[ 1633 5150 1634 5142| 1634 5052| 1668 5052[ 1680 5052 1692 5064"/>
    <Edge fillStyle0="1" fillStyle1="0" strokeStyle="0" edges="!1692 5064! 2240 5012| 2106 5012| 2106 5038| 2240 5038| 2240 5012"/>
    <Edge fillStyle0="1" fillStyle1="0" strokeStyle="0" edges="!2240 5012! 2106 5118| 2240 5118| 2240 5092| 2106 5092| 2106 5118"/>
    <Edge fillStyle0="1" fillStyle1="0" strokeStyle="0" edges="!2106 5118! 2915 4662[ 2853 4698 2715 4718[ 2711 4718 2712 4721| 2716 4723| 2829 4719| 2829 4745| 2701 4745[ 2696 4745 2697 4749[ 2696 4754 2701 4754| 2829 4754| 2829 4782| 2792 4782| 2739 4760| 2735 4760[ 2733 4761 2734 4764| 2734 4894| 2738 4910| 2760 4912| 2783 4908[ 2787 4905 2787 4894| 2787 4891| 2829 4891| 2829 4924| 2718 4924| 2714 4928| 2718 4934| 2829 4934| 2829 4971| 2701 4971[ 2696 4970 2697 4975[ 2696 4979 2701 4980| 3010 4980| 3012 4979| 3014 4975| 3010 4970| 2973 4937| 2966 4935| 2935 4971| 2883 4971| 2883 4934| 2989 4934| 2991 4933| 2992 4929| 2966 4904| 2975 4900| 2977 4891| 2977 4809| 2982 4801[ 2998 4792 2985 4783| 2953 4762| 2948 4760| 2943 4762| 2923 4782| 2883 4782| 2883 4754| 3004 4754| 3006 4754| 3007 4750| 2969 4715| 2963 4712| 2936 4745| 2883 4745| 2883 4715| 2959 4709| 2974 4709[ 2976 4705 2970 4700| 2923 4662| 2919 4660| 2915 4662"/>
    <Edge fillStyle0="1" fillStyle1="0" strokeStyle="0" edges="!2915 4662! 2829 4792| 2829 4831| 2787 4831| 2787 4792| 2829 4792"/>
    <Edge fillStyle0="1" fillStyle1="0" strokeStyle="0" edges="!2829 4792! 2673 4816| 2657 4799| 2660 4793| 2660 4722[ 2660 4715 2664 4713| 2670 4706| 2665 4700| 2637 4683| 2632 4681| 2628 4683| 2614 4696| 2608 4696| 2608 4681| 2611 4678| 2612 4671| 2607 4670| 2588 4669| 2584 4670| 2584 4696| 2577 4696| 2577 4681| 2580 4678| 2581 4671| 2576 4670| 2557 4669| 2554 4670| 2554 4696| 2544 4696| 2507 4684| 2503 4684[ 2501 4685 2502 4687| 2502 4763| 2500 4761| 2497 4758| 2493 4759| 2488 4764| 2488 4707[ 2487 4703 2493 4701[ 2503 4694 2494 4688| 2466 4669| 2464 4668| 2462 4669| 2447 4685| 2406 4685| 2376 4672| 2374 4672[ 2372 4672 2373 4674| 2373 4770| 2366 4764[ 2365 4762 2364 4763[ 2362 4763 2363 4766[ 2369 4793 2354 4812[ 2344 4826 2357 4840| 2360 4842| 2379 4845| 2379 4974[ 2379 4983 2382 4986| 2399 4988| 2417 4985| 2420 4974| 2420 4904| 2444 4904| 2444 4944| 2442 4948| 2425 4947[ 2422 4947 2422 4949| 2423 4952[ 2436 4961 2438 4973| 2440 4987| 2444 4987| 2477 4980| 2485 4960| 2485 4835| 2494 4820| 2491 4816| 2483 4811| 2504 4802| 2540 4804| 2545 4801| 2547 4793| 2547 4790| 2616 4790| 2616 4793| 2619 4801| 2625 4803| 2620 4811| 2504 4811[ 2499 4811 2499 4816| 2504 4821| 2671 4821| 2672 4820| 2673 4816"/>
    <Edge fillStyle0="1" fillStyle1="0" strokeStyle="0" edges="!2673 4816! 2829 4882| 2787 4882| 2787 4840| 2829 4840| 2829 4882"/>
    <Edge fillStyle0="1" fillStyle1="0" strokeStyle="0" edges="!2829 4882! 2924 4792| 2924 4831| 2883 4831| 2883 4792| 2924 4792"/>
    <Edge fillStyle0="1" fillStyle1="0" strokeStyle="0" edges="!2924 4792! 2924 4882| 2883 4882| 2883 4840| 2924 4840| 2924 4882"/>
    <Edge fillStyle0="1" fillStyle1="0" strokeStyle="0" edges="!2924 4882! 2883 4891| 2924 4891| 2924 4895[ 2924 4901 2930 4904| 2933 4905| 2919 4924| 2883 4924| 2883 4891"/>
    <Edge fillStyle0="1" fillStyle1="0" strokeStyle="0" edges="!2883 4891! 2450 4694| 2450 4719| 2438 4719| 2421 4710| 2419 4710| 2419 4777| 2410 4777| 2410 4694| 2450 4694"/>
    <Edge fillStyle0="1" fillStyle1="0" strokeStyle="0" edges="!2450 4694! 2450 4728| 2450 4777| 2441 4777| 2441 4728| 2450 4728"/>
    <Edge fillStyle0="1" fillStyle1="0" strokeStyle="0" edges="!2450 4728! 2384 4786| 2475 4786| 2471 4803| 2465 4799| 2459 4797| 2456 4799| 2442 4814| 2421 4814| 2391 4801| 2384 4786"/>
    <Edge fillStyle0="1" fillStyle1="0" strokeStyle="0" edges="!2384 4786! 2444 4823| 2444 4854| 2420 4854| 2420 4823| 2444 4823"/>
    <Edge fillStyle0="1" fillStyle1="0" strokeStyle="0" edges="!2444 4823! 2444 4863| 2444 4895| 2420 4895| 2420 4863| 2444 4863"/>
    <Edge fillStyle0="1" fillStyle1="0" strokeStyle="0" edges="!2444 4863! 2616 4705| 2616 4738| 2608 4738| 2608 4705| 2616 4705"/>
    <Edge fillStyle0="1" fillStyle1="0" strokeStyle="0" edges="!2616 4705! 2584 4705| 2584 4738| 2577 4738| 2577 4705| 2584 4705"/>
    <Edge fillStyle0="1" fillStyle1="0" strokeStyle="0" edges="!2584 4705! 2584 4748| 2584 4781| 2577 4781| 2577 4748| 2584 4748"/>
    <Edge fillStyle0="1" fillStyle1="0" strokeStyle="0" edges="!2584 4748! 2616 4748| 2616 4781| 2608 4781| 2608 4748| 2616 4748"/>
    <Edge fillStyle0="1" fillStyle1="0" strokeStyle="0" edges="!2616 4748! 2622 4821| 2618 4823| 2606 4836| 2549 4836| 2508 4823| 2504 4823| 2503 4827| 2503 4889[ 2502 4896 2508 4901| 2526 4902| 2543 4901| 2549 4897| 2550 4893| 2607 4893| 2607 4895| 2612 4903| 2634 4903| 2650 4899| 2653 4892| 2653 4855| 2663 4843| 2657 4837| 2628 4823| 2622 4821"/>
    <Edge fillStyle0="1" fillStyle1="0" strokeStyle="0" edges="!2622 4821! 2554 4705| 2554 4738| 2547 4738| 2547 4705| 2554 4705"/>
    <Edge fillStyle0="1" fillStyle1="0" strokeStyle="0" edges="!2554 4705! 2554 4748| 2554 4781| 2547 4781| 2547 4748| 2554 4748"/>
    <Edge fillStyle0="1" fillStyle1="0" strokeStyle="0" edges="!2554 4748! 2551 4846| 2607 4846| 2607 4884| 2551 4884| 2551 4846"/>
    <Edge fillStyle0="1" fillStyle1="0" strokeStyle="0" edges="!2551 4846! 2518 4904| 2519 4906[ 2529 4919 2530 4945[ 2530 4955 2535 4961[ 2540 4968 2550 4968| 2565 4962| 2572 4947| 2570 4930| 2550 4913[ 2536 4905 2521 4903[ 2518 4902 2518 4904"/>
    <Edge fillStyle0="1" fillStyle1="0" strokeStyle="0" edges="!2518 4904! 2595 4910[ 2595 4931 2583 4969| 2490 4969| 2486 4974| 2490 4978| 2673 4978| 2674 4978| 2675 4974| 2645 4947| 2640 4945| 2621 4969| 2603 4969| 2636 4932[ 2637 4929 2644 4928| 2650 4924| 2650 4920[ 2647 4914 2599 4906[ 2595 4905 2595 4910"/>
    <Edge fillStyle0="1" fillStyle1="0" strokeStyle="0" edges="!2595 4910! 2509 5152| 2464 5131| 2460 5132| 2459 5134| 2459 5294| 2418 5293[ 2411 5291 2414 5299| 2429 5348| 2434 5361| 2439 5361| 2442 5351[ 2442 5347 2448 5346[ 2516 5330 2582 5304[ 2484 5390 2408 5410| 2404 5414| 2410 5416[ 2506 5404 2590 5349| 2603 5340| 2603 5367| 2601 5377| 2548 5379| 2542 5381[ 2541 5385 2546 5386[ 2568 5391 2578 5401[ 2586 5408 2590 5428| 2592 5435| 2629 5433| 2649 5420[ 2656 5412 2656 5378| 2656 5298| 2694 5265| 2704 5263| 2716 5262| 2714 5252| 2683 5210| 2679 5206| 2656 5231| 2656 5183[ 2656 5175 2663 5172| 2671 5162| 2665 5153| 2632 5126| 2627 5125[ 2624 5125 2622 5128| 2602 5152| 2545 5152[ 2574 5131 2582 5130| 2590 5125| 2587 5118| 2526 5109| 2522 5114| 2518 5152| 2509 5152"/>
    <Edge fillStyle0="1" fillStyle1="0" strokeStyle="0" edges="!2509 5152! 2513 5161| 2603 5161| 2603 5197| 2513 5197| 2513 5161"/>
    <Edge fillStyle0="1" fillStyle1="0" strokeStyle="0" edges="!2513 5161! 2603 5282| 2513 5291| 2513 5251| 2603 5251| 2603 5282"/>
    <Edge fillStyle0="1" fillStyle1="0" strokeStyle="0" edges="!2603 5282! 2603 5242| 2513 5242| 2513 5206| 2603 5206| 2603 5242"/>
    <Edge fillStyle0="1" fillStyle1="0" strokeStyle="0" edges="!2603 5242! 2924 5113| 2881 5111| 2874 5113| 2873 5118| 2873 5152| 2749 5152[ 2744 5151 2744 5156| 2749 5161| 3053 5161| 3055 5160| 3056 5156| 3053 5151| 3017 5120| 3011 5118| 2983 5152| 2927 5152| 2927 5138| 2934 5130[ 2946 5123 2937 5115| 2924 5113"/>
    <Edge fillStyle0="1" fillStyle1="0" strokeStyle="0" edges="!2924 5113! 2955 5166| 2951 5168| 2934 5185| 2860 5185| 2813 5169| 2808 5169| 2807 5173| 2807 5245| 2807 5253| 2811 5258| 2833 5260| 2852 5258| 2858 5254| 2860 5245| 2860 5242| 2936 5242| 2936 5248| 2940 5258| 2965 5260| 2987 5255| 2990 5248| 2990 5214[ 2990 5207 2995 5205[ 3011 5197 2995 5188| 2962 5168| 2955 5166"/>
    <Edge fillStyle0="1" fillStyle1="0" strokeStyle="0" edges="!2955 5166! 2832 5293| 2832 5386| 2832 5393| 2837 5399| 2858 5400| 2877 5399| 2883 5395| 2885 5386| 2885 5373| 2912 5373| 2912 5384| 2916 5394| 2941 5397| 2963 5392| 2966 5388[ 2980 5401 2978 5421[ 2974 5432 2987 5434| 2988 5434| 3016 5430| 3037 5418[ 3044 5409 3044 5375| 3044 5301[ 3043 5293 3051 5290| 3058 5281| 3053 5271| 3020 5245| 3014 5243| 3009 5246| 2990 5269| 2814 5269| 2764 5249| 2760 5249| 2759 5253| 2759 5415[ 2759 5427 2764 5431| 2785 5433| 2809 5429| 2812 5415| 2812 5279| 2991 5279| 2991 5364| 2989 5374| 2966 5375| 2966 5334[ 2966 5326 2971 5324[ 2987 5317 2972 5308| 2938 5287| 2932 5285| 2927 5287| 2910 5304| 2885 5304| 2838 5289| 2833 5289| 2832 5293"/>
    <Edge fillStyle0="1" fillStyle1="0" strokeStyle="0" edges="!2832 5293! 2912 5313| 2912 5364| 2885 5364| 2885 5313| 2912 5313"/>
    <Edge fillStyle0="1" fillStyle1="0" strokeStyle="0" edges="!2912 5313! 2936 5194| 2936 5232| 2860 5232| 2860 5194| 2936 5194"/>
    <Edge fillStyle0="1" fillStyle1="0" strokeStyle="0" edges="!2936 5194! 3548 4679[ 3570 4714 3578 4745[ 3588 4785 3588 4832[ 3588 4879 3578 4920[ 3569 4951 3548 4985| 3548 5000[ 3590 4970 3611 4925[ 3630 4883 3631 4832[ 3631 4780 3612 4743[ 3592 4700 3548 4664| 3548 4679"/>
    <Edge fillStyle0="1" fillStyle1="0" strokeStyle="0" edges="!3548 4679! 3483 4794[ 3463 4781 3446 4781[ 3421 4781 3402 4802[ 3384 4822 3384 4852[ 3384 4880 3401 4898[ 3420 4918 3448 4919| 3472 4911| 3472 4920[ 3472 4945 3465 4960[ 3457 4973 3446 4974[ 3435 4973 3427 4967| 3422 4960| 3422 4955| 3422 4951| 3418 4938| 3404 4933[ 3398 4932 3393 4937| 3388 4951[ 3388 4965 3400 4974[ 3418 4986 3446 4987[ 3473 4986 3490 4970[ 3506 4953 3507 4920| 3507 4784| 3495 4784| 3483 4794"/>
    <Edge fillStyle0="1" fillStyle1="0" strokeStyle="0" edges="!3483 4794! 3240 4697[ 3223 4711 3212 4712| 3212 4727| 3222 4731| 3225 4742| 3225 4914| 3222 4923| 3211 4926| 3211 4941| 3269 4941| 3269 4926| 3258 4923| 3256 4914| 3256 4876| 3267 4863| 3293 4910| 3295 4922[ 3293 4926 3286 4926| 3286 4941| 3348 4941| 3348 4926| 3334 4922| 3324 4910| 3286 4841| 3308 4814| 3324 4801| 3344 4796| 3344 4781| 3287 4781| 3287 4796[ 3293 4796 3296 4801| 3292 4814| 3256 4858| 3256 4697| 3240 4697"/>
    <Edge fillStyle0="1" fillStyle1="0" strokeStyle="0" edges="!3240 4697! 3180 4664[ 3138 4695 3118 4736[ 3097 4780 3097 4832[ 3097 4883 3116 4922[ 3136 4963 3180 5000| 3180 4985[ 3157 4949 3148 4912[ 3139 4878 3140 4832[ 3139 4782 3150 4742[ 3158 4712 3180 4679| 3180 4664"/>
    <Edge fillStyle0="1" fillStyle1="0" strokeStyle="0" edges="!3180 4664! 3472 4806| 3472 4895[ 3459 4903 3448 4903[ 3435 4903 3425 4887[ 3415 4872 3415 4852[ 3415 4827 3425 4812[ 3434 4796 3446 4796[ 3459 4796 3472 4806"/>
    <Edge fillStyle0="1" fillStyle1="0" strokeStyle="0" edges="!3472 4806! 3426 5125[ 3448 5160 3456 5192[ 3466 5231 3466 5278[ 3466 5326 3456 5367[ 3447 5397 3426 5432| 3426 5446[ 3468 5416 3489 5371[ 3508 5330 3509 5278[ 3509 5226 3490 5189[ 3470 5147 3426 5111| 3426 5125"/>
    <Edge fillStyle0="1" fillStyle1="0" strokeStyle="0" edges="!3426 5125! 3409 5161| 3403 5177| 3393 5190[ 3386 5198 3387 5209| 3414 5209| 3418 5193| 3414 5193| 3410 5201| 3406 5202| 3392 5202| 3398 5192| 3411 5177| 3417 5161| 3413 5149| 3401 5144[ 3394 5144 3390 5150| 3386 5159| 3388 5165| 3392 5166| 3395 5165| 3396 5161| 3395 5157| 3394 5154| 3395 5151[ 3397 5148 3401 5148| 3406 5151| 3409 5161"/>
    <Edge fillStyle0="1" fillStyle1="0" strokeStyle="0" edges="!3409 5161! 3228 5111[ 3186 5141 3166 5182[ 3145 5226 3145 5278[ 3145 5329 3164 5368[ 3183 5409 3228 5446| 3228 5432[ 3205 5395 3196 5359[ 3187 5324 3188 5278[ 3187 5229 3198 5189[ 3206 5158 3228 5125| 3228 5111"/>
    <Edge fillStyle0="1" fillStyle1="0" strokeStyle="0" edges="!3228 5111! 3258 5266| 3258 5357| 3257 5369| 3254 5372| 3252 5372| 3252 5388| 3296 5388| 3296 5372| 3292 5372| 3288 5369| 3286 5357| 3286 5266| 3295 5243[ 3298 5238 3305 5238| 3311 5245| 3314 5266| 3314 5357| 3312 5367| 3308 5370| 3304 5370| 3304 5388| 3352 5388| 3352 5370| 3348 5370| 3344 5367| 3342 5357| 3342 5266| 3352 5245[ 3355 5241 3360 5241[ 3363 5241 3367 5247| 3370 5266| 3370 5357| 3369 5365| 3364 5367| 3360 5367| 3360 5388| 3404 5388| 3404 5367| 3402 5367| 3399 5365| 3398 5357| 3398 5266[ 3398 5247 3388 5235[ 3377 5220 3362 5220[ 3348 5220 3342 5229| 3337 5240| 3334 5236[ 3322 5220 3305 5220[ 3292 5220 3286 5228| 3286 5224| 3275 5224| 3252 5238| 3252 5254| 3257 5255| 3258 5266"/>
    <Edge fillStyle0="0" fillStyle1="0" strokeStyle="1" edges="!3258 5266! 3644 5036| 2367 5036"/>
  </edges>
</DOMShape>
                                   </elements>
            </DOMFrame>
          </frames>
        </DOMLayer>
        <DOMLayer name="Layer 59">
          <frames>
            <DOMFrame index="0" motionTweenScale="false" keyMode="8192">
              <elements>
                                        <DOMShape isFloating="true">
                                             <fills>
  <FillStyle index="1">
    <SolidColor color="#000000"/>
  </FillStyle>
</fills>
                                             <strokes/>
  <edges>
    <Edge fillStyle0="1" edges="!0 0! 2559 5731| 2559 5785| 2785 5910| 2559 6033| 2559 6087| 2833 5937| 2833 5883| 2559 5731"/>
    <Edge fillStyle0="1" edges="!2559 5731! 2831 6149| 2559 6149| 2559 6202| 2831 6202| 2831 6149"/>
  </edges>
</DOMShape>
                                   </elements>
            </DOMFrame>
          </frames>
        </DOMLayer>
      </layers>
    </DOMTimeline>
  </timeline>
</DOMSymbolItem>
