<DOMSymbolItem xmlns="http://ns.adobe.com/xfl/2008/" xmlns:xsi="http://www.w3.org/2001/XMLSchema-instance" name="Symbol 108" lastModified="1635072455" symbolType="graphic">
  <timeline>
    <DOMTimeline name="Symbol 108" currentFrame="0">
      <layers>
        <DOMLayer name="Layer 1">
          <frames>
            <DOMFrame index="0" motionTweenScale="false" keyMode="8192">
              <elements>
<DOMShape isFloating="true">
                                             <fills>
  <FillStyle index="1">
    <SolidColor color="#cccccc" alpha="0.5019608"/>
  </FillStyle>
</fills>
                                             <strokes/>
  <edges>
    <Edge fillStyle0="0" fillStyle1="0" strokeStyle="0" edges="!0 0! 0 0"/>
    <Edge fillStyle0="0" fillStyle1="1" strokeStyle="0" edges="!0 0! 3855 3396[ 4038 3396 4167 3506[ 4210 3542 4238 3584[ 4306 3564 4384 3564[ 4566 3564 4695 3673[ 4824 3784 4824 3940[ 4824 4096 4695 4206[ 4566 4316 4384 4316| 4296 4310[ 4265 4398 4183 4468[ 4073 4563 3924 4577[ 3906 4700 3798 4791[ 3669 4901 3487 4901[ 3304 4901 3175 4791[ 3082 4711 3056 4607[ 2956 4659 2830 4659[ 2648 4659 2518 4548[ 2478 4514 2451 4475| 2430 4476[ 2247 4476 2118 4366[ 1989 4256 1989 4099[ 1989 3943 2118 3833[ 2247 3723 2430 3723| 2437 3723[ 2468 3673 2518 3629[ 2648 3519 2830 3519| 2854 3520[ 2858 3370 2983 3263[ 3112 3153 3295 3153[ 3477 3153 3606 3263[ 3685 3330 3716 3414[ 3781 3396 3855 3396"/>
  </edges>
</DOMShape>
                                   </elements>
            </DOMFrame>
          </frames>
        </DOMLayer>
        <DOMLayer name="Layer 2">
          <frames>
            <DOMFrame index="0" motionTweenScale="false" keyMode="8192">
              <elements>
<DOMShape isFloating="true">
                                             <fills>
  <FillStyle index="1">
    <SolidColor color="#000000" alpha="1.0"/>
  </FillStyle>
</fills>
                                             <strokes/>
  <edges>
    <Edge fillStyle0="0" fillStyle1="0" strokeStyle="0" edges="!0 0! 0 0"/>
    <Edge fillStyle0="0" fillStyle1="1" strokeStyle="0" edges="!0 0! 6237 4183| 6244 4162[ 6287 4170 6313 4137| 6315 4168[ 6269 4197 6236 4188| 6237 4183"/>
  </edges>
</DOMShape>
                                   </elements>
            </DOMFrame>
          </frames>
        </DOMLayer>
        <DOMLayer name="Layer 3">
          <frames>
            <DOMFrame index="0" motionTweenScale="false" keyMode="8192">
              <elements>
<DOMShape isFloating="true">
                                             <fills>
  <FillStyle index="1">
    <SolidColor color="#000000" alpha="1.0"/>
  </FillStyle>
</fills>
                                             <strokes/>
  <edges>
    <Edge fillStyle0="0" fillStyle1="0" strokeStyle="0" edges="!0 0! 0 0"/>
    <Edge fillStyle0="0" fillStyle1="1" strokeStyle="0" edges="!0 0! 6153 4126| 6166 4088[ 6241 4102 6287 4044| 6291 4098[ 6211 4149 6152 4134| 6152 4133| 6153 4126"/>
  </edges>
</DOMShape>
                                   </elements>
            </DOMFrame>
          </frames>
        </DOMLayer>
        <DOMLayer name="Layer 4">
          <frames>
            <DOMFrame index="0" motionTweenScale="false" keyMode="8192">
              <elements>
<DOMShape isFloating="true">
                                             <fills>
  <FillStyle index="1">
    <SolidColor color="#000000" alpha="1.0"/>
  </FillStyle>
</fills>
                                             <strokes/>
  <edges>
    <Edge fillStyle0="0" fillStyle1="0" strokeStyle="0" edges="!0 0! 0 0"/>
    <Edge fillStyle0="0" fillStyle1="1" strokeStyle="0" edges="!0 0! 4829 3810| 4856 3810[ 4863 3861 4910 3879| 4876 3893[ 4826 3852 4824 3811| 4825 3811| 4829 3810"/>
  </edges>
</DOMShape>
                                   </elements>
            </DOMFrame>
          </frames>
        </DOMLayer>
        <DOMLayer name="Layer 5">
          <frames>
            <DOMFrame index="0" motionTweenScale="false" keyMode="8192">
              <elements>
<DOMShape isFloating="true">
                                             <fills>
  <FillStyle index="1">
    <SolidColor color="#000000" alpha="1.0"/>
  </FillStyle>
</fills>
                                             <strokes/>
  <edges>
    <Edge fillStyle0="0" fillStyle1="0" strokeStyle="0" edges="!0 0! 0 0"/>
    <Edge fillStyle0="0" fillStyle1="1" strokeStyle="0" edges="!0 0! 4870 3769| 4910 3769[ 4920 3846 4989 3871| 4939 3893[ 4865 3831 4862 3770| 4863 3770| 4870 3769"/>
  </edges>
</DOMShape>
                                   </elements>
            </DOMFrame>
          </frames>
        </DOMLayer>
        <DOMLayer name="Layer 6">
          <frames>
            <DOMFrame index="0" motionTweenScale="false" keyMode="8192">
              <elements>
<DOMShape isFloating="true">
                                             <fills>
  <FillStyle index="1">
    <SolidColor color="#ffffff" alpha="1.0"/>
  </FillStyle>
</fills>
                                             <strokes/>
  <edges>
    <Edge fillStyle0="0" fillStyle1="0" strokeStyle="0" edges="!0 0! 0 0"/>
    <Edge fillStyle0="1" fillStyle1="0" strokeStyle="0" edges="!0 0! 5729 4511| 5476 4470[ 5220 4433 5203 4455[ 5175 4488 5157 4716[ 5172 4733 5219 4758[ 5313 4806 5472 4835[ 5631 4863 5721 4858| 5778 4847| 5803 4807[ 5828 4753 5823 4681[ 5819 4608 5773 4553| 5742 4522| 5729 4511"/>
  </edges>
</DOMShape>
                                   </elements>
            </DOMFrame>
          </frames>
        </DOMLayer>
        <DOMLayer name="Layer 7">
          <frames>
            <DOMFrame index="0" motionTweenScale="false" keyMode="8192">
              <elements>
<DOMShape isFloating="true">
                                             <fills>
  <FillStyle index="1">
    <SolidColor color="#000000" alpha="1.0"/>
  </FillStyle>
</fills>
                                             <strokes/>
  <edges>
    <Edge fillStyle0="0" fillStyle1="0" strokeStyle="0" edges="!4842 4649! 0 0"/>
    <Edge fillStyle0="0" fillStyle1="1" strokeStyle="0" edges="!0 0! 5682 4905[ 5582 4901 5442 4865[ 5313 4834 5216 4794[ 5117 4752 5116 4729[ 5116 4706 5135 4578| 5154 4454| 5103 4305| 5136 4313| 5184 4399[ 5660 4445 5756 4479[ 5816 4499 5852 4573[ 5869 4609 5875 4641[ 5881 4672 5878 4714[ 5871 4801 5825 4871[ 5798 4910 5682 4905"/>
  </edges>
</DOMShape>
                                   </elements>
            </DOMFrame>
          </frames>
        </DOMLayer>
        <DOMLayer name="Layer 8">
          <frames>
            <DOMFrame index="0" motionTweenScale="false" keyMode="8192">
              <elements>
<DOMShape isFloating="true">
                                             <fills>
  <FillStyle index="1">
    <SolidColor color="#000000" alpha="1.0"/>
  </FillStyle>
</fills>
                                             <strokes/>
  <edges>
    <Edge fillStyle0="0" fillStyle1="0" strokeStyle="0" edges="!0 0! 0 0"/>
    <Edge fillStyle0="1" fillStyle1="0" strokeStyle="0" edges="!0 0! 4842 4649[ 4856 4763 4989 4921| 5118 5056| 4910 4918[ 4698 4765 4661 4678[ 4620 4582 4644 4525[ 4657 4491 4685 4481[ 4711 4470 4756 4497[ 4829 4540 4842 4649"/>
    <Edge fillStyle0="1" fillStyle1="0" strokeStyle="0" edges="!4842 4649! 4778 4460[ 4715 4422 4668 4441[ 4626 4459 4604 4509[ 4573 4584 4621 4694[ 4662 4789 4903 4942| 5151 5084| 5026 4926[ 4897 4749 4885 4645[ 4869 4513 4778 4460"/>
  </edges>
</DOMShape>
                                   </elements>
            </DOMFrame>
          </frames>
        </DOMLayer>
        <DOMLayer name="Layer 9">
          <frames>
            <DOMFrame index="0" motionTweenScale="false" keyMode="8192">
              <elements>
<DOMShape isFloating="true">
                                             <fills>
  <FillStyle index="1">
    <SolidColor color="#f4a057" alpha="1.0"/>
  </FillStyle>
</fills>
                                             <strokes/>
  <edges>
    <Edge fillStyle0="0" fillStyle1="0" strokeStyle="0" edges="!0 0! 0 0"/>
    <Edge fillStyle0="1" fillStyle1="0" strokeStyle="0" edges="!0 0! 5024 4975| 4916 4872[ 4801 4759 4773 4716[ 4749 4680 4756 4639[ 4764 4591 4748 4556[ 4714 4482 4636 4472| 4615 4659| 4727 4804| 4997 4994| 5031 5003| 5024 4975"/>
  </edges>
</DOMShape>
                                   </elements>
            </DOMFrame>
          </frames>
        </DOMLayer>
        <DOMLayer name="Layer 10">
          <frames>
            <DOMFrame index="0" motionTweenScale="false" keyMode="8192">
              <elements>
<DOMShape isFloating="true">
                                             <fills>
  <FillStyle index="1">
    <SolidColor color="#f5c4a0" alpha="1.0"/>
  </FillStyle>
</fills>
                                             <strokes/>
  <edges>
    <Edge fillStyle0="0" fillStyle1="0" strokeStyle="0" edges="!0 0! 0 0"/>
    <Edge fillStyle0="0" fillStyle1="1" strokeStyle="0" edges="!0 0! 5010 4930| 5140 5080| 4914 4938[ 4681 4778 4641 4686[ 4600 4591 4621 4524[ 4636 4478 4677 4461[ 4719 4443 4776 4484[ 4850 4536 4864 4647[ 4876 4757 5010 4930"/>
  </edges>
</DOMShape>
                                   </elements>
            </DOMFrame>
          </frames>
        </DOMLayer>
        <DOMLayer name="Layer 11">
          <frames>
            <DOMFrame index="0" motionTweenScale="false" keyMode="8192">
              <elements>
<DOMShape isFloating="true">
                                             <fills>
  <FillStyle index="1">
    <SolidColor color="#ffffff" alpha="1.0"/>
  </FillStyle>
</fills>
                                             <strokes>
  <StrokeStyle index="1">
    <SolidStroke scaleMode="normal" weight="2.5">
      <fill>
        <SolidColor color="#000000" alpha="1.0"/>
      </fill>
    </SolidStroke>
  </StrokeStyle>
</strokes>
  <edges>
    <Edge fillStyle0="0" fillStyle1="0" strokeStyle="0" edges="!0 0! 0 0"/>
    <Edge fillStyle0="0" fillStyle1="1" strokeStyle="1" edges="!0 0! 6092 3846[ 6068 3872 6061 3913[ 6055 3953 6071 3985[ 6087 4017 6114 4021[ 6142 4025 6166 3999[ 6189 3973 6195 3933[ 6202 3892 6187 3860[ 6171 3828 6143 3824[ 6116 3820 6092 3846"/>
  </edges>
</DOMShape>
                                   </elements>
            </DOMFrame>
          </frames>
        </DOMLayer>
        <DOMLayer name="Layer 12">
          <frames>
            <DOMFrame index="0" motionTweenScale="false" keyMode="8192">
              <elements>
<DOMShape isFloating="true">
                                             <fills>
  <FillStyle index="1">
    <SolidColor color="#ffffff" alpha="1.0"/>
  </FillStyle>
</fills>
                                             <strokes>
  <StrokeStyle index="1">
    <SolidStroke scaleMode="normal" weight="2.5">
      <fill>
        <SolidColor color="#000000" alpha="1.0"/>
      </fill>
    </SolidStroke>
  </StrokeStyle>
</strokes>
  <edges>
    <Edge fillStyle0="0" fillStyle1="0" strokeStyle="0" edges="!0 0! 0 0"/>
    <Edge fillStyle0="0" fillStyle1="1" strokeStyle="1" edges="!0 0! 5157 3675[ 5163 3710 5146 3748[ 5129 3785 5100 3803[ 5069 3823 5043 3812[ 5017 3800 5012 3764[ 5005 3730 5022 3693[ 5039 3655 5069 3636[ 5099 3617 5125 3629[ 5151 3640 5157 3675"/>
  </edges>
</DOMShape>
                                   </elements>
            </DOMFrame>
          </frames>
        </DOMLayer>
        <DOMLayer name="Layer 13">
          <frames>
            <DOMFrame index="0" motionTweenScale="false" keyMode="8192">
              <elements>
<DOMShape isFloating="true">
                                             <fills>
  <FillStyle index="1">
    <SolidColor color="#f4a057" alpha="1.0"/>
  </FillStyle>
</fills>
                                             <strokes/>
  <edges>
    <Edge fillStyle0="0" fillStyle1="0" strokeStyle="0" edges="!0 0! 0 0"/>
    <Edge fillStyle0="1" fillStyle1="0" strokeStyle="0" edges="!0 0! 5393 3572| 5428 3590[ 5465 3610 5471 3620[ 5480 3637 5452 3711[ 5502 3628 5497 3609[ 5493 3596 5443 3582| 5393 3572"/>
  </edges>
</DOMShape>
                                   </elements>
            </DOMFrame>
          </frames>
        </DOMLayer>
        <DOMLayer name="Layer 14">
          <frames>
            <DOMFrame index="0" motionTweenScale="false" keyMode="8192">
              <elements>
<DOMShape isFloating="true">
                                             <fills>
  <FillStyle index="1">
    <SolidColor color="#f4a057" alpha="1.0"/>
  </FillStyle>
</fills>
                                             <strokes/>
  <edges>
    <Edge fillStyle0="0" fillStyle1="0" strokeStyle="0" edges="!0 0! 0 0"/>
    <Edge fillStyle0="0" fillStyle1="1" strokeStyle="0" edges="!0 0! 5443 4714[ 5462 4702 5487 4691[ 5536 4671 5565 4675[ 5612 4685 5645 4783[ 5589 4719 5558 4708[ 5540 4702 5489 4708| 5443 4714"/>
  </edges>
</DOMShape>
                                   </elements>
            </DOMFrame>
          </frames>
        </DOMLayer>
        <DOMLayer name="Layer 15">
          <frames>
            <DOMFrame index="0" motionTweenScale="false" keyMode="8192">
              <elements>
<DOMShape isFloating="true">
                                             <fills>
  <FillStyle index="1">
    <SolidColor color="#f4a057" alpha="1.0"/>
  </FillStyle>
</fills>
                                             <strokes/>
  <edges>
    <Edge fillStyle0="0" fillStyle1="0" strokeStyle="0" edges="!0 0! 0 0"/>
    <Edge fillStyle0="1" fillStyle1="0" strokeStyle="0" edges="!0 0! 5911 4453| 5943 4450[ 5978 4451 5989 4472[ 6005 4504 5990 4582[ 6036 4487 6010 4456[ 5994 4436 5950 4443| 5911 4453"/>
  </edges>
</DOMShape>
                                   </elements>
            </DOMFrame>
          </frames>
        </DOMLayer>
        <DOMLayer name="Layer 16">
          <frames>
            <DOMFrame index="0" motionTweenScale="false" keyMode="8192">
              <elements>
<DOMShape isFloating="true">
                                             <fills>
  <FillStyle index="1">
    <SolidColor color="#000000" alpha="1.0"/>
  </FillStyle>
</fills>
                                             <strokes/>
  <edges>
    <Edge fillStyle0="0" fillStyle1="0" strokeStyle="0" edges="!0 0! 0 0"/>
    <Edge fillStyle0="1" fillStyle1="0" strokeStyle="0" edges="!0 0! 6510 4283| 6483 4285| 6500 4335| 6528 4342| 6510 4283"/>
  </edges>
</DOMShape>
                                   </elements>
            </DOMFrame>
          </frames>
        </DOMLayer>
        <DOMLayer name="Layer 17">
          <frames>
            <DOMFrame index="0" motionTweenScale="false" keyMode="8192">
              <elements>
<DOMShape isFloating="true">
                                             <fills>
  <FillStyle index="1">
    <SolidColor color="#000000" alpha="1.0"/>
  </FillStyle>
</fills>
                                             <strokes/>
  <edges>
    <Edge fillStyle0="0" fillStyle1="0" strokeStyle="0" edges="!0 0! 0 0"/>
    <Edge fillStyle0="1" fillStyle1="0" strokeStyle="0" edges="!0 0! 6587 4278| 6551 4280| 6574 4344| 6609 4353| 6587 4278"/>
  </edges>
</DOMShape>
                                   </elements>
            </DOMFrame>
          </frames>
        </DOMLayer>
        <DOMLayer name="Layer 18">
          <frames>
            <DOMFrame index="0" motionTweenScale="false" keyMode="8192">
              <elements>
<DOMShape isFloating="true">
                                             <fills>
  <FillStyle index="1">
    <SolidColor color="#000000" alpha="1.0"/>
  </FillStyle>
</fills>
                                             <strokes/>
  <edges>
    <Edge fillStyle0="0" fillStyle1="0" strokeStyle="0" edges="!0 0! 0 0"/>
    <Edge fillStyle0="0" fillStyle1="1" strokeStyle="0" edges="!0 0! 4604 4060| 4631 4067| 4604 4113| 4575 4115| 4604 4060"/>
  </edges>
</DOMShape>
                                   </elements>
            </DOMFrame>
          </frames>
        </DOMLayer>
        <DOMLayer name="Layer 19">
          <frames>
            <DOMFrame index="0" motionTweenScale="false" keyMode="8192">
              <elements>
<DOMShape isFloating="true">
                                             <fills>
  <FillStyle index="1">
    <SolidColor color="#000000" alpha="1.0"/>
  </FillStyle>
</fills>
                                             <strokes/>
  <edges>
    <Edge fillStyle0="0" fillStyle1="0" strokeStyle="0" edges="!0 0! 0 0"/>
    <Edge fillStyle0="0" fillStyle1="1" strokeStyle="0" edges="!0 0! 4530 4040| 4565 4050| 4529 4106| 4494 4110| 4530 4040"/>
  </edges>
</DOMShape>
                                   </elements>
            </DOMFrame>
          </frames>
        </DOMLayer>
        <DOMLayer name="Layer 20">
          <frames>
            <DOMFrame index="0" motionTweenScale="false" keyMode="8192">
              <elements>
<DOMShape isFloating="true">
                                             <fills>
  <FillStyle index="1">
    <SolidColor color="#000000" alpha="1.0"/>
  </FillStyle>
</fills>
                                             <strokes/>
  <edges>
    <Edge fillStyle0="0" fillStyle1="0" strokeStyle="0" edges="!0 0! 0 0"/>
    <Edge fillStyle0="1" fillStyle1="0" strokeStyle="0" edges="!0 0! 5562 4054| 5555 4109| 5592 4173| 5545 4249| 5653 4192| 5562 4054"/>
  </edges>
</DOMShape>
                                   </elements>
            </DOMFrame>
          </frames>
        </DOMLayer>
        <DOMLayer name="Layer 21">
          <frames>
            <DOMFrame index="0" motionTweenScale="false" keyMode="8192">
              <elements>
<DOMShape isFloating="true">
                                             <fills>
  <FillStyle index="1">
    <SolidColor color="#000000" alpha="1.0"/>
  </FillStyle>
</fills>
                                             <strokes/>
  <edges>
    <Edge fillStyle0="0" fillStyle1="0" strokeStyle="0" edges="!0 0! 0 0"/>
    <Edge fillStyle0="1" fillStyle1="0" strokeStyle="0" edges="!0 0! 6737 2238[ 6720 2305 6508 2554[ 6458 2355 6396 2155[ 6272 1755 6211 1755[ 6216 1837 6001 1965| 5833 1553| 5545 1920| 5487 1824[ 5430 1723 5433 1696[ 5393 1685 5110 2019[ 4968 2186 4833 2355[ 4810 2317 4792 2263[ 4755 2155 4777 2075[ 4692 2083 4552 2499[ 4482 2707 4429 2913[ 4266 2827 4220 2731[ 4204 2745 4208 2899[ 4209 2954 4225 3248[ 4254 3791 4217 3939[ 4225 3924 4274 3892| 4320 3864[ 4312 3593 4295 3329[ 4276 3017 4256 2902[ 4282 2924 4328 2951[ 4396 2992 4469 3026[ 4525 2823 4587 2617[ 4712 2207 4750 2195[ 4721 2293 4840 2518| 5101 2162[ 5365 1806 5386 1805[ 5367 1844 5447 1934[ 5487 1979 5530 2017| 5816 1689| 5964 2097[ 6235 1931 6227 1866[ 6257 1869 6364 2294| 6466 2720[ 6740 2425 6744 2348[ 6794 2596 6782 2998[ 6777 3200 6761 3350| 6906 3293[ 7054 3237 7070 3247[ 6967 3312 6863 3781[ 6810 4017 6778 4238| 6819 4348[ 6851 4109 6913 3842[ 7036 3307 7184 3167[ 7148 3126 6988 3173| 6834 3227[ 6847 3006 6839 2770[ 6826 2302 6737 2238"/>
  </edges>
</DOMShape>
                                   </elements>
            </DOMFrame>
          </frames>
        </DOMLayer>
        <DOMLayer name="Layer 22">
          <frames>
            <DOMFrame index="0" motionTweenScale="false" keyMode="8192">
              <elements>
<DOMShape isFloating="true">
                                             <fills>
  <FillStyle index="1">
    <SolidColor color="#000000" alpha="1.0"/>
  </FillStyle>
</fills>
                                             <strokes/>
  <edges>
    <Edge fillStyle0="0" fillStyle1="0" strokeStyle="0" edges="!0 0! 0 0"/>
    <Edge fillStyle0="0" fillStyle1="1" strokeStyle="0" edges="!0 0! 6620 3479| 6649 3816| 6518 3527| 6286 3651| 6215 3380| 6055 3446| 6266 3245| 6328 3477| 6525 3380| 6620 3479"/>
  </edges>
</DOMShape>
                                   </elements>
            </DOMFrame>
          </frames>
        </DOMLayer>
        <DOMLayer name="Layer 23">
          <frames>
            <DOMFrame index="0" motionTweenScale="false" keyMode="8192">
              <elements>
<DOMShape isFloating="true">
                                             <fills>
  <FillStyle index="1">
    <SolidColor color="#000000" alpha="1.0"/>
  </FillStyle>
</fills>
                                             <strokes/>
  <edges>
    <Edge fillStyle0="0" fillStyle1="0" strokeStyle="0" edges="!0 0! 0 0"/>
    <Edge fillStyle0="1" fillStyle1="0" strokeStyle="0" edges="!0 0! 5149 3349[ 5283 3247 5424 3151[ 5706 2954 5744 2970[ 5686 3042 5741 3289| 5979 3207| 6049 3346| 6080 3304| 6006 3098| 5835 3174[ 5804 2918 5844 2849[ 5734 2844 5323 3117[ 5118 3254 4940 3387| 5149 3349"/>
  </edges>
</DOMShape>
                                   </elements>
            </DOMFrame>
          </frames>
        </DOMLayer>
        <DOMLayer name="Layer 24">
          <frames>
            <DOMFrame index="0" motionTweenScale="false" keyMode="8192">
              <elements>
<DOMShape isFloating="true">
                                             <fills>
  <FillStyle index="1">
    <SolidColor color="#000000" alpha="1.0"/>
  </FillStyle>
</fills>
                                             <strokes/>
  <edges>
    <Edge fillStyle0="0" fillStyle1="0" strokeStyle="0" edges="!0 0! 0 0"/>
    <Edge fillStyle0="1" fillStyle1="0" strokeStyle="0" edges="!0 0! 4780 3051[ 4692 2943 4675 2945[ 4635 3210 4467 3648| 4715 3077| 4867 3302| 5063 2988| 5169 3185| 5226 3147| 5084 2853| 4862 3159| 4780 3051"/>
  </edges>
</DOMShape>
                                   </elements>
            </DOMFrame>
          </frames>
        </DOMLayer>
        <DOMLayer name="Layer 25">
          <frames>
            <DOMFrame index="0" motionTweenScale="false" keyMode="8192">
              <elements>
<DOMShape isFloating="true">
                                             <fills>
  <FillStyle index="1">
    <SolidColor color="#000000" alpha="1.0"/>
  </FillStyle>
</fills>
                                             <strokes/>
  <edges>
    <Edge fillStyle0="0" fillStyle1="0" strokeStyle="0" edges="!0 0! 0 0"/>
    <Edge fillStyle0="0" fillStyle1="1" strokeStyle="0" edges="!0 0! 4420 3869[ 4453 3913 4407 3938| 4306 3941[ 4205 3957 4200 4021[ 4192 4123 4295 4291[ 4255 4264 4214 4216[ 4136 4122 4140 4022[ 4146 3915 4271 3868[ 4319 3851 4364 3851[ 4407 3851 4420 3869"/>
  </edges>
</DOMShape>
                                   </elements>
            </DOMFrame>
          </frames>
        </DOMLayer>
        <DOMLayer name="Layer 26">
          <frames>
            <DOMFrame index="0" motionTweenScale="false" keyMode="8192">
              <elements>
<DOMShape isFloating="true">
                                             <fills>
  <FillStyle index="1">
    <SolidColor color="#000000" alpha="1.0"/>
  </FillStyle>
</fills>
                                             <strokes/>
  <edges>
    <Edge fillStyle0="0" fillStyle1="0" strokeStyle="0" edges="!0 0! 0 0"/>
    <Edge fillStyle0="1" fillStyle1="0" strokeStyle="0" edges="!0 0! 6668 4183[ 6655 4196 6671 4213| 6717 4249[ 6793 4309 6787 4364[ 6776 4465 6652 4616[ 6693 4596 6740 4556[ 6829 4476 6845 4377[ 6862 4270 6782 4207[ 6750 4182 6717 4175[ 6684 4169 6668 4183"/>
  </edges>
</DOMShape>
                                   </elements>
            </DOMFrame>
          </frames>
        </DOMLayer>
        <DOMLayer name="Layer 27">
          <frames>
            <DOMFrame index="0" motionTweenScale="false" keyMode="8192">
              <elements>
<DOMShape isFloating="true">
                                             <fills>
  <FillStyle index="1">
    <SolidColor color="#000000" alpha="1.0"/>
  </FillStyle>
</fills>
                                             <strokes/>
  <edges>
    <Edge fillStyle0="0" fillStyle1="0" strokeStyle="0" edges="!0 0! 0 0"/>
    <Edge fillStyle0="0" fillStyle1="1" strokeStyle="0" edges="!0 0! 6641 3675[ 6666 3891 6679 4087[ 6723 4714 6632 4911[ 6540 5113 6008 5130[ 5827 5136 5619 5120| 5382 5092[ 5067 5033 4779 4923[ 4282 4731 4259 4496[ 4236 4264 4457 3657[ 4525 3466 4610 3262| 4681 3095| 4494 3708[ 4314 4353 4336 4508[ 4361 4675 4738 4828[ 5040 4950 5405 5010[ 5787 5073 6067 5068[ 6448 5061 6544 4924[ 6634 4796 6635 4134[ 6636 3929 6627 3693| 6618 3499| 6641 3675"/>
  </edges>
</DOMShape>
                                   </elements>
            </DOMFrame>
          </frames>
        </DOMLayer>
        <DOMLayer name="Layer 28">
          <frames>
            <DOMFrame index="0" motionTweenScale="false" keyMode="8192">
              <elements>
<DOMShape isFloating="true">
                                             <fills>
  <FillStyle index="1">
    <SolidColor color="#f4a057" alpha="1.0"/>
  </FillStyle>
</fills>
                                             <strokes/>
  <edges>
    <Edge fillStyle0="0" fillStyle1="0" strokeStyle="0" edges="!0 0! 0 0"/>
    <Edge fillStyle0="0" fillStyle1="1" strokeStyle="0" edges="!0 0! 4379 3993| 4300 4191[ 4235 4113 4252 4047[ 4264 4006 4323 3995| 4379 3993"/>
  </edges>
</DOMShape>
                                   </elements>
            </DOMFrame>
          </frames>
        </DOMLayer>
        <DOMLayer name="Layer 29">
          <frames>
            <DOMFrame index="0" motionTweenScale="false" keyMode="8192">
              <elements>
<DOMShape isFloating="true">
                                             <fills>
  <FillStyle index="1">
    <SolidColor color="#f4a057" alpha="1.0"/>
  </FillStyle>
</fills>
                                             <strokes/>
  <edges>
    <Edge fillStyle0="0" fillStyle1="0" strokeStyle="0" edges="!0 0! 0 0"/>
    <Edge fillStyle0="1" fillStyle1="0" strokeStyle="0" edges="!0 0! 6662 4307| 6677 4478[ 6745 4403 6736 4362[ 6730 4336 6695 4319| 6662 4307"/>
  </edges>
</DOMShape>
                                   </elements>
            </DOMFrame>
          </frames>
        </DOMLayer>
        <DOMLayer name="Layer 30">
          <frames>
            <DOMFrame index="0" motionTweenScale="false" keyMode="8192">
              <elements>
<DOMShape isFloating="true">
                                             <fills>
  <FillStyle index="1">
    <SolidColor color="#f4a057" alpha="1.0"/>
  </FillStyle>
</fills>
                                             <strokes/>
  <edges>
    <Edge fillStyle0="0" fillStyle1="0" strokeStyle="0" edges="!0 0! 0 0"/>
    <Edge fillStyle0="0" fillStyle1="1" strokeStyle="0" edges="!0 0! 5954 3248| 5850 3275[ 5741 3308 5719 3334[ 5700 3339 5682 3197[ 5665 3057 5676 3030[ 5683 3014 5415 3186[ 5281 3273 5146 3362| 4922 3394| 5781 2880| 5765 3231| 6000 3142| 6049 3346| 5954 3248"/>
  </edges>
</DOMShape>
                                   </elements>
            </DOMFrame>
          </frames>
        </DOMLayer>
        <DOMLayer name="Layer 31">
          <frames>
            <DOMFrame index="0" motionTweenScale="false" keyMode="8192">
              <elements>
<DOMShape isFloating="true">
                                             <fills>
  <FillStyle index="1">
    <SolidColor color="#f4a057" alpha="1.0"/>
  </FillStyle>
</fills>
                                             <strokes/>
  <edges>
    <Edge fillStyle0="0" fillStyle1="0" strokeStyle="0" edges="!0 0! 0 0"/>
    <Edge fillStyle0="1" fillStyle1="0" strokeStyle="0" edges="!0 0! 4872 3186| 4690 2993| 4599 3367| 4728 3129| 4872 3347| 5048 3057| 5165 3181| 5206 3137| 5067 2897| 4872 3186"/>
  </edges>
</DOMShape>
                                   </elements>
            </DOMFrame>
          </frames>
        </DOMLayer>
        <DOMLayer name="Layer 32">
          <frames>
            <DOMFrame index="0" motionTweenScale="false" keyMode="8192">
              <elements>
<DOMShape isFloating="true">
                                             <fills>
  <FillStyle index="1">
    <SolidColor color="#f4a057" alpha="1.0"/>
  </FillStyle>
</fills>
                                             <strokes/>
  <edges>
    <Edge fillStyle0="0" fillStyle1="0" strokeStyle="0" edges="!0 0! 0 0"/>
    <Edge fillStyle0="0" fillStyle1="1" strokeStyle="0" edges="!0 0! 6641 3697| 6663 3934| 6498 3579| 6252 3695| 6198 3444| 6058 3440| 6259 3320| 6307 3543| 6535 3432| 6641 3697"/>
  </edges>
</DOMShape>
                                   </elements>
            </DOMFrame>
          </frames>
        </DOMLayer>
        <DOMLayer name="Layer 33">
          <frames>
            <DOMFrame index="0" motionTweenScale="false" keyMode="8192">
              <elements>
<DOMShape isFloating="true">
                                             <fills>
  <FillStyle index="1">
    <SolidColor color="#f69c6b" alpha="1.0"/>
  </FillStyle>
</fills>
                                             <strokes/>
  <edges>
    <Edge fillStyle0="0" fillStyle1="0" strokeStyle="0" edges="!0 0! 0 0"/>
    <Edge fillStyle0="1" fillStyle1="0" strokeStyle="0" edges="!0 0! 5566 4035| 5557 4098| 5632 4198| 5543 4253| 5679 4202| 5566 4035"/>
  </edges>
</DOMShape>
                                   </elements>
            </DOMFrame>
          </frames>
        </DOMLayer>
        <DOMLayer name="Layer 34">
          <frames>
            <DOMFrame index="0" motionTweenScale="false" keyMode="8192">
              <elements>
<DOMShape isFloating="true">
                                             <fills>
  <FillStyle index="1">
    <SolidColor color="#f4a057" alpha="1.0"/>
  </FillStyle>
</fills>
                                             <strokes/>
  <edges>
    <Edge fillStyle0="0" fillStyle1="0" strokeStyle="0" edges="!0 0! 0 0"/>
    <Edge fillStyle0="1" fillStyle1="0" strokeStyle="0" edges="!0 0! 4645 3199| 4469 3764[ 4296 4344 4309 4423| 4320 4495| 4332 4545[ 4352 4585 4471 4712[ 4610 4883 5157 4991[ 5431 5045 5677 5064[ 5598 4899 5542 4874[ 5511 4860 5447 4874| 5329 4890[ 5292 4887 5187 4854[ 5066 4816 4951 4762[ 4622 4610 4545 4447[ 4472 4289 4551 3728[ 4575 3553 4613 3359| 4645 3199"/>
  </edges>
</DOMShape>
                                   </elements>
            </DOMFrame>
          </frames>
        </DOMLayer>
        <DOMLayer name="Layer 35">
          <frames>
            <DOMFrame index="0" motionTweenScale="false" keyMode="8192">
              <elements>
<DOMShape isFloating="true">
                                             <fills>
  <FillStyle index="1">
    <SolidColor color="#f4a057" alpha="1.0"/>
  </FillStyle>
</fills>
                                             <strokes/>
  <edges>
    <Edge fillStyle0="0" fillStyle1="0" strokeStyle="0" edges="!0 0! 0 0"/>
    <Edge fillStyle0="1" fillStyle1="0" strokeStyle="0" edges="!0 0! 6516 4808[ 6273 5033 5501 4970[ 5505 5000 5559 5038| 5665 5057| 5925 5081[ 6335 5095 6567 4949[ 6622 4853 6620 4703| 6610 4609| 6607 4647[ 6592 4738 6516 4808"/>
  </edges>
</DOMShape>
                                   </elements>
            </DOMFrame>
          </frames>
        </DOMLayer>
        <DOMLayer name="Layer 36">
          <frames>
            <DOMFrame index="0" motionTweenScale="false" keyMode="8192">
              <elements>
<DOMShape isFloating="true">
                                             <fills>
  <FillStyle index="1">
    <SolidColor color="#f5be8b" alpha="1.0"/>
  </FillStyle>
</fills>
                                             <strokes/>
  <edges>
    <Edge fillStyle0="0" fillStyle1="0" strokeStyle="0" edges="!0 0! 0 0"/>
    <Edge fillStyle0="1" fillStyle1="0" strokeStyle="0" edges="!0 0! 6509 3428| 6335 3525| 6245 3319| 6119 3405| 5999 3131| 5811 3199| 5781 2880| 5241 3180| 5085 2891| 4897 3177| 4854 3178| 4713 3001| 4620 3242| 4400 3890| 4309 3901[ 4212 3922 4188 3977[ 4161 4032 4224 4173[ 4254 4244 4289 4304| 4302 4516| 4320 4575[ 4355 4647 4444 4715[ 4729 4934 5438 5030[ 6147 5126 6446 5015[ 6540 4981 6580 4930| 6603 4886| 6665 4582[ 6698 4569 6734 4539[ 6804 4480 6810 4393[ 6816 4306 6743 4248[ 6719 4230 6690 4217| 6667 4208| 6632 3610| 6509 3428"/>
  </edges>
</DOMShape>
                                   </elements>
            </DOMFrame>
          </frames>
        </DOMLayer>
        <DOMLayer name="Layer 37">
          <frames>
            <DOMFrame index="0" motionTweenScale="false" keyMode="8192">
              <elements>
<DOMShape isFloating="true">
                                             <fills>
  <FillStyle index="1">
    <SolidColor color="#210000" alpha="1.0"/>
  </FillStyle>
</fills>
                                             <strokes/>
  <edges>
    <Edge fillStyle0="0" fillStyle1="0" strokeStyle="0" edges="!0 0! 0 0"/>
    <Edge fillStyle0="0" fillStyle1="1" strokeStyle="0" edges="!0 0! 6786 3526| 6699 4199| 4420 3869| 4384 3263| 4488 3311| 4647 2817| 4839 3081| 5223 2438| 5353 2934| 5716 2325| 5868 2795| 6165 2562| 6344 3216| 6612 3008| 6646 3557| 6786 3526"/>
  </edges>
</DOMShape>
                                   </elements>
            </DOMFrame>
          </frames>
        </DOMLayer>
        <DOMLayer name="Layer 38">
          <frames>
            <DOMFrame index="0" motionTweenScale="false" keyMode="8192">
              <elements>
<DOMShape isFloating="true">
                                             <fills>
  <FillStyle index="1">
    <SolidColor color="#3d0000" alpha="1.0"/>
  </FillStyle>
</fills>
                                             <strokes/>
  <edges>
    <Edge fillStyle0="0" fillStyle1="0" strokeStyle="0" edges="!0 0! 0 0"/>
    <Edge fillStyle0="1" fillStyle1="0" strokeStyle="0" edges="!0 0! 6490 3325| 6364 3448| 6236 3163| 6106 3319| 5969 3052| 5858 3164| 5856 2832| 5234 3133| 5099 2489| 4884 2813[ 4833 2767 4788 2699[ 4697 2562 4721 2451[ 4667 2442 4492 3152[ 4403 3508 4326 3866| 4408 3849| 4692 3059| 4853 3230| 5041 2995| 5221 3227| 5758 2958| 5792 3250| 5978 3199| 6102 3423[ 6171 3393 6240 3365| 6318 3552| 6509 3493| 6609 3695| 6656 4142| 6766 4208| 6820 4068| 6689 4028| 6661 3454| 6490 3325"/>
  </edges>
</DOMShape>
                                   </elements>
            </DOMFrame>
          </frames>
        </DOMLayer>
        <DOMLayer name="Layer 39">
          <frames>
            <DOMFrame index="0" motionTweenScale="false" keyMode="8192">
              <elements>
<DOMShape isFloating="true">
                                             <fills>
  <FillStyle index="1">
    <SolidColor color="#3d0000" alpha="1.0"/>
  </FillStyle>
</fills>
                                             <strokes/>
  <edges>
    <Edge fillStyle0="0" fillStyle1="0" strokeStyle="0" edges="!0 0! 0 0"/>
    <Edge fillStyle0="0" fillStyle1="1" strokeStyle="0" edges="!0 0! 6891 3412| 6759 4082| 6679 4035| 6663 3511| 6891 3412"/>
  </edges>
</DOMShape>
                                   </elements>
            </DOMFrame>
          </frames>
        </DOMLayer>
        <DOMLayer name="Layer 40">
          <frames>
            <DOMFrame index="0" motionTweenScale="false" keyMode="8192">
              <elements>
<DOMShape isFloating="true">
                                             <fills>
  <FillStyle index="1">
    <SolidColor color="#3d0000" alpha="1.0"/>
  </FillStyle>
</fills>
                                             <strokes/>
  <edges>
    <Edge fillStyle0="0" fillStyle1="0" strokeStyle="0" edges="!0 0! 0 0"/>
    <Edge fillStyle0="1" fillStyle1="0" strokeStyle="0" edges="!0 0! 6697 2677[ 6581 2924 6208 3324| 6395 3504| 6689 3527[ 6745 2697 6697 2677"/>
  </edges>
</DOMShape>
                                   </elements>
            </DOMFrame>
          </frames>
        </DOMLayer>
        <DOMLayer name="Layer 41">
          <frames>
            <DOMFrame index="0" motionTweenScale="false" keyMode="8192">
              <elements>
<DOMShape isFloating="true">
                                             <fills>
  <FillStyle index="1">
    <SolidColor color="#3d0000" alpha="1.0"/>
  </FillStyle>
</fills>
                                             <strokes/>
  <edges>
    <Edge fillStyle0="0" fillStyle1="0" strokeStyle="0" edges="!0 0! 0 0"/>
    <Edge fillStyle0="0" fillStyle1="1" strokeStyle="0" edges="!0 0! 5352 2090[ 5281 2228 5436 2623[ 5514 2822 5606 2992| 5252 3136| 5042 2980| 4913 3140| 4811 3039[ 4909 2826 5025 2600[ 5258 2148 5352 2090"/>
  </edges>
</DOMShape>
                                   </elements>
            </DOMFrame>
          </frames>
        </DOMLayer>
        <DOMLayer name="Layer 42">
          <frames>
            <DOMFrame index="0" motionTweenScale="false" keyMode="8192">
              <elements>
<DOMShape isFloating="true">
                                             <fills>
  <FillStyle index="1">
    <SolidColor color="#3d0000" alpha="1.0"/>
  </FillStyle>
</fills>
                                             <strokes/>
  <edges>
    <Edge fillStyle0="0" fillStyle1="0" strokeStyle="0" edges="!0 0! 0 0"/>
    <Edge fillStyle0="0" fillStyle1="1" strokeStyle="0" edges="!0 0! 5776 3202| 5350 2804| 5767 1970| 5966 3132| 5776 3202"/>
  </edges>
</DOMShape>
                                   </elements>
            </DOMFrame>
          </frames>
        </DOMLayer>
        <DOMLayer name="Layer 43">
          <frames>
            <DOMFrame index="0" motionTweenScale="false" keyMode="8192">
              <elements>
<DOMShape isFloating="true">
                                             <fills>
  <FillStyle index="1">
    <SolidColor color="#3d0000" alpha="1.0"/>
  </FillStyle>
</fills>
                                             <strokes/>
  <edges>
    <Edge fillStyle0="0" fillStyle1="0" strokeStyle="0" edges="!0 0! 0 0"/>
    <Edge fillStyle0="0" fillStyle1="1" strokeStyle="0" edges="!0 0! 6335 2762[ 6375 3040 6400 3311| 6084 3362| 5753 2865[ 5862 2748 5971 2605[ 6190 2316 6191 2175[ 6258 2206 6335 2762"/>
  </edges>
</DOMShape>
                                   </elements>
            </DOMFrame>
          </frames>
        </DOMLayer>
        <DOMLayer name="Layer 44">
          <frames>
            <DOMFrame index="0" motionTweenScale="false" keyMode="8192">
              <elements>
<DOMShape isFloating="true">
                                             <fills>
  <FillStyle index="1">
    <SolidColor color="#3d0000" alpha="1.0"/>
  </FillStyle>
</fills>
                                             <strokes/>
  <edges>
    <Edge fillStyle0="0" fillStyle1="0" strokeStyle="0" edges="!0 0! 0 0"/>
    <Edge fillStyle0="0" fillStyle1="1" strokeStyle="0" edges="!0 0! 4532 3276| 4373 3794| 4335 3140| 4532 3276"/>
  </edges>
</DOMShape>
                                   </elements>
            </DOMFrame>
          </frames>
        </DOMLayer>
        <DOMLayer name="Layer 45">
          <frames>
            <DOMFrame index="0" motionTweenScale="false" keyMode="8192">
              <elements>
<DOMShape isFloating="true">
                                             <fills>
  <FillStyle index="1">
    <SolidColor color="#7f0000" alpha="1.0"/>
  </FillStyle>
</fills>
                                             <strokes/>
  <edges>
    <Edge fillStyle0="0" fillStyle1="0" strokeStyle="0" edges="!6047 5389! 0 0"/>
    <Edge fillStyle0="0" fillStyle1="1" strokeStyle="0" edges="!0 0! 6812 2809[ 6812 3040 6800 3263[ 7151 3192 7114 3214[ 7030 3261 6909 3770[ 6848 4025 6803 4270| 4265 3899| 4243 2841| 4440 2991| 4738 2128| 4850 2429| 5385 1762| 5536 1957| 5845 1630| 5994 2003| 6239 1825| 6500 2624| 6603 2471[ 6713 2319 6750 2316[ 6812 2349 6812 2809"/>
  </edges>
</DOMShape>
                                   </elements>
            </DOMFrame>
          </frames>
        </DOMLayer>
        <DOMLayer name="Layer 46">
          <frames>
            <DOMFrame index="0" motionTweenScale="false" keyMode="8192">
              <elements>
<DOMShape isFloating="true">
                                             <fills>
  <FillStyle index="1">
    <SolidColor color="#000000" alpha="1.0"/>
  </FillStyle>
</fills>
                                             <strokes/>
  <edges>
    <Edge fillStyle0="0" fillStyle1="0" strokeStyle="0" edges="!0 0! 0 0"/>
    <Edge fillStyle0="1" fillStyle1="0" strokeStyle="0" edges="!0 0! 6047 5389[ 6005 5283 5835 5166| 5673 5070| 5911 5148[ 6156 5240 6214 5313[ 6280 5396 6272 5457[ 6268 5493 6244 5510| 6171 5514[ 6089 5492 6047 5389"/>
    <Edge fillStyle0="1" fillStyle1="0" strokeStyle="0" edges="!6047 5389! 6159 5555[ 6230 5575 6270 5545[ 6308 5516 6314 5462[ 6325 5382 6249 5287[ 6185 5206 5911 5123| 5634 5051| 5797 5171[ 5968 5308 6008 5406[ 6058 5528 6159 5555"/>
  </edges>
</DOMShape>
                                   </elements>
            </DOMFrame>
          </frames>
        </DOMLayer>
        <DOMLayer name="Layer 47">
          <frames>
            <DOMFrame index="0" motionTweenScale="false" keyMode="8192">
              <elements>
<DOMShape isFloating="true">
                                             <fills>
  <FillStyle index="1">
    <SolidColor color="#f4a057" alpha="1.0"/>
  </FillStyle>
</fills>
                                             <strokes/>
  <edges>
    <Edge fillStyle0="0" fillStyle1="0" strokeStyle="0" edges="!0 0! 0 0"/>
    <Edge fillStyle0="1" fillStyle1="0" strokeStyle="0" edges="!0 0! 5785 5124| 5917 5195[ 6057 5273 6097 5307[ 6130 5335 6133 5378[ 6137 5426 6162 5454[ 6214 5518 6293 5507| 6264 5321| 6117 5210| 5806 5098| 5772 5098| 5785 5124"/>
  </edges>
</DOMShape>
                                   </elements>
            </DOMFrame>
          </frames>
        </DOMLayer>
        <DOMLayer name="Layer 48">
          <frames>
            <DOMFrame index="0" motionTweenScale="false" keyMode="8192">
              <elements>
<DOMShape isFloating="true">
                                             <fills>
  <FillStyle index="1">
    <SolidColor color="#f5c4a0" alpha="1.0"/>
  </FillStyle>
</fills>
                                             <strokes/>
  <edges>
    <Edge fillStyle0="0" fillStyle1="0" strokeStyle="0" edges="!0 0! 0 0"/>
    <Edge fillStyle0="0" fillStyle1="1" strokeStyle="0" edges="!0 0! 5812 5163| 5646 5052| 5902 5130[ 6169 5223 6232 5300[ 6297 5383 6294 5451[ 6291 5501 6256 5527[ 6221 5556 6154 5531[ 6070 5501 6028 5397[ 5986 5295 5812 5163"/>
  </edges>
</DOMShape>
                                   </elements>
            </DOMFrame>
          </frames>
        </DOMLayer>
        <DOMLayer name="Layer 49">
          <frames>
            <DOMFrame index="0" motionTweenScale="false" keyMode="8192">
              <elements>
<DOMShape isFloating="true">
                                             <fills>
  <FillStyle index="1">
    <SolidColor color="#000000" alpha="1.0"/>
  </FillStyle>
</fills>
                                             <strokes/>
  <edges>
    <Edge fillStyle0="0" fillStyle1="0" strokeStyle="0" edges="!0 0! 0 0"/>
    <Edge fillStyle0="0" fillStyle1="1" strokeStyle="0" edges="!0 0! 5588 5123[ 5604 5105 5613 5083| 5620 5063| 5669 5084| 5658 5105| 5621 5151[ 5551 5217 5447 5214[ 5343 5211 5282 5141[ 5263 5120 5251 5094| 5243 5073| 5293 5060| 5298 5078[ 5306 5100 5320 5119[ 5364 5177 5452 5180[ 5539 5183 5588 5123"/>
  </edges>
</DOMShape>
                                   </elements>
            </DOMFrame>
          </frames>
        </DOMLayer>
        <DOMLayer name="Layer 50">
          <frames>
            <DOMFrame index="0" motionTweenScale="false" keyMode="8192">
              <elements>
<DOMShape isFloating="true">
                                             <fills>
  <FillStyle index="1">
    <SolidColor color="#000000" alpha="1.0"/>
  </FillStyle>
</fills>
                                             <strokes/>
  <edges>
    <Edge fillStyle0="0" fillStyle1="0" strokeStyle="0" edges="!0 0! 0 0"/>
    <Edge fillStyle0="0" fillStyle1="1" strokeStyle="0" edges="!0 0! 5214 5038| 5174 5282[ 5139 5533 5165 5563[ 5215 5621 5478 5637[ 5683 5648 5726 5573[ 5745 5539 5672 5062| 5695 5046[ 5789 5566 5782 5605[ 5775 5639 5699 5664[ 5609 5694 5478 5687[ 5137 5669 5106 5595[ 5089 5556 5138 5287| 5191 5026| 5214 5038"/>
  </edges>
</DOMShape>
                                   </elements>
            </DOMFrame>
          </frames>
        </DOMLayer>
        <DOMLayer name="Layer 51">
          <frames>
            <DOMFrame index="0" motionTweenScale="false" keyMode="8192">
              <elements>
<DOMShape isFloating="true">
                                             <fills>
  <FillStyle index="1">
    <SolidColor color="#f4a057" alpha="1.0"/>
  </FillStyle>
</fills>
                                             <strokes/>
  <edges>
    <Edge fillStyle0="0" fillStyle1="0" strokeStyle="0" edges="!0 0! 0 0"/>
    <Edge fillStyle0="0" fillStyle1="1" strokeStyle="0" edges="!0 0! 5632 5081| 5625 5099| 5599 5140[ 5550 5200 5461 5204[ 5372 5208 5313 5133| 5281 5081| 5272 5057| 5632 5081"/>
  </edges>
</DOMShape>
                                   </elements>
            </DOMFrame>
          </frames>
        </DOMLayer>
        <DOMLayer name="Layer 52">
          <frames>
            <DOMFrame index="0" motionTweenScale="false" keyMode="8192">
              <elements>
<DOMShape isFloating="true">
                                             <fills>
  <FillStyle index="1">
    <SolidColor color="#7f0000" alpha="1.0"/>
  </FillStyle>
</fills>
                                             <strokes/>
  <edges>
    <Edge fillStyle0="0" fillStyle1="0" strokeStyle="0" edges="!0 0! 0 0"/>
    <Edge fillStyle0="0" fillStyle1="1" strokeStyle="0" edges="!0 0! 5441 5363[ 5423 5390 5440 5421[ 5455 5451 5441 5469[ 5427 5487 5400 5477[ 5382 5470 5382 5498[ 5382 5527 5419 5520[ 5469 5512 5492 5532[ 5539 5575 5522 5664| 5191 5638| 5120 5573| 5183 5079| 5272 5057| 5594 5143| 5441 5363"/>
  </edges>
</DOMShape>
                                   </elements>
            </DOMFrame>
          </frames>
        </DOMLayer>
        <DOMLayer name="Layer 53">
          <frames>
            <DOMFrame index="0" motionTweenScale="false" keyMode="8192">
              <elements>
<DOMShape isFloating="true">
                                             <fills>
  <FillStyle index="1">
    <SolidColor color="#bf0000" alpha="1.0"/>
  </FillStyle>
</fills>
                                             <strokes/>
  <edges>
    <Edge fillStyle0="0" fillStyle1="0" strokeStyle="0" edges="!4915 5861! 0 0"/>
    <Edge fillStyle0="0" fillStyle1="1" strokeStyle="0" edges="!0 0! 5120 5573| 5193 5034| 5695 5055| 5750 5617| 5432 5671| 5120 5573"/>
  </edges>
</DOMShape>
                                   </elements>
            </DOMFrame>
          </frames>
        </DOMLayer>
        <DOMLayer name="Layer 54">
          <frames>
            <DOMFrame index="0" motionTweenScale="false" keyMode="8192">
              <elements>
<DOMShape isFloating="true">
                                             <fills>
  <FillStyle index="1">
    <SolidColor color="#000000" alpha="1.0"/>
  </FillStyle>
</fills>
                                             <strokes/>
  <edges>
    <Edge fillStyle0="0" fillStyle1="0" strokeStyle="0" edges="!0 0! 0 0"/>
    <Edge fillStyle0="1" fillStyle1="0" strokeStyle="0" edges="!0 0! 4915 5861[ 4906 5900 4914 5924[ 4922 5950 5010 5987[ 5077 6014 5139 6029[ 5232 6052 5256 6028[ 5276 6008 5284 5967[ 5294 5918 5282 5875[ 5255 5779 5133 5749[ 5016 5719 4955 5782[ 4925 5813 4915 5861"/>
    <Edge fillStyle0="1" fillStyle1="0" strokeStyle="0" edges="!4915 5861! 4949 5913[ 4944 5897 4951 5869[ 4959 5831 4982 5808[ 5027 5760 5123 5784[ 5224 5810 5247 5886[ 5256 5920 5249 5958[ 5242 5989 5231 6002[ 5209 6015 5086 5975[ 4965 5936 4948 5912| 4949 5913"/>
  </edges>
</DOMShape>
                                   </elements>
            </DOMFrame>
          </frames>
        </DOMLayer>
        <DOMLayer name="Layer 55">
          <frames>
            <DOMFrame index="0" motionTweenScale="false" keyMode="8192">
              <elements>
<DOMShape isFloating="true">
                                             <fills>
  <FillStyle index="1">
    <SolidColor color="#301900" alpha="1.0"/>
  </FillStyle>
</fills>
                                             <strokes/>
  <edges>
    <Edge fillStyle0="0" fillStyle1="0" strokeStyle="0" edges="!0 0! 0 0"/>
    <Edge fillStyle0="0" fillStyle1="1" strokeStyle="0" edges="!0 0! 4954 5812| 4986 5859[ 5029 5911 5077 5932[ 5155 5966 5262 5935| 5239 6035| 5033 5994| 4932 5926| 4954 5812"/>
  </edges>
</DOMShape>
                                   </elements>
            </DOMFrame>
          </frames>
        </DOMLayer>
        <DOMLayer name="Layer 56">
          <frames>
            <DOMFrame index="0" motionTweenScale="false" keyMode="8192">
              <elements>
<DOMShape isFloating="true">
                                             <fills>
  <FillStyle index="1">
    <SolidColor color="#7a510a" alpha="1.0"/>
  </FillStyle>
</fills>
                                             <strokes/>
  <edges>
    <Edge fillStyle0="0" fillStyle1="0" strokeStyle="0" edges="!5651 6153! 0 0"/>
    <Edge fillStyle0="1" fillStyle1="0" strokeStyle="0" edges="!0 0! 4932 5918[ 4939 5946 5079 5992[ 5220 6039 5243 6015[ 5282 5975 5268 5897[ 5250 5797 5128 5766[ 5007 5736 4955 5811[ 4917 5869 4932 5918"/>
  </edges>
</DOMShape>
                                   </elements>
            </DOMFrame>
          </frames>
        </DOMLayer>
        <DOMLayer name="Layer 57">
          <frames>
            <DOMFrame index="0" motionTweenScale="false" keyMode="8192">
              <elements>
<DOMShape isFloating="true">
                                             <fills>
  <FillStyle index="1">
    <SolidColor color="#000000" alpha="1.0"/>
  </FillStyle>
</fills>
                                             <strokes/>
  <edges>
    <Edge fillStyle0="0" fillStyle1="0" strokeStyle="0" edges="!0 0! 0 0"/>
    <Edge fillStyle0="1" fillStyle1="0" strokeStyle="0" edges="!0 0! 5651 6153[ 5670 6133 5680 6091[ 5691 6042 5677 5997[ 5650 5898 5525 5867[ 5406 5836 5343 5902[ 5312 5934 5301 5982[ 5294 6021 5300 6046[ 5309 6074 5399 6111[ 5465 6138 5531 6154[ 5628 6178 5651 6153"/>
    <Edge fillStyle0="1" fillStyle1="0" strokeStyle="0" edges="!5651 6153! 5643 6082[ 5636 6115 5624 6127[ 5599 6138 5478 6099[ 5352 6059 5336 6033| 5336 6036[ 5331 6019 5338 5989[ 5347 5951 5370 5928[ 5417 5879 5516 5904[ 5619 5929 5641 6008[ 5651 6042 5643 6082"/>
  </edges>
</DOMShape>
                                   </elements>
            </DOMFrame>
          </frames>
        </DOMLayer>
        <DOMLayer name="Layer 58">
          <frames>
            <DOMFrame index="0" motionTweenScale="false" keyMode="8192">
              <elements>
<DOMShape isFloating="true">
                                             <fills>
  <FillStyle index="1">
    <SolidColor color="#301900" alpha="1.0"/>
  </FillStyle>
</fills>
                                             <strokes/>
  <edges>
    <Edge fillStyle0="0" fillStyle1="0" strokeStyle="0" edges="!0 0! 0 0"/>
    <Edge fillStyle0="0" fillStyle1="1" strokeStyle="0" edges="!0 0! 5633 6160| 5422 6118| 5319 6049| 5342 5931| 5374 5980[ 5418 6033 5467 6054[ 5547 6089 5657 6058| 5633 6160"/>
  </edges>
</DOMShape>
                                   </elements>
            </DOMFrame>
          </frames>
        </DOMLayer>
        <DOMLayer name="Layer 59">
          <frames>
            <DOMFrame index="0" motionTweenScale="false" keyMode="8192">
              <elements>
<DOMShape isFloating="true">
                                             <fills>
  <FillStyle index="1">
    <SolidColor color="#7a510a" alpha="1.0"/>
  </FillStyle>
</fills>
                                             <strokes/>
  <edges>
    <Edge fillStyle0="0" fillStyle1="0" strokeStyle="0" edges="!5148 5427! 0 0"/>
    <Edge fillStyle0="1" fillStyle1="0" strokeStyle="0" edges="!0 0! 5663 6019[ 5645 5917 5520 5884[ 5396 5853 5342 5931[ 5303 5989 5318 6041[ 5327 6070 5470 6117[ 5614 6164 5637 6140[ 5677 6099 5663 6019"/>
  </edges>
</DOMShape>
                                   </elements>
            </DOMFrame>
          </frames>
        </DOMLayer>
        <DOMLayer name="Layer 60">
          <frames>
            <DOMFrame index="0" motionTweenScale="false" keyMode="8192">
              <elements>
<DOMShape isFloating="true">
                                             <fills>
  <FillStyle index="1">
    <SolidColor color="#000000" alpha="1.0"/>
  </FillStyle>
</fills>
                                             <strokes/>
  <edges>
    <Edge fillStyle0="0" fillStyle1="0" strokeStyle="0" edges="!0 0! 0 0"/>
    <Edge fillStyle0="1" fillStyle1="0" strokeStyle="0" edges="!0 0! 5148 5427[ 4972 5712 4980 5767[ 4989 5819 5197 5882[ 5309 5914 5330 5896| 5331 5900[ 5339 5932 5483 5976[ 5662 6031 5689 6008[ 5713 5984 5747 5634| 5749 5618| 5157 5413| 5148 5427"/>
    <Edge fillStyle0="1" fillStyle1="0" strokeStyle="0" edges="!5148 5427! 5705 5646[ 5677 5928 5662 5974[ 5630 5976 5515 5942[ 5390 5906 5369 5887| 5370 5890| 5369 5886| 5369 5887[ 5367 5859 5409 5745| 5371 5728| 5303 5864[ 5268 5865 5155 5826[ 5033 5783 5021 5760[ 5018 5717 5176 5463| 5705 5646"/>
  </edges>
</DOMShape>
                                   </elements>
            </DOMFrame>
          </frames>
        </DOMLayer>
        <DOMLayer name="Layer 61">
          <frames>
            <DOMFrame index="0" motionTweenScale="false" keyMode="8192">
              <elements>
<DOMShape isFloating="true">
                                             <fills>
  <FillStyle index="1">
    <SolidColor color="#d8e4e9" alpha="1.0"/>
  </FillStyle>
</fills>
                                             <strokes/>
  <edges>
    <Edge fillStyle0="0" fillStyle1="0" strokeStyle="0" edges="!0 0! 0 0"/>
    <Edge fillStyle0="0" fillStyle1="1" strokeStyle="0" edges="!0 0! 5132 5515| 5701 5701| 5708 5755| 5677 5729| 5682 5743[ 5681 5758 5661 5770[ 5629 5790 5585 5735[ 5574 5796 5551 5784[ 5543 5781 5539 5750[ 5535 5721 5509 5715[ 5486 5710 5478 5721[ 5470 5733 5452 5731[ 5426 5728 5419 5713| 5417 5698[ 5399 5705 5383 5713| 5395 5744| 5298 5887| 5049 5806[ 5036 5763 5049 5730[ 5056 5716 5076 5723[ 5095 5730 5103 5702[ 5113 5670 5124 5589| 5132 5515"/>
  </edges>
</DOMShape>
                                   </elements>
            </DOMFrame>
          </frames>
        </DOMLayer>
        <DOMLayer name="Layer 62">
          <frames>
            <DOMFrame index="0" motionTweenScale="false" keyMode="8192">
              <elements>
<DOMShape isFloating="true">
                                             <fills>
  <FillStyle index="1">
    <SolidColor color="#ffffff" alpha="1.0"/>
  </FillStyle>
</fills>
                                             <strokes/>
  <edges>
    <Edge fillStyle0="0" fillStyle1="0" strokeStyle="0" edges="!0 0! 0 0"/>
    <Edge fillStyle0="1" fillStyle1="0" strokeStyle="0" edges="!0 0! 5080 5582[ 4996 5733 5001 5763[ 5006 5797 5155 5846[ 5301 5896 5315 5881| 5390 5737| 5367 5805[ 5345 5876 5351 5895[ 5357 5918 5509 5962[ 5660 6006 5675 5993[ 5693 5977 5727 5632| 5167 5437| 5080 5582"/>
  </edges>
</DOMShape>
                                   </elements>
            </DOMFrame>
          </frames>
        </DOMLayer>
        <DOMLayer name="Layer 63">
          <frames>
            <DOMFrame index="0" motionTweenScale="false" keyMode="8192">
              <elements>
<DOMShape isFloating="true">
                                             <fills>
  <FillStyle index="1">
    <SolidColor color="#666666" alpha="1.0"/>
  </FillStyle>
</fills>
                                             <strokes/>
  <edges>
    <Edge fillStyle0="0" fillStyle1="0" strokeStyle="0" edges="!0 0! 0 0"/>
    <Edge fillStyle0="0" fillStyle1="1" strokeStyle="0" edges="!0 0! 6272 4115[ 6550 4115 6746 4283[ 6943 4451 6943 4689[ 6943 4926 6746 5094[ 6550 5262 6272 5262| 6137 5252[ 6091 5387 5966 5494[ 5798 5637 5571 5658[ 5543 5846 5380 5986[ 5183 6154 4905 6154[ 4627 6154 4430 5986[ 4287 5863 4249 5704[ 4096 5784 3905 5784[ 3626 5784 3429 5616[ 3368 5563 3326 5505| 3294 5505[ 3016 5505 2819 5337[ 2623 5169 2623 4932[ 2623 4694 2819 4526[ 3016 4358 3294 4358| 3306 4358[ 3352 4281 3429 4215[ 3626 4047 3905 4048| 3941 4049[ 3947 3820 4137 3657[ 4334 3489 4612 3490[ 4890 3489 5087 3657[ 5206 3759 5253 3887[ 5353 3859 5467 3859[ 5745 3859 5941 4027[ 6006 4082 6050 4145[ 6153 4115 6272 4115"/>
  </edges>
</DOMShape>
                                   </elements>
            </DOMFrame>
          </frames>
        </DOMLayer>
        <DOMLayer name="Layer 64">
          <frames>
            <DOMFrame index="0" motionTweenScale="false" keyMode="8192">
              <elements>
<DOMShape isFloating="true">
                                             <fills>
  <FillStyle index="1">
    <SolidColor color="#999999" alpha="1.0"/>
  </FillStyle>
</fills>
                                             <strokes/>
  <edges>
    <Edge fillStyle0="0" fillStyle1="0" strokeStyle="0" edges="!0 0! 0 0"/>
    <Edge fillStyle0="0" fillStyle1="1" strokeStyle="0" edges="!0 0! 6560 3438[ 6838 3437 7035 3605[ 7154 3707 7201 3835[ 7301 3807 7415 3807[ 7693 3807 7889 3975[ 7954 4030 7998 4093[ 8101 4063 8220 4063[ 8498 4063 8694 4231[ 8891 4399 8891 4637[ 8891 4874 8694 5042[ 8498 5210 8220 5210| 8085 5200[ 8039 5335 7914 5442[ 7746 5585 7519 5606[ 7491 5794 7328 5934[ 7131 6102 6853 6102[ 6575 6102 6378 5934[ 6235 5811 6197 5652[ 6044 5732 5853 5732[ 5574 5732 5377 5564[ 5316 5511 5274 5453| 5242 5453[ 4964 5453 4767 5285[ 4571 5117 4571 4880[ 4571 4642 4767 4474[ 4964 4306 5242 4306| 5254 4306[ 5300 4229 5377 4163[ 5574 3995 5853 3996| 5889 3997[ 5895 3768 6085 3605[ 6282 3437 6560 3438"/>
  </edges>
</DOMShape>
                                   </elements>
            </DOMFrame>
          </frames>
        </DOMLayer>
        <DOMLayer name="Layer 65">
          <frames>
            <DOMFrame index="0" motionTweenScale="false" keyMode="8192">
              <elements>
                                        <DOMShape isFloating="true">
                                             <fills>
  <FillStyle index="1">
    <SolidColor color="#cccccc" alpha="0.5019608"/>
  </FillStyle>
</fills>
                                             <strokes/>
  <edges>
    <Edge fillStyle1="1" edges="!0 0! 7282 2305[ 7465 2305 7594 2415[ 7637 2451 7665 2493[ 7733 2473 7811 2473[ 7993 2473 8122 2582[ 8251 2693 8251 2849[ 8251 3005 8122 3115[ 7993 3225 7811 3225| 7723 3219[ 7692 3307 7610 3377[ 7500 3472 7351 3486[ 7333 3609 7225 3700[ 7096 3810 6914 3810[ 6731 3810 6602 3700[ 6509 3620 6483 3516[ 6383 3568 6257 3568[ 6075 3568 5945 3457[ 5905 3423 5878 3384| 5857 3385[ 5674 3385 5545 3275[ 5416 3165 5416 3008[ 5416 2852 5545 2742[ 5674 2632 5857 2632| 5864 2632[ 5895 2582 5945 2538[ 6075 2428 6257 2428| 6281 2429[ 6285 2279 6410 2172[ 6539 2062 6722 2062[ 6904 2062 7033 2172[ 7112 2239 7143 2323[ 7208 2305 7282 2305"/>
  </edges>
</DOMShape>
                                   </elements>
            </DOMFrame>
          </frames>
        </DOMLayer>
      </layers>
    </DOMTimeline>
  </timeline>
</DOMSymbolItem>
