<DOMSymbolItem xmlns="http://ns.adobe.com/xfl/2008/" xmlns:xsi="http://www.w3.org/2001/XMLSchema-instance" name="Symbol 164" lastModified="1635072455" symbolType="graphic">
  <timeline>
    <DOMTimeline name="Symbol 164" currentFrame="0">
      <layers>
        <DOMLayer name="Layer 1">
          <frames>
            <DOMFrame index="0" motionTweenScale="false" keyMode="8192">
              <elements>
<DOMShape isFloating="true">
                                             <fills>
  <FillStyle index="1">
    <SolidColor color="#cccccc" alpha="0.5019608"/>
  </FillStyle>
</fills>
                                             <strokes/>
  <edges>
    <Edge fillStyle0="0" fillStyle1="0" strokeStyle="0" edges="!0 0! 0 0"/>
    <Edge fillStyle0="0" fillStyle1="1" strokeStyle="0" edges="!0 0! 3586 3503[ 3769 3503 3898 3613[ 3941 3649 3969 3691[ 4037 3671 4115 3671[ 4297 3671 4426 3780[ 4555 3891 4555 4047[ 4555 4203 4426 4313[ 4297 4423 4115 4423| 4027 4417[ 3996 4505 3914 4575[ 3804 4670 3655 4684[ 3637 4807 3529 4898[ 3400 5008 3218 5008[ 3035 5008 2906 4898[ 2813 4818 2787 4714[ 2687 4766 2561 4766[ 2379 4766 2249 4655[ 2209 4621 2182 4582| 2161 4583[ 1978 4583 1849 4473[ 1720 4363 1720 4206[ 1720 4050 1849 3940[ 1978 3830 2161 3830| 2168 3830[ 2199 3780 2249 3736[ 2379 3626 2561 3626| 2585 3627[ 2589 3477 2714 3370[ 2843 3260 3026 3260[ 3208 3260 3337 3370[ 3416 3437 3447 3521[ 3512 3503 3586 3503"/>
  </edges>
</DOMShape>
                                   </elements>
            </DOMFrame>
          </frames>
        </DOMLayer>
        <DOMLayer name="Layer 2">
          <frames>
            <DOMFrame index="0" motionTweenScale="false" keyMode="8192">
              <elements>
<DOMShape isFloating="true">
                                             <fills>
  <FillStyle index="1">
    <SolidColor color="#ffffff" alpha="1.0"/>
  </FillStyle>
</fills>
                                             <strokes/>
  <edges>
    <Edge fillStyle0="0" fillStyle1="0" strokeStyle="0" edges="!0 0! 0 0"/>
    <Edge fillStyle0="0" fillStyle1="1" strokeStyle="0" edges="!0 0! 5013 4659[ 5027 4631 5082 4620[ 5136 4607 5157 4629[ 5233 4712 5212 4752[ 5200 4778 5105 4791| 5000 4788[ 4990 4773 4995 4729[ 4999 4687 5013 4659"/>
  </edges>
</DOMShape>
                                   </elements>
            </DOMFrame>
          </frames>
        </DOMLayer>
        <DOMLayer name="Layer 3">
          <frames>
            <DOMFrame index="0" motionTweenScale="false" keyMode="8192">
              <elements>
<DOMShape isFloating="true">
                                             <fills>
  <FillStyle index="1">
    <SolidColor color="#000000" alpha="1.0"/>
  </FillStyle>
</fills>
                                             <strokes/>
  <edges>
    <Edge fillStyle0="0" fillStyle1="0" strokeStyle="0" edges="!0 0! 0 0"/>
    <Edge fillStyle0="0" fillStyle1="1" strokeStyle="0" edges="!0 0! 4958 4821[ 4943 4800 4950 4738[ 4957 4679 4976 4640[ 4995 4602 5071 4585[ 5149 4567 5178 4598[ 5285 4713 5256 4771[ 5238 4806 5106 4825| 5010 4832[ 4966 4831 4958 4821"/>
  </edges>
</DOMShape>
                                   </elements>
            </DOMFrame>
          </frames>
        </DOMLayer>
        <DOMLayer name="Layer 4">
          <frames>
            <DOMFrame index="0" motionTweenScale="false" keyMode="8192">
              <elements>
<DOMShape isFloating="true">
                                             <fills>
  <FillStyle index="1">
    <SolidColor color="#000000" alpha="1.0"/>
  </FillStyle>
</fills>
                                             <strokes/>
  <edges>
    <Edge fillStyle0="0" fillStyle1="0" strokeStyle="0" edges="!0 0! 0 0"/>
    <Edge fillStyle0="0" fillStyle1="1" strokeStyle="0" edges="!0 0! 5378 4167| 5408 4207[ 5446 4239 5499 4208[ 5541 4183 5536 4148| 5515 4127[ 5496 4111 5488 4116[ 5472 4125 5475 4140[ 5477 4154 5470 4158[ 5457 4166 5448 4158| 5442 4147[ 5422 4112 5467 4087[ 5527 4052 5568 4133[ 5578 4149 5570 4177[ 5561 4216 5520 4240[ 5442 4286 5388 4242| 5358 4206| 5350 4186| 5325 4139[ 5319 4089 5398 4044[ 5413 4035 5423 4053[ 5430 4064 5418 4079[ 5363 4109 5364 4128[ 5365 4144 5378 4167"/>
  </edges>
</DOMShape>
                                   </elements>
            </DOMFrame>
          </frames>
        </DOMLayer>
        <DOMLayer name="Layer 5">
          <frames>
            <DOMFrame index="0" motionTweenScale="false" keyMode="8192">
              <elements>
<DOMShape isFloating="true">
                                             <fills>
  <FillStyle index="1">
    <SolidColor color="#000000" alpha="1.0"/>
  </FillStyle>
</fills>
                                             <strokes/>
  <edges>
    <Edge fillStyle0="0" fillStyle1="0" strokeStyle="0" edges="!5334 5064! 0 0"/>
    <Edge fillStyle0="0" fillStyle1="1" strokeStyle="0" edges="!0 0! 4443 4244| 4448 4294[ 4465 4340 4527 4340[ 4575 4340 4588 4307| 4581 4277[ 4572 4255 4562 4255[ 4545 4255 4540 4270| 4525 4283[ 4510 4283 4508 4272| 4508 4260[ 4508 4219 4559 4219[ 4629 4219 4624 4310[ 4624 4329 4604 4350[ 4576 4379 4528 4379[ 4437 4379 4413 4314[ 4406 4293 4406 4268| 4407 4247| 4409 4193[ 4429 4147 4520 4147[ 4539 4147 4538 4168[ 4538 4181 4520 4188[ 4458 4187 4449 4204[ 4443 4218 4443 4244"/>
  </edges>
</DOMShape>
                                   </elements>
            </DOMFrame>
          </frames>
        </DOMLayer>
        <DOMLayer name="Layer 6">
          <frames>
            <DOMFrame index="0" motionTweenScale="false" keyMode="8192">
              <elements>
<DOMShape isFloating="true">
                                             <fills>
  <FillStyle index="1">
    <SolidColor color="#000000" alpha="1.0"/>
  </FillStyle>
</fills>
                                             <strokes/>
  <edges>
    <Edge fillStyle0="0" fillStyle1="0" strokeStyle="0" edges="!0 0! 0 0"/>
    <Edge fillStyle0="1" fillStyle1="0" strokeStyle="0" edges="!0 0! 5334 5064[ 5456 4983 5483 4927[ 5519 4850 5587 4835[ 5634 4825 5658 4846[ 5682 4864 5684 4901[ 5620 5119 5228 5144[ 5225 5137 5334 5064"/>
    <Edge fillStyle0="1" fillStyle1="0" strokeStyle="0" edges="!5334 5064! 5401 5087[ 5552 5035 5583 5005[ 5659 4932 5656 4903[ 5654 4879 5640 4868[ 5625 4855 5593 4862[ 5538 4875 5508 4938[ 5457 5046 5253 5134| 5401 5087"/>
  </edges>
</DOMShape>
                                   </elements>
            </DOMFrame>
          </frames>
        </DOMLayer>
        <DOMLayer name="Layer 7">
          <frames>
            <DOMFrame index="0" motionTweenScale="false" keyMode="8192">
              <elements>
<DOMShape isFloating="true">
                                             <fills>
  <FillStyle index="1">
    <SolidColor color="#f4a057" alpha="1.0"/>
  </FillStyle>
</fills>
                                             <strokes/>
  <edges>
    <Edge fillStyle0="0" fillStyle1="0" strokeStyle="0" edges="!0 0! 0 0"/>
    <Edge fillStyle0="1" fillStyle1="0" strokeStyle="0" edges="!0 0! 5328 5103| 5416 5061| 5536 4995[ 5558 4977 5562 4950[ 5567 4919 5584 4901[ 5620 4863 5671 4872| 5631 4969| 5548 5042| 5341 5120| 5318 5120| 5328 5103"/>
  </edges>
</DOMShape>
                                   </elements>
            </DOMFrame>
          </frames>
        </DOMLayer>
        <DOMLayer name="Layer 8">
          <frames>
            <DOMFrame index="0" motionTweenScale="false" keyMode="8192">
              <elements>
<DOMShape isFloating="true">
                                             <fills>
  <FillStyle index="1">
    <SolidColor color="#f5c4a0" alpha="1.0"/>
  </FillStyle>
</fills>
                                             <strokes/>
  <edges>
    <Edge fillStyle0="0" fillStyle1="0" strokeStyle="0" edges="!0 0! 0 0"/>
    <Edge fillStyle0="0" fillStyle1="1" strokeStyle="0" edges="!0 0! 5235 5144| 5397 5096[ 5568 5038 5612 4991[ 5696 4896 5649 4857[ 5626 4838 5583 4850[ 5527 4867 5496 4933[ 5446 5038 5235 5144"/>
  </edges>
</DOMShape>
                                   </elements>
            </DOMFrame>
          </frames>
        </DOMLayer>
        <DOMLayer name="Layer 9">
          <frames>
            <DOMFrame index="0" motionTweenScale="false" keyMode="8192">
              <elements>
<DOMShape isFloating="true">
                                             <fills>
  <FillStyle index="1">
    <SolidColor color="#ffa800" alpha="1.0"/>
  </FillStyle>
</fills>
                                             <strokes/>
  <edges>
    <Edge fillStyle0="0" fillStyle1="0" strokeStyle="0" edges="!0 0! 0 0"/>
    <Edge fillStyle0="1" fillStyle1="0" strokeStyle="0" edges="!0 0! 5032 2476[ 4438 2388 4088 2632[ 3808 2828 3697 3227[ 3618 3511 3631 3870[ 3637 4048 3659 4170| 3711 4144[ 3701 4021 3708 3844[ 3722 3488 3810 3207[ 3934 2815 4191 2631[ 4512 2402 5021 2513[ 5299 2375 5520 2563[ 5698 2713 5829 3062[ 5923 3311 5986 3635[ 6018 3798 6029 3910| 6116 3935[ 6104 3823 6072 3661[ 6008 3336 5909 3081[ 5769 2727 5578 2564[ 5338 2363 5032 2476"/>
  </edges>
</DOMShape>
                                   </elements>
            </DOMFrame>
          </frames>
        </DOMLayer>
        <DOMLayer name="Layer 10">
          <frames>
            <DOMFrame index="0" motionTweenScale="false" keyMode="8192">
              <elements>
<DOMShape isFloating="true">
                                             <fills>
  <FillStyle index="1">
    <SolidColor color="#f69c6b" alpha="1.0"/>
  </FillStyle>
</fills>
                                             <strokes/>
  <edges>
    <Edge fillStyle0="0" fillStyle1="0" strokeStyle="0" edges="!0 0! 0 0"/>
    <Edge fillStyle0="1" fillStyle1="0" strokeStyle="0" edges="!0 0! 5030 4356| 5020 4437| 5074 4405| 5030 4356"/>
  </edges>
</DOMShape>
                                   </elements>
            </DOMFrame>
          </frames>
        </DOMLayer>
        <DOMLayer name="Layer 11">
          <frames>
            <DOMFrame index="0" motionTweenScale="false" keyMode="8192">
              <elements>
<DOMShape isFloating="true">
                                             <fills>
  <FillStyle index="1">
    <SolidColor color="#000000" alpha="1.0"/>
  </FillStyle>
</fills>
                                             <strokes/>
  <edges>
    <Edge fillStyle0="0" fillStyle1="0" strokeStyle="0" edges="!0 0! 0 0"/>
    <Edge fillStyle0="0" fillStyle1="1" strokeStyle="0" edges="!0 0! 4209 4034[ 4298 4058 4397 4018[ 4556 3954 4588 3880| 4560 3879[ 4459 3963 4388 3994[ 4302 4032 4211 4021| 4138 4001| 4156 4012| 4209 4034"/>
  </edges>
</DOMShape>
                                   </elements>
            </DOMFrame>
          </frames>
        </DOMLayer>
        <DOMLayer name="Layer 12">
          <frames>
            <DOMFrame index="0" motionTweenScale="false" keyMode="8192">
              <elements>
<DOMShape isFloating="true">
                                             <fills>
  <FillStyle index="1">
    <SolidColor color="#000000" alpha="1.0"/>
  </FillStyle>
</fills>
                                             <strokes/>
  <edges>
    <Edge fillStyle0="0" fillStyle1="0" strokeStyle="0" edges="!0 0! 0 0"/>
    <Edge fillStyle0="0" fillStyle1="1" strokeStyle="0" edges="!0 0! 5254 3844| 5282 3845| 5364 3881[ 5429 3910 5475 3919[ 5569 3935 5653 3902[ 5696 3886 5720 3866[ 5700 3892 5660 3915[ 5577 3960 5472 3943[ 5367 3927 5300 3888| 5255 3853| 5254 3844"/>
  </edges>
</DOMShape>
                                   </elements>
            </DOMFrame>
          </frames>
        </DOMLayer>
        <DOMLayer name="Layer 13">
          <frames>
            <DOMFrame index="0" motionTweenScale="false" keyMode="8192">
              <elements>
<DOMShape isFloating="true">
                                             <fills>
  <FillStyle index="1">
    <SolidColor color="#000000" alpha="1.0"/>
  </FillStyle>
</fills>
                                             <strokes/>
  <edges>
    <Edge fillStyle0="0" fillStyle1="0" strokeStyle="0" edges="!0 0! 0 0"/>
    <Edge fillStyle0="0" fillStyle1="1" strokeStyle="0" edges="!0 0! 6054 4300| 6102 4230| 6208 4577[ 6324 4927 6377 4938[ 6304 4969 6179 4893| 6068 4810| 5977 5000| 5908 4920| 5752 5056| 5759 4863| 5824 4846| 5799 4964| 5914 4864| 5974 4919| 6050 4740| 6125 4799[ 6204 4857 6273 4889[ 6214 4826 6054 4300"/>
  </edges>
</DOMShape>
                                   </elements>
            </DOMFrame>
          </frames>
        </DOMLayer>
        <DOMLayer name="Layer 14">
          <frames>
            <DOMFrame index="0" motionTweenScale="false" keyMode="8192">
              <elements>
<DOMShape isFloating="true">
                                             <fills>
  <FillStyle index="1">
    <SolidColor color="#000000" alpha="1.0"/>
  </FillStyle>
</fills>
                                             <strokes/>
  <edges>
    <Edge fillStyle0="0" fillStyle1="0" strokeStyle="0" edges="!0 0! 0 0"/>
    <Edge fillStyle0="1" fillStyle1="0" strokeStyle="0" edges="!0 0! 3896 4881[ 3795 5045 3696 5123[ 3740 5048 3792 4502| 3730 4443| 3696 4804[ 3653 5170 3603 5192[ 3681 5207 3791 5085[ 3847 5024 3888 4959| 3988 5190| 4056 5058| 4238 5110| 4193 4995| 4126 4990| 4178 5056| 4045 4999| 3994 5092| 3896 4881"/>
  </edges>
</DOMShape>
                                   </elements>
            </DOMFrame>
          </frames>
        </DOMLayer>
        <DOMLayer name="Layer 15">
          <frames>
            <DOMFrame index="0" motionTweenScale="false" keyMode="8192">
              <elements>
<DOMShape isFloating="true">
                                             <fills>
  <FillStyle index="1">
    <SolidColor color="#000000" alpha="1.0"/>
  </FillStyle>
</fills>
                                             <strokes/>
  <edges>
    <Edge fillStyle0="0" fillStyle1="0" strokeStyle="0" edges="!0 0! 0 0"/>
    <Edge fillStyle0="1" fillStyle1="0" strokeStyle="0" edges="!0 0! 5114 2376[ 5235 2373 5356 2405[ 5741 2508 5982 2934[ 6047 3044 6087 3501[ 6108 3730 6116 3935| 6160 4002[ 6164 3815 6150 3582[ 6121 3117 6025 2888[ 5910 2610 5613 2441[ 5312 2271 5015 2324| 4878 2324| 4571 2348[ 4090 2427 3768 2748[ 3444 3069 3518 3699[ 3554 4015 3655 4266| 3687 4199[ 3594 3972 3568 3681[ 3513 3102 3841 2783[ 4168 2465 4625 2394[ 4855 2359 5018 2387| 5114 2376"/>
  </edges>
</DOMShape>
                                   </elements>
            </DOMFrame>
          </frames>
        </DOMLayer>
        <DOMLayer name="Layer 16">
          <frames>
            <DOMFrame index="0" motionTweenScale="false" keyMode="8192">
              <elements>
<DOMShape isFloating="true">
                                             <fills>
  <FillStyle index="1">
    <SolidColor color="#000000" alpha="1.0"/>
  </FillStyle>
</fills>
                                             <strokes/>
  <edges>
    <Edge fillStyle0="0" fillStyle1="0" strokeStyle="0" edges="!0 0! 0 0"/>
    <Edge fillStyle0="1" fillStyle1="0" strokeStyle="0" edges="!0 0! 5588 3587[ 5287 3275 5247 3211[ 5245 3307 5059 3657[ 5072 3632 5056 3544[ 5026 3365 4882 3048[ 4866 3052 4892 3211[ 4920 3390 4895 3452| 4864 3424| 4802 3354[ 4694 3241 4567 3190[ 4697 3276 4807 3427[ 4861 3502 4889 3560[ 4959 3461 4961 3414[ 5011 3548 5027 3860| 5136 3684[ 5251 3477 5281 3321[ 5327 3441 5638 3690| 5632 3457| 5754 3657[ 5879 3869 5896 3932[ 5924 4032 5863 3770| 5576 3302| 5588 3587"/>
  </edges>
</DOMShape>
                                   </elements>
            </DOMFrame>
          </frames>
        </DOMLayer>
        <DOMLayer name="Layer 17">
          <frames>
            <DOMFrame index="0" motionTweenScale="false" keyMode="8192">
              <elements>
<DOMShape isFloating="true">
                                             <fills>
  <FillStyle index="1">
    <SolidColor color="#000000" alpha="1.0"/>
  </FillStyle>
</fills>
                                             <strokes/>
  <edges>
    <Edge fillStyle0="0" fillStyle1="0" strokeStyle="0" edges="!0 0! 0 0"/>
    <Edge fillStyle0="0" fillStyle1="1" strokeStyle="0" edges="!0 0! 4507 3585[ 4309 3920 4189 3967[ 4178 3963 4192 3731[ 4206 3501 4188 3506[ 4161 3513 4032 3886[ 3900 4266 3882 4411[ 3830 4487 3902 4065[ 3971 3884 4049 3701[ 4204 3334 4248 3323[ 4291 3312 4268 3573[ 4244 3847 4252 3853[ 4315 3812 4682 3262[ 4607 3419 4507 3585"/>
  </edges>
</DOMShape>
                                   </elements>
            </DOMFrame>
          </frames>
        </DOMLayer>
        <DOMLayer name="Layer 18">
          <frames>
            <DOMFrame index="0" motionTweenScale="false" keyMode="8192">
              <elements>
<DOMShape isFloating="true">
                                             <fills>
  <FillStyle index="1">
    <SolidColor color="#000000" alpha="1.0"/>
  </FillStyle>
</fills>
                                             <strokes/>
  <edges>
    <Edge fillStyle0="0" fillStyle1="0" strokeStyle="0" edges="!0 0! 0 0"/>
    <Edge fillStyle0="0" fillStyle1="1" strokeStyle="0" edges="!0 0! 3901 4083[ 3910 4097 3864 4115[ 3786 4144 3756 4165[ 3692 4210 3693 4281[ 3693 4354 3752 4421[ 3779 4452 3847 4505[ 3881 4531 3868 4543[ 3813 4541 3758 4507[ 3649 4442 3648 4285[ 3646 4128 3774 4090| 3901 4083"/>
  </edges>
</DOMShape>
                                   </elements>
            </DOMFrame>
          </frames>
        </DOMLayer>
        <DOMLayer name="Layer 19">
          <frames>
            <DOMFrame index="0" motionTweenScale="false" keyMode="8192">
              <elements>
<DOMShape isFloating="true">
                                             <fills>
  <FillStyle index="1">
    <SolidColor color="#000000" alpha="1.0"/>
  </FillStyle>
</fills>
                                             <strokes/>
  <edges>
    <Edge fillStyle0="0" fillStyle1="0" strokeStyle="0" edges="!0 0! 0 0"/>
    <Edge fillStyle0="1" fillStyle1="0" strokeStyle="0" edges="!0 0! 5889 3891[ 5898 3901 5928 3906[ 6011 3919 6044 3934[ 6116 3965 6129 4034[ 6143 4106 6100 4184| 6023 4284[ 6006 4305 6006 4317| 6011 4326| 6043 4314[ 6081 4297 6110 4269[ 6205 4183 6174 4029[ 6144 3875 6012 3863| 5924 3870| 5885 3882| 5889 3891"/>
  </edges>
</DOMShape>
                                   </elements>
            </DOMFrame>
          </frames>
        </DOMLayer>
        <DOMLayer name="Layer 20">
          <frames>
            <DOMFrame index="0" motionTweenScale="false" keyMode="8192">
              <elements>
<DOMShape isFloating="true">
                                             <fills>
  <FillStyle index="1">
    <SolidColor color="#000000" alpha="1.0"/>
  </FillStyle>
</fills>
                                             <strokes/>
  <edges>
    <Edge fillStyle0="0" fillStyle1="0" strokeStyle="0" edges="!0 0! 0 0"/>
    <Edge fillStyle0="0" fillStyle1="1" strokeStyle="0" edges="!0 0! 3916 4029| 3904 4111[ 3891 4212 3885 4308[ 3868 4617 3934 4764[ 4006 4929 4366 5014[ 4693 5092 5018 5059[ 5345 5025 5654 4897[ 5996 4755 6016 4605[ 6034 4470 5926 4061| 5814 3677| 5864 3774[ 5923 3894 5968 4011[ 6116 4384 6083 4592[ 6048 4813 5684 4961[ 5410 5070 5035 5114[ 4695 5153 4333 5077[ 3912 4987 3845 4795[ 3785 4619 3844 4307[ 3862 4209 3891 4110| 3916 4029"/>
  </edges>
</DOMShape>
                                   </elements>
            </DOMFrame>
          </frames>
        </DOMLayer>
        <DOMLayer name="Layer 21">
          <frames>
            <DOMFrame index="0" motionTweenScale="false" keyMode="8192">
              <elements>
<DOMShape isFloating="true">
                                             <fills>
  <FillStyle index="1">
    <SolidColor color="#f4a057" alpha="1.0"/>
  </FillStyle>
</fills>
                                             <strokes/>
  <edges>
    <Edge fillStyle0="0" fillStyle1="0" strokeStyle="0" edges="!0 0! 0 0"/>
    <Edge fillStyle0="1" fillStyle1="0" strokeStyle="0" edges="!0 0! 3853 4159[ 3799 4182 3769 4251[ 3740 4319 3791 4390[ 3817 4426 3848 4447| 3902 4150[ 3880 4148 3853 4159"/>
  </edges>
</DOMShape>
                                   </elements>
            </DOMFrame>
          </frames>
        </DOMLayer>
        <DOMLayer name="Layer 22">
          <frames>
            <DOMFrame index="0" motionTweenScale="false" keyMode="8192">
              <elements>
<DOMShape isFloating="true">
                                             <fills>
  <FillStyle index="1">
    <SolidColor color="#f4a057" alpha="1.0"/>
  </FillStyle>
</fills>
                                             <strokes/>
  <edges>
    <Edge fillStyle0="0" fillStyle1="0" strokeStyle="0" edges="!0 0! 0 0"/>
    <Edge fillStyle0="1" fillStyle1="0" strokeStyle="0" edges="!0 0! 4173 3450| 3820 4475| 3822 4533[ 3828 4602 3846 4668[ 3905 4876 4070 4956[ 4236 5036 4673 5067| 5137 5083[ 5595 5017 5858 4817[ 5991 4715 6030 4627[ 5949 4697 5795 4777[ 5488 4939 5127 4992[ 4747 5046 4407 4908[ 4278 4856 4176 4784[ 4089 4723 4050 4669[ 3993 4591 4077 4012| 4173 3450"/>
  </edges>
</DOMShape>
                                   </elements>
            </DOMFrame>
          </frames>
        </DOMLayer>
        <DOMLayer name="Layer 23">
          <frames>
            <DOMFrame index="0" motionTweenScale="false" keyMode="8192">
              <elements>
<DOMShape isFloating="true">
                                             <fills>
  <FillStyle index="1">
    <SolidColor color="#f4a057" alpha="1.0"/>
  </FillStyle>
</fills>
                                             <strokes/>
  <edges>
    <Edge fillStyle0="0" fillStyle1="0" strokeStyle="0" edges="!0 0! 0 0"/>
    <Edge fillStyle0="1" fillStyle1="0" strokeStyle="0" edges="!0 0! 4682 3262| 4233 3915| 4239 3425| 4169 3499| 4155 3719[ 4147 3945 4176 3984[ 4259 4023 4479 3646[ 4588 3458 4682 3262"/>
  </edges>
</DOMShape>
                                   </elements>
            </DOMFrame>
          </frames>
        </DOMLayer>
        <DOMLayer name="Layer 24">
          <frames>
            <DOMFrame index="0" motionTweenScale="false" keyMode="8192">
              <elements>
<DOMShape isFloating="true">
                                             <fills>
  <FillStyle index="1">
    <SolidColor color="#f4a057" alpha="1.0"/>
  </FillStyle>
</fills>
                                             <strokes/>
  <edges>
    <Edge fillStyle0="0" fillStyle1="0" strokeStyle="0" edges="!0 0! 0 0"/>
    <Edge fillStyle0="0" fillStyle1="1" strokeStyle="0" edges="!0 0! 5658 3520| 5659 3729| 5312 3438| 4999 3934| 4956 3504| 4887 3611| 4667 3262| 4885 3507| 4970 3394| 5056 3761| 5276 3283| 5620 3628| 5622 3436| 5712 3548| 5658 3520"/>
  </edges>
</DOMShape>
                                   </elements>
            </DOMFrame>
          </frames>
        </DOMLayer>
        <DOMLayer name="Layer 25">
          <frames>
            <DOMFrame index="0" motionTweenScale="false" keyMode="8192">
              <elements>
<DOMShape isFloating="true">
                                             <fills>
  <FillStyle index="1">
    <SolidColor color="#f4a057" alpha="1.0"/>
  </FillStyle>
</fills>
                                             <strokes/>
  <edges>
    <Edge fillStyle0="0" fillStyle1="0" strokeStyle="0" edges="!0 0! 0 0"/>
    <Edge fillStyle0="1" fillStyle1="0" strokeStyle="0" edges="!0 0! 6002 4180| 6054 4142[ 6100 4091 6070 4026[ 6039 3962 5983 3971| 5933 3994| 6002 4180"/>
  </edges>
</DOMShape>
                                   </elements>
            </DOMFrame>
          </frames>
        </DOMLayer>
        <DOMLayer name="Layer 26">
          <frames>
            <DOMFrame index="0" motionTweenScale="false" keyMode="8192">
              <elements>
<DOMShape isFloating="true">
                                             <fills>
  <FillStyle index="1">
    <SolidColor color="#f5be8b" alpha="1.0"/>
  </FillStyle>
</fills>
                                             <strokes/>
  <edges>
    <Edge fillStyle0="0" fillStyle1="0" strokeStyle="0" edges="!0 0! 0 0"/>
    <Edge fillStyle0="1" fillStyle1="0" strokeStyle="0" edges="!0 0! 4239 3425[ 4209 3407 4061 3752[ 3988 3925 3920 4100[ 3858 4097 3796 4120[ 3670 4167 3667 4304[ 3665 4386 3839 4519| 3930 4874| 4011 4917[ 4117 4966 4239 5004[ 4631 5125 5047 5086[ 5461 5047 5791 4839[ 5955 4735 6037 4639| 6021 4312| 6048 4297[ 6081 4278 6105 4251[ 6185 4167 6164 4046[ 6143 3926 6023 3901| 5943 3895| 5907 3899| 5625 3408| 5607 3638| 5283 3274| 5085 3758| 4964 3328| 4908 3484| 4681 3265[ 4252 3998 4213 3934[ 4195 3902 4229 3665[ 4264 3438 4239 3425"/>
  </edges>
</DOMShape>
                                   </elements>
            </DOMFrame>
          </frames>
        </DOMLayer>
        <DOMLayer name="Layer 27">
          <frames>
            <DOMFrame index="0" motionTweenScale="false" keyMode="8192">
              <elements>
<DOMShape isFloating="true">
                                             <fills>
  <FillStyle index="1">
    <SolidColor color="#ffa800" alpha="1.0"/>
  </FillStyle>
</fills>
                                             <strokes/>
  <edges>
    <Edge fillStyle0="0" fillStyle1="0" strokeStyle="0" edges="!0 0! 0 0"/>
    <Edge fillStyle0="0" fillStyle1="1" strokeStyle="0" edges="!0 0! 5547 3216| 5942 3760| 6126 3918| 5911 3931| 5648 3471| 5619 3629| 5281 3321| 5069 3795| 4953 3347| 4884 3507| 4677 3282| 4247 3887| 4206 3432| 3920 4100| 3838 4087[ 3935 3850 4041 3614[ 4252 3141 4296 3148[ 4280 3174 4303 3447[ 4313 3584 4328 3715| 4569 3301[ 4591 3264 4474 3064| 4819 3276| 4861 2909| 5095 3394| 5219 3081| 5526 3412| 5547 3216"/>
  </edges>
</DOMShape>
                                   </elements>
            </DOMFrame>
          </frames>
        </DOMLayer>
        <DOMLayer name="Layer 28">
          <frames>
            <DOMFrame index="0" motionTweenScale="false" keyMode="8192">
              <elements>
<DOMShape isFloating="true">
                                             <fills>
  <FillStyle index="1">
    <SolidColor color="#ffa800" alpha="1.0"/>
  </FillStyle>
</fills>
                                             <strokes/>
  <edges>
    <Edge fillStyle0="0" fillStyle1="0" strokeStyle="0" edges="!0 0! 0 0"/>
    <Edge fillStyle0="1" fillStyle1="0" strokeStyle="0" edges="!0 0! 3811 4519| 3744 5031| 3885 4893| 3995 5067| 4012 4964| 4178 5056| 4131 4969| 3811 4519"/>
  </edges>
</DOMShape>
                                   </elements>
            </DOMFrame>
          </frames>
        </DOMLayer>
        <DOMLayer name="Layer 29">
          <frames>
            <DOMFrame index="0" motionTweenScale="false" keyMode="8192">
              <elements>
<DOMShape isFloating="true">
                                             <fills>
  <FillStyle index="1">
    <SolidColor color="#ffa800" alpha="1.0"/>
  </FillStyle>
</fills>
                                             <strokes/>
  <edges>
    <Edge fillStyle0="0" fillStyle1="0" strokeStyle="0" edges="!0 0! 0 0"/>
    <Edge fillStyle0="1" fillStyle1="0" strokeStyle="0" edges="!0 0! 6054 4300| 5823 4855| 5799 4964| 5907 4852| 5983 4861| 6065 4707| 6237 4831| 6054 4300"/>
  </edges>
</DOMShape>
                                   </elements>
            </DOMFrame>
          </frames>
        </DOMLayer>
        <DOMLayer name="Layer 30">
          <frames>
            <DOMFrame index="0" motionTweenScale="false" keyMode="8192">
              <elements>
<DOMShape isFloating="true">
                                             <fills>
  <FillStyle index="1">
    <SolidColor color="#ffbf00" alpha="1.0"/>
  </FillStyle>
</fills>
                                             <strokes/>
  <edges>
    <Edge fillStyle0="0" fillStyle1="0" strokeStyle="0" edges="!4847 5181! 0 0"/>
    <Edge fillStyle0="1" fillStyle1="0" strokeStyle="0" edges="!0 0! 5015 2324[ 4390 2373 4019 2598[ 3722 2779 3601 3063[ 3514 3266 3523 3502[ 3529 3619 3551 3696| 3583 3953[ 3629 4228 3693 4315[ 3760 4402 3726 4777[ 3710 4964 3680 5135| 3898 4938| 4010 5148| 4056 5058| 4215 5097| 4193 4995| 5773 4898| 5766 5020| 5908 4920| 5970 4958| 6073 4777| 6290 4898| 6102 4230| 6139 3937[ 6148 3836 6144 3684[ 6132 3381 6057 3129[ 5951 2775 5731 2574[ 5454 2322 5015 2324"/>
  </edges>
</DOMShape>
                                   </elements>
            </DOMFrame>
          </frames>
        </DOMLayer>
        <DOMLayer name="Layer 31">
          <frames>
            <DOMFrame index="0" motionTweenScale="false" keyMode="8192">
              <elements>
<DOMShape isFloating="true">
                                             <fills>
  <FillStyle index="1">
    <SolidColor color="#000000" alpha="1.0"/>
  </FillStyle>
</fills>
                                             <strokes/>
  <edges>
    <Edge fillStyle0="0" fillStyle1="0" strokeStyle="0" edges="!0 0! 0 0"/>
    <Edge fillStyle0="1" fillStyle1="0" strokeStyle="0" edges="!0 0! 4847 5181[ 4706 5221 4663 5266[ 4606 5328 4536 5323[ 4489 5318 4472 5291[ 4455 5265 4463 5230[ 4592 5042 4973 5138[ 4973 5146 4847 5181"/>
    <Edge fillStyle0="1" fillStyle1="0" strokeStyle="0" edges="!4847 5181! 4791 5139[ 4630 5142 4592 5161[ 4497 5209 4490 5237[ 4485 5259 4495 5276[ 4506 5291 4539 5294[ 4594 5300 4643 5248[ 4724 5161 4946 5140| 4791 5139"/>
  </edges>
</DOMShape>
                                   </elements>
            </DOMFrame>
          </frames>
        </DOMLayer>
        <DOMLayer name="Layer 32">
          <frames>
            <DOMFrame index="0" motionTweenScale="false" keyMode="8192">
              <elements>
<DOMShape isFloating="true">
                                             <fills>
  <FillStyle index="1">
    <SolidColor color="#f4a057" alpha="1.0"/>
  </FillStyle>
</fills>
                                             <strokes/>
  <edges>
    <Edge fillStyle0="0" fillStyle1="0" strokeStyle="0" edges="!0 0! 0 0"/>
    <Edge fillStyle0="1" fillStyle1="0" strokeStyle="0" edges="!0 0! 4866 5144| 4769 5157[ 4666 5171 4634 5183[ 4608 5193 4596 5218[ 4582 5246 4560 5258| 4469 5260| 4536 5178| 4637 5134| 4860 5123| 4880 5131| 4866 5144"/>
  </edges>
</DOMShape>
                                   </elements>
            </DOMFrame>
          </frames>
        </DOMLayer>
        <DOMLayer name="Layer 33">
          <frames>
            <DOMFrame index="0" motionTweenScale="false" keyMode="8192">
              <elements>
<DOMShape isFloating="true">
                                             <fills>
  <FillStyle index="1">
    <SolidColor color="#f5c4a0" alpha="1.0"/>
  </FillStyle>
</fills>
                                             <strokes/>
  <edges>
    <Edge fillStyle0="0" fillStyle1="0" strokeStyle="0" edges="!0 0! 0 0"/>
    <Edge fillStyle0="0" fillStyle1="1" strokeStyle="0" edges="!0 0! 4966 5136| 4796 5132[ 4616 5135 4560 5167[ 4451 5231 4483 5283[ 4499 5308 4546 5309[ 4603 5310 4654 5257[ 4731 5173 4966 5136"/>
  </edges>
</DOMShape>
                                   </elements>
            </DOMFrame>
          </frames>
        </DOMLayer>
        <DOMLayer name="Layer 34">
          <frames>
            <DOMFrame index="0" motionTweenScale="false" keyMode="8192">
              <elements>
<DOMShape isFloating="true">
                                             <fills>
  <FillStyle index="1">
    <SolidColor color="#000000" alpha="1.0"/>
  </FillStyle>
</fills>
                                             <strokes/>
  <edges>
    <Edge fillStyle0="0" fillStyle1="0" strokeStyle="0" edges="!0 0! 0 0"/>
    <Edge fillStyle0="1" fillStyle1="0" strokeStyle="0" edges="!0 0! 5190 5087| 5178 5062| 5144 5070| 5169 5132[ 5173 5156 5154 5173[ 5133 5193 5092 5195[ 5029 5197 5010 5148[ 5004 5132 5016 5108| 5029 5087| 4999 5069| 4985 5101[ 4971 5136 4976 5152[ 4983 5178 5009 5197[ 5043 5222 5096 5219[ 5148 5217 5177 5186[ 5200 5163 5200 5134[ 5201 5115 5190 5087"/>
  </edges>
</DOMShape>
                                   </elements>
            </DOMFrame>
          </frames>
        </DOMLayer>
        <DOMLayer name="Layer 35">
          <frames>
            <DOMFrame index="0" motionTweenScale="false" keyMode="8192">
              <elements>
<DOMShape isFloating="true">
                                             <fills>
  <FillStyle index="1">
    <SolidColor color="#f4a057" alpha="1.0"/>
  </FillStyle>
</fills>
                                             <strokes/>
  <edges>
    <Edge fillStyle0="0" fillStyle1="0" strokeStyle="0" edges="!0 0! 0 0"/>
    <Edge fillStyle0="1" fillStyle1="0" strokeStyle="0" edges="!0 0! 5000 5141| 5040 5203| 5105 5207| 5174 5178| 5194 5119| 5193 5089| 5006 5084| 5000 5141"/>
  </edges>
</DOMShape>
                                   </elements>
            </DOMFrame>
          </frames>
        </DOMLayer>
        <DOMLayer name="Layer 36">
          <frames>
            <DOMFrame index="0" motionTweenScale="false" keyMode="8192">
              <elements>
<DOMShape isFloating="true">
                                             <fills>
  <FillStyle index="1">
    <SolidColor color="#000000" alpha="1.0"/>
  </FillStyle>
</fills>
                                             <strokes/>
  <edges>
    <Edge fillStyle0="0" fillStyle1="0" strokeStyle="0" edges="!0 0! 0 0"/>
    <Edge fillStyle0="1" fillStyle1="0" strokeStyle="0" edges="!0 0! 5221 5332[ 5188 5379 5187 5387[ 5185 5398 5200 5496[ 5213 5589 5206 5603[ 5199 5621 5159 5630| 5085 5636[ 4964 5627 4941 5582[ 4931 5563 4956 5480| 4984 5381[ 4984 5367 4959 5335[ 4926 5293 4912 5261[ 4893 5220 4938 5163[ 4960 5135 4986 5114| 4973 5074[ 4943 5098 4916 5132[ 4861 5200 4870 5249[ 4878 5293 4910 5329[ 4938 5361 4939 5376| 4917 5484[ 4898 5573 4909 5595[ 4924 5624 4982 5652[ 5038 5679 5079 5680[ 5120 5681 5185 5659[ 5250 5637 5254 5618[ 5257 5606 5236 5507[ 5215 5409 5220 5393| 5263 5337[ 5298 5290 5301 5238[ 5305 5182 5242 5117| 5178 5061| 5170 5119| 5221 5151[ 5271 5191 5263 5240[ 5254 5284 5221 5332"/>
  </edges>
</DOMShape>
                                   </elements>
            </DOMFrame>
          </frames>
        </DOMLayer>
        <DOMLayer name="Layer 37">
          <frames>
            <DOMFrame index="0" motionTweenScale="false" keyMode="8192">
              <elements>
<DOMShape isFloating="true">
                                             <fills>
  <FillStyle index="1">
    <SolidColor color="#dbe6eb" alpha="1.0"/>
  </FillStyle>
</fills>
                                             <strokes/>
  <edges>
    <Edge fillStyle0="0" fillStyle1="0" strokeStyle="0" edges="!0 0! 0 0"/>
    <Edge fillStyle0="1" fillStyle1="0" strokeStyle="0" edges="!0 0! 4979 5111| 4930 5159[ 4880 5212 4880 5232[ 4880 5251 4926 5322| 4972 5389| 4923 5575| 4954 5609[ 5000 5644 5080 5651[ 5160 5659 5164 5650[ 5166 5646 5152 5640[ 5085 5585 5079 5519[ 5078 5504 5137 5447[ 5200 5384 5208 5366[ 5170 5373 5124 5346| 5085 5317[ 5013 5366 4982 5339[ 4947 5310 4941 5240[ 4938 5208 4962 5173[ 4973 5156 4986 5144| 4979 5111"/>
  </edges>
</DOMShape>
                                   </elements>
            </DOMFrame>
          </frames>
        </DOMLayer>
        <DOMLayer name="Layer 38">
          <frames>
            <DOMFrame index="0" motionTweenScale="false" keyMode="8192">
              <elements>
<DOMShape isFloating="true">
                                             <fills>
  <FillStyle index="1">
    <SolidColor color="#ffffff" alpha="1.0"/>
  </FillStyle>
</fills>
                                             <strokes/>
  <edges>
    <Edge fillStyle0="0" fillStyle1="0" strokeStyle="0" edges="!0 0! 0 0"/>
    <Edge fillStyle0="1" fillStyle1="0" strokeStyle="0" edges="!0 0! 4909 5595| 5076 5662| 5239 5618| 5204 5390| 5284 5238| 5180 5091| 4997 5086| 4887 5208| 4962 5355| 4909 5595"/>
  </edges>
</DOMShape>
                                   </elements>
            </DOMFrame>
          </frames>
        </DOMLayer>
        <DOMLayer name="Layer 39">
          <frames>
            <DOMFrame index="0" motionTweenScale="false" keyMode="8192">
              <elements>
<DOMShape isFloating="true">
                                             <fills>
  <FillStyle index="1">
    <SolidColor color="#ff0000" alpha="1.0"/>
  </FillStyle>
</fills>
                                             <strokes/>
  <edges>
    <Edge fillStyle0="0" fillStyle1="0" strokeStyle="0" edges="!0 0! 0 0"/>
    <Edge fillStyle0="1" fillStyle1="0" strokeStyle="0" edges="!0 0! 5232 5937[ 5202 5954 5175 5960| 5156 5963| 5159 5970[ 5165 5979 5178 5981[ 5197 5982 5249 5953[ 5298 5926 5301 5914[ 5304 5899 5288 5887[ 5279 5909 5232 5937"/>
  </edges>
</DOMShape>
                                   </elements>
            </DOMFrame>
          </frames>
        </DOMLayer>
        <DOMLayer name="Layer 40">
          <frames>
            <DOMFrame index="0" motionTweenScale="false" keyMode="8192">
              <elements>
<DOMShape isFloating="true">
                                             <fills>
  <FillStyle index="1">
    <SolidColor color="#ffffff" alpha="1.0"/>
  </FillStyle>
</fills>
                                             <strokes/>
  <edges>
    <Edge fillStyle0="0" fillStyle1="0" strokeStyle="0" edges="!0 0! 0 0"/>
    <Edge fillStyle0="1" fillStyle1="0" strokeStyle="0" edges="!0 0! 5241 5958[ 5307 5921 5299 5903[ 5291 5883 5265 5866[ 5230 5842 5195 5859[ 5156 5876 5151 5920[ 5147 5956 5160 5972[ 5177 5994 5241 5958"/>
  </edges>
</DOMShape>
                                   </elements>
            </DOMFrame>
          </frames>
        </DOMLayer>
        <DOMLayer name="Layer 41">
          <frames>
            <DOMFrame index="0" motionTweenScale="false" keyMode="8192">
              <elements>
<DOMShape isFloating="true">
                                             <fills>
  <FillStyle index="1">
    <SolidColor color="#000000" alpha="1.0"/>
  </FillStyle>
</fills>
                                             <strokes/>
  <edges>
    <Edge fillStyle0="0" fillStyle1="0" strokeStyle="0" edges="!0 0! 0 0"/>
    <Edge fillStyle0="1" fillStyle1="0" strokeStyle="0" edges="!0 0! 5252 5978[ 5343 5925 5334 5900[ 5321 5872 5285 5849[ 5237 5816 5185 5839[ 5134 5863 5127 5925[ 5120 5974 5138 5998[ 5161 6028 5252 5978"/>
  </edges>
</DOMShape>
                                   </elements>
            </DOMFrame>
          </frames>
        </DOMLayer>
        <DOMLayer name="Layer 42">
          <frames>
            <DOMFrame index="0" motionTweenScale="false" keyMode="8192">
              <elements>
<DOMShape isFloating="true">
                                             <fills>
  <FillStyle index="1">
    <SolidColor color="#000000" alpha="1.0"/>
  </FillStyle>
</fills>
                                             <strokes/>
  <edges>
    <Edge fillStyle0="0" fillStyle1="0" strokeStyle="0" edges="!0 0! 0 0"/>
    <Edge fillStyle0="0" fillStyle1="1" strokeStyle="0" edges="!0 0! 4983 5628| 5046 5754[ 5111 5883 5125 5891[ 5143 5898 5175 5883[ 5208 5867 5219 5844[ 5235 5811 5052 5571| 5071 5549[ 5258 5789 5244 5850[ 5236 5892 5184 5915[ 5134 5936 5113 5921[ 5097 5909 5022 5771| 4948 5637| 4983 5628"/>
  </edges>
</DOMShape>
                                   </elements>
            </DOMFrame>
          </frames>
        </DOMLayer>
        <DOMLayer name="Layer 43">
          <frames>
            <DOMFrame index="0" motionTweenScale="false" keyMode="8192">
              <elements>
<DOMShape isFloating="true">
                                             <fills>
  <FillStyle index="1">
    <SolidColor color="#004695" alpha="1.0"/>
  </FillStyle>
</fills>
                                             <strokes/>
  <edges>
    <Edge fillStyle0="0" fillStyle1="0" strokeStyle="0" edges="!0 0! 0 0"/>
    <Edge fillStyle0="0" fillStyle1="1" strokeStyle="0" edges="!0 0! 5023 5649| 5054 5721[ 5090 5798 5108 5816[ 5139 5844 5195 5846| 5141 5922| 4993 5675| 5023 5649"/>
  </edges>
</DOMShape>
                                   </elements>
            </DOMFrame>
          </frames>
        </DOMLayer>
        <DOMLayer name="Layer 44">
          <frames>
            <DOMFrame index="0" motionTweenScale="false" keyMode="8192">
              <elements>
<DOMShape isFloating="true">
                                             <fills>
  <FillStyle index="1">
    <SolidColor color="#007fff" alpha="1.0"/>
  </FillStyle>
</fills>
                                             <strokes/>
  <edges>
    <Edge fillStyle0="0" fillStyle1="0" strokeStyle="0" edges="!0 0! 0 0"/>
    <Edge fillStyle0="1" fillStyle1="0" strokeStyle="0" edges="!0 0! 4957 5629| 5121 5911| 5199 5895| 5233 5816| 5071 5549| 4957 5629"/>
  </edges>
</DOMShape>
                                   </elements>
            </DOMFrame>
          </frames>
        </DOMLayer>
        <DOMLayer name="Layer 45">
          <frames>
            <DOMFrame index="0" motionTweenScale="false" keyMode="8192">
              <elements>
<DOMShape isFloating="true">
                                             <fills>
  <FillStyle index="1">
    <SolidColor color="#ff0000" alpha="1.0"/>
  </FillStyle>
</fills>
                                             <strokes/>
  <edges>
    <Edge fillStyle0="0" fillStyle1="0" strokeStyle="0" edges="!0 0! 0 0"/>
    <Edge fillStyle0="1" fillStyle1="0" strokeStyle="0" edges="!0 0! 5064 5954[ 5041 5961 4990 5939[ 4958 5926 4937 5909| 4923 5895| 4920 5903[ 4915 5912 4921 5924[ 4934 5940 4986 5963[ 5039 5986 5050 5981[ 5064 5974 5064 5954"/>
  </edges>
</DOMShape>
                                   </elements>
            </DOMFrame>
          </frames>
        </DOMLayer>
        <DOMLayer name="Layer 46">
          <frames>
            <DOMFrame index="0" motionTweenScale="false" keyMode="8192">
              <elements>
<DOMShape isFloating="true">
                                             <fills>
  <FillStyle index="1">
    <SolidColor color="#ffffff" alpha="1.0"/>
  </FillStyle>
</fills>
                                             <strokes/>
  <edges>
    <Edge fillStyle0="0" fillStyle1="0" strokeStyle="0" edges="!0 0! 0 0"/>
    <Edge fillStyle0="1" fillStyle1="0" strokeStyle="0" edges="!0 0! 4955 5866[ 4923 5884 4919 5905[ 4910 5931 4978 5959[ 5048 5990 5058 5972[ 5068 5953 5066 5923[ 5064 5881 5028 5862[ 4992 5844 4955 5866"/>
  </edges>
</DOMShape>
                                   </elements>
            </DOMFrame>
          </frames>
        </DOMLayer>
        <DOMLayer name="Layer 47">
          <frames>
            <DOMFrame index="0" motionTweenScale="false" keyMode="8192">
              <elements>
<DOMShape isFloating="true">
                                             <fills>
  <FillStyle index="1">
    <SolidColor color="#000000" alpha="1.0"/>
  </FillStyle>
</fills>
                                             <strokes/>
  <edges>
    <Edge fillStyle0="0" fillStyle1="0" strokeStyle="0" edges="!0 0! 0 0"/>
    <Edge fillStyle0="1" fillStyle1="0" strokeStyle="0" edges="!0 0! 5040 5843[ 4989 5817 4936 5848[ 4893 5873 4884 5903[ 4874 5939 4969 5980[ 5067 6021 5080 5998[ 5096 5971 5093 5929[ 5089 5869 5040 5843"/>
  </edges>
</DOMShape>
                                   </elements>
            </DOMFrame>
          </frames>
        </DOMLayer>
        <DOMLayer name="Layer 48">
          <frames>
            <DOMFrame index="0" motionTweenScale="false" keyMode="8192">
              <elements>
<DOMShape isFloating="true">
                                             <fills>
  <FillStyle index="1">
    <SolidColor color="#000000" alpha="1.0"/>
  </FillStyle>
</fills>
                                             <strokes/>
  <edges>
    <Edge fillStyle0="0" fillStyle1="0" strokeStyle="0" edges="!0 0! 0 0"/>
    <Edge fillStyle0="1" fillStyle1="0" strokeStyle="0" edges="!0 0! 5113 5537| 5030 5671[ 4949 5811 4960 5849[ 4971 5890 5025 5910[ 5075 5927 5095 5911[ 5118 5891 5240 5616| 5205 5611[ 5102 5868 5081 5881| 5031 5877[ 4997 5863 4984 5841[ 4973 5821 5053 5687| 5133 5558| 5113 5537"/>
  </edges>
</DOMShape>
                                   </elements>
            </DOMFrame>
          </frames>
        </DOMLayer>
        <DOMLayer name="Layer 49">
          <frames>
            <DOMFrame index="0" motionTweenScale="false" keyMode="8192">
              <elements>
<DOMShape isFloating="true">
                                             <fills>
  <FillStyle index="1">
    <SolidColor color="#003caf" alpha="1.0"/>
  </FillStyle>
</fills>
                                             <strokes/>
  <edges>
    <Edge fillStyle0="0" fillStyle1="0" strokeStyle="0" edges="!0 0! 0 0"/>
    <Edge fillStyle0="0" fillStyle1="1" strokeStyle="0" edges="!0 0! 5190 5641[ 5173 5669 5131 5682[ 5104 5692 5088 5794| 5077 5895| 4951 5852| 5129 5545| 5190 5641"/>
  </edges>
</DOMShape>
                                   </elements>
            </DOMFrame>
          </frames>
        </DOMLayer>
        <DOMLayer name="Layer 50">
          <frames>
            <DOMFrame index="0" motionTweenScale="false" keyMode="8192">
              <elements>
<DOMShape isFloating="true">
                                             <fills>
  <FillStyle index="1">
    <SolidColor color="#007fff" alpha="1.0"/>
  </FillStyle>
</fills>
                                             <strokes/>
  <edges>
    <Edge fillStyle0="0" fillStyle1="0" strokeStyle="0" edges="!0 0! 0 0"/>
    <Edge fillStyle0="0" fillStyle1="1" strokeStyle="0" edges="!0 0! 5231 5610| 5087 5901| 5007 5890| 4969 5814| 5113 5537| 5231 5610"/>
  </edges>
</DOMShape>
                                   </elements>
            </DOMFrame>
          </frames>
        </DOMLayer>
        <DOMLayer name="Layer 51">
          <frames>
            <DOMFrame index="0" motionTweenScale="false" keyMode="8192">
              <elements>
<DOMShape isFloating="true">
                                             <fills>
  <FillStyle index="1">
    <SolidColor color="#666666" alpha="1.0"/>
  </FillStyle>
</fills>
                                             <strokes/>
  <edges>
    <Edge fillStyle0="0" fillStyle1="0" strokeStyle="0" edges="!0 0! 0 0"/>
    <Edge fillStyle0="0" fillStyle1="1" strokeStyle="0" edges="!0 0! 6003 4222[ 6281 4222 6477 4390[ 6674 4558 6674 4796[ 6674 5033 6477 5201[ 6281 5369 6003 5369| 5868 5359[ 5822 5494 5697 5601[ 5529 5744 5302 5765[ 5274 5953 5111 6093[ 4914 6261 4636 6261[ 4358 6261 4161 6093[ 4018 5970 3980 5811[ 3827 5891 3636 5891[ 3357 5891 3160 5723[ 3099 5670 3057 5612| 3025 5612[ 2747 5612 2550 5444[ 2354 5276 2354 5039[ 2354 4801 2550 4633[ 2747 4465 3025 4465| 3037 4465[ 3083 4388 3160 4322[ 3357 4154 3636 4155| 3672 4156[ 3678 3927 3868 3764[ 4065 3596 4343 3597[ 4621 3596 4818 3764[ 4937 3866 4984 3994[ 5084 3966 5198 3966[ 5476 3966 5672 4134[ 5737 4189 5781 4252[ 5884 4222 6003 4222"/>
  </edges>
</DOMShape>
                                   </elements>
            </DOMFrame>
          </frames>
        </DOMLayer>
        <DOMLayer name="Layer 52">
          <frames>
            <DOMFrame index="0" motionTweenScale="false" keyMode="8192">
              <elements>
<DOMShape isFloating="true">
                                             <fills>
  <FillStyle index="1">
    <SolidColor color="#999999" alpha="1.0"/>
  </FillStyle>
</fills>
                                             <strokes/>
  <edges>
    <Edge fillStyle0="0" fillStyle1="0" strokeStyle="0" edges="!0 0! 0 0"/>
    <Edge fillStyle0="0" fillStyle1="1" strokeStyle="0" edges="!0 0! 6291 3545[ 6569 3544 6766 3712[ 6885 3814 6932 3942[ 7032 3914 7146 3914[ 7424 3914 7620 4082[ 7685 4137 7729 4200[ 7832 4170 7951 4170[ 8229 4170 8425 4338[ 8622 4506 8622 4744[ 8622 4981 8425 5149[ 8229 5317 7951 5317| 7816 5307[ 7770 5442 7645 5549[ 7477 5692 7250 5713[ 7222 5901 7059 6041[ 6862 6209 6584 6209[ 6306 6209 6109 6041[ 5966 5918 5928 5759[ 5775 5839 5584 5839[ 5305 5839 5108 5671[ 5047 5618 5005 5560| 4973 5560[ 4695 5560 4498 5392[ 4302 5224 4302 4987[ 4302 4749 4498 4581[ 4695 4413 4973 4413| 4985 4413[ 5031 4336 5108 4270[ 5305 4102 5584 4103| 5620 4104[ 5626 3875 5816 3712[ 6013 3544 6291 3545"/>
  </edges>
</DOMShape>
                                   </elements>
            </DOMFrame>
          </frames>
        </DOMLayer>
        <DOMLayer name="Layer 53">
          <frames>
            <DOMFrame index="0" motionTweenScale="false" keyMode="8192">
              <elements>
                                        <DOMShape isFloating="true">
                                             <fills>
  <FillStyle index="1">
    <SolidColor color="#cccccc" alpha="0.5019608"/>
  </FillStyle>
</fills>
                                             <strokes/>
  <edges>
    <Edge fillStyle1="1" edges="!0 0! 7013 2412[ 7196 2412 7325 2522[ 7368 2558 7396 2600[ 7464 2580 7542 2580[ 7724 2580 7853 2689[ 7982 2800 7982 2956[ 7982 3112 7853 3222[ 7724 3332 7542 3332| 7454 3326[ 7423 3414 7341 3484[ 7231 3579 7082 3593[ 7064 3716 6956 3807[ 6827 3917 6645 3917[ 6462 3917 6333 3807[ 6240 3727 6214 3623[ 6114 3675 5988 3675[ 5806 3675 5676 3564[ 5636 3530 5609 3491| 5588 3492[ 5405 3492 5276 3382[ 5147 3272 5147 3115[ 5147 2959 5276 2849[ 5405 2739 5588 2739| 5595 2739[ 5626 2689 5676 2645[ 5806 2535 5988 2535| 6012 2536[ 6016 2386 6141 2279[ 6270 2169 6453 2169[ 6635 2169 6764 2279[ 6843 2346 6874 2430[ 6939 2412 7013 2412"/>
  </edges>
</DOMShape>
                                   </elements>
            </DOMFrame>
          </frames>
        </DOMLayer>
      </layers>
    </DOMTimeline>
  </timeline>
</DOMSymbolItem>
