<DOMSymbolItem xmlns="http://ns.adobe.com/xfl/2008/" xmlns:xsi="http://www.w3.org/2001/XMLSchema-instance" name="Symbol 194" lastModified="1635072455" symbolType="graphic">
  <timeline>
    <DOMTimeline name="Symbol 194" currentFrame="0">
      <layers>
        <DOMLayer name="Layer 1">
          <frames>
            <DOMFrame index="0" motionTweenScale="false" keyMode="8192">
              <elements>
<DOMShape isFloating="true">
                                             <fills>
  <FillStyle index="1">
    <SolidColor color="#e8eff3"/>
  </FillStyle>
</fills>
                                             <strokes/>
  <edges>
    <Edge fillStyle0="0" fillStyle1="0" strokeStyle="0" edges="!0 0! 0 0"/>
    <Edge fillStyle0="1" fillStyle1="0" strokeStyle="0" edges="!0 0! 4471 4141[ 4521 4077 4607 4088[ 4693 4099 4678 4193[ 4670 4241 4645 4286| 4845 4339| 4822 4464| 4632 4424| 4628 4447[ 4622 4475 4609 4498[ 4567 4571 4475 4571[ 4384 4571 4361 4470[ 4354 4438 4354 4400| 4356 4368| 4333 4364[ 4305 4358 4284 4345[ 4218 4306 4243 4219[ 4268 4133 4356 4162[ 4384 4171 4414 4190| 4440 4207[ 4447 4173 4471 4141"/>
  </edges>
</DOMShape>
                                   </elements>
            </DOMFrame>
          </frames>
        </DOMLayer>
        <DOMLayer name="Layer 2">
          <frames>
            <DOMFrame index="0" motionTweenScale="false" keyMode="8192">
              <elements>
<DOMShape isFloating="true">
                                             <fills>
  <FillStyle index="1">
    <SolidColor color="#000000"/>
  </FillStyle>
</fills>
                                             <strokes/>
  <edges>
    <Edge fillStyle0="0" fillStyle1="0" strokeStyle="0" edges="!0 0! 0 0"/>
    <Edge fillStyle0="1" fillStyle1="0" strokeStyle="0" edges="!0 0! 4448 4094[ 4493 4020 4613 4034[ 4732 4049 4720 4157[ 4714 4210 4684 4261| 4887 4327| 4840 4488| 4666 4452| 4665 4476[ 4661 4505 4647 4530[ 4602 4607 4475 4607[ 4349 4607 4328 4497[ 4321 4462 4326 4421| 4332 4386| 4305 4385[ 4274 4381 4250 4368[ 4176 4327 4210 4207[ 4246 4088 4340 4118[ 4370 4127 4402 4150| 4428 4171[ 4426 4131 4448 4094"/>
  </edges>
</DOMShape>
                                   </elements>
            </DOMFrame>
          </frames>
        </DOMLayer>
        <DOMLayer name="Layer 3">
          <frames>
            <DOMFrame index="0" motionTweenScale="false" keyMode="8192">
              <elements>
<DOMShape isFloating="true">
                                             <fills>
  <FillStyle index="1">
    <SolidColor color="#000000"/>
  </FillStyle>
</fills>
                                             <strokes/>
  <edges>
    <Edge fillStyle0="0" fillStyle1="0" strokeStyle="0" edges="!0 0! 0 0"/>
    <Edge fillStyle0="1" fillStyle1="0" strokeStyle="0" edges="!0 0! 6225 4032| 6198 4037| 6223 4085| 6251 4088| 6225 4032"/>
  </edges>
</DOMShape>
                                   </elements>
            </DOMFrame>
          </frames>
        </DOMLayer>
        <DOMLayer name="Layer 4">
          <frames>
            <DOMFrame index="0" motionTweenScale="false" keyMode="8192">
              <elements>
<DOMShape isFloating="true">
                                             <fills>
  <FillStyle index="1">
    <SolidColor color="#000000"/>
  </FillStyle>
</fills>
                                             <strokes/>
  <edges>
    <Edge fillStyle0="0" fillStyle1="0" strokeStyle="0" edges="!0 0! 0 0"/>
    <Edge fillStyle0="1" fillStyle1="0" strokeStyle="0" edges="!0 0! 6301 4017| 6266 4024| 6297 4083| 6333 4087| 6301 4017"/>
  </edges>
</DOMShape>
                                   </elements>
            </DOMFrame>
          </frames>
        </DOMLayer>
        <DOMLayer name="Layer 5">
          <frames>
            <DOMFrame index="0" motionTweenScale="false" keyMode="8192">
              <elements>
<DOMShape isFloating="true">
                                             <fills>
  <FillStyle index="1">
    <SolidColor color="#000000"/>
  </FillStyle>
</fills>
                                             <strokes/>
  <edges>
    <Edge fillStyle0="0" fillStyle1="0" strokeStyle="0" edges="!0 0! 0 0"/>
    <Edge fillStyle0="0" fillStyle1="1" strokeStyle="0" edges="!0 0! 4764 4214| 4792 4218| 4770 4267| 4743 4273| 4764 4214"/>
  </edges>
</DOMShape>
                                   </elements>
            </DOMFrame>
          </frames>
        </DOMLayer>
        <DOMLayer name="Layer 6">
          <frames>
            <DOMFrame index="0" motionTweenScale="false" keyMode="8192">
              <elements>
<DOMShape isFloating="true">
                                             <fills>
  <FillStyle index="1">
    <SolidColor color="#000000"/>
  </FillStyle>
</fills>
                                             <strokes/>
  <edges>
    <Edge fillStyle0="0" fillStyle1="0" strokeStyle="0" edges="!5991 4919! 0 0"/>
    <Edge fillStyle0="0" fillStyle1="1" strokeStyle="0" edges="!0 0! 4688 4205| 4723 4210| 4696 4271| 4661 4278| 4688 4205"/>
  </edges>
</DOMShape>
                                   </elements>
            </DOMFrame>
          </frames>
        </DOMLayer>
        <DOMLayer name="Layer 7">
          <frames>
            <DOMFrame index="0" motionTweenScale="false" keyMode="8192">
              <elements>
<DOMShape isFloating="true">
                                             <fills>
  <FillStyle index="1">
    <SolidColor color="#000000"/>
  </FillStyle>
</fills>
                                             <strokes/>
  <edges>
    <Edge fillStyle0="0" fillStyle1="0" strokeStyle="0" edges="!0 0! 0 0"/>
    <Edge fillStyle0="1" fillStyle1="0" strokeStyle="0" edges="!0 0! 5991 4919[ 6048 4769 6044 4727[ 6035 4621 6011 4604[ 5992 4591 5974 4594[ 5955 4598 5940 4628[ 5914 4677 5944 4742[ 5995 4850 5932 5063| 5991 4919"/>
    <Edge fillStyle0="1" fillStyle1="0" strokeStyle="0" edges="!5991 4919! 5930 4956[ 5946 4811 5919 4754[ 5884 4677 5914 4615[ 5937 4572 5968 4567[ 5998 4561 6028 4582[ 6155 4771 5924 5090[ 5916 5087 5930 4956"/>
  </edges>
</DOMShape>
                                   </elements>
            </DOMFrame>
          </frames>
        </DOMLayer>
        <DOMLayer name="Layer 8">
          <frames>
            <DOMFrame index="0" motionTweenScale="false" keyMode="8192">
              <elements>
<DOMShape isFloating="true">
                                             <fills>
  <FillStyle index="1">
    <SolidColor color="#f4a057"/>
  </FillStyle>
</fills>
                                             <strokes/>
  <edges>
    <Edge fillStyle0="0" fillStyle1="0" strokeStyle="0" edges="!0 0! 0 0"/>
    <Edge fillStyle0="1" fillStyle1="0" strokeStyle="0" edges="!0 0! 5957 4985| 5981 4890[ 6006 4789 6006 4755[ 6007 4727 5989 4706[ 5968 4683 5965 4658[ 5958 4605 5998 4572| 6047 4665| 6051 4776| 5978 4987| 5963 5003| 5957 4985"/>
  </edges>
</DOMShape>
                                   </elements>
            </DOMFrame>
          </frames>
        </DOMLayer>
        <DOMLayer name="Layer 9">
          <frames>
            <DOMFrame index="0" motionTweenScale="false" keyMode="8192">
              <elements>
<DOMShape isFloating="true">
                                             <fills>
  <FillStyle index="1">
    <SolidColor color="#f5c4a0"/>
  </FillStyle>
</fills>
                                             <strokes/>
  <edges>
    <Edge fillStyle0="0" fillStyle1="0" strokeStyle="0" edges="!0 0! 0 0"/>
    <Edge fillStyle0="0" fillStyle1="1" strokeStyle="0" edges="!0 0! 5928 5083| 5995 4928[ 6060 4759 6050 4695[ 6031 4569 5971 4580[ 5942 4586 5924 4628[ 5901 4682 5932 4748[ 5981 4852 5928 5083"/>
  </edges>
</DOMShape>
                                   </elements>
            </DOMFrame>
          </frames>
        </DOMLayer>
        <DOMLayer name="Layer 10">
          <frames>
            <DOMFrame index="0" motionTweenScale="false" keyMode="8192">
              <elements>
<DOMShape isFloating="true">
                                             <fills>
  <FillStyle index="1">
    <SolidColor color="#ffe6e6"/>
  </FillStyle>
</fills>
                                             <strokes/>
  <edges>
    <Edge fillStyle0="0" fillStyle1="0" strokeStyle="0" edges="!0 0! 0 0"/>
    <Edge fillStyle0="0" fillStyle1="1" strokeStyle="0" edges="!0 0! 4770 3506[ 4801 3527 4752 3595[ 4694 3674 4694 3691[ 4695 3738 5033 3642| 5186 3575[ 5345 3509 5368 3517[ 5405 3531 5331 3584| 5411 3566| 5524 3569[ 5549 3584 5637 3523[ 5722 3464 5731 3470[ 5792 3522 5734 3566| 5689 3591| 5665 3599[ 5569 3596 5397 3624[ 5053 3679 4672 3829[ 4647 3846 4593 3847[ 4541 3848 4518 3864[ 4443 3694 4509 3555[ 4540 3484 4588 3450[ 4568 3487 4551 3530[ 4520 3612 4543 3630[ 4559 3643 4650 3565[ 4742 3487 4770 3506"/>
  </edges>
</DOMShape>
                                   </elements>
            </DOMFrame>
          </frames>
        </DOMLayer>
        <DOMLayer name="Layer 11">
          <frames>
            <DOMFrame index="0" motionTweenScale="false" keyMode="8192">
              <elements>
<DOMShape isFloating="true">
                                             <fills>
  <FillStyle index="1">
    <SolidColor color="#ffcccc"/>
  </FillStyle>
</fills>
                                             <strokes/>
  <edges>
    <Edge fillStyle0="0" fillStyle1="0" strokeStyle="0" edges="!0 0! 0 0"/>
    <Edge fillStyle0="1" fillStyle1="0" strokeStyle="0" edges="!0 0! 5382 3230[ 4629 3370 4531 3497[ 4485 3556 4488 3698[ 4490 3837 4527 3866[ 4543 3878 4623 3848| 4822 3768[ 5166 3633 5453 3609[ 5728 3585 6103 3647| 6310 3680[ 6391 3688 6400 3668[ 6418 3622 6361 3508[ 6304 3397 6251 3356[ 6149 3276 5994 3236[ 5732 3166 5382 3230"/>
  </edges>
</DOMShape>
                                   </elements>
            </DOMFrame>
          </frames>
        </DOMLayer>
        <DOMLayer name="Layer 12">
          <frames>
            <DOMFrame index="0" motionTweenScale="false" keyMode="8192">
              <elements>
<DOMShape isFloating="true">
                                             <fills>
  <FillStyle index="1">
    <SolidColor color="#000000"/>
  </FillStyle>
</fills>
                                             <strokes/>
  <edges>
    <Edge fillStyle0="0" fillStyle1="0" strokeStyle="0" edges="!0 0! 0 0"/>
    <Edge fillStyle0="1" fillStyle1="0" strokeStyle="0" edges="!0 0! 6290 3332[ 5975 3091 5364 3204[ 4926 3286 4715 3354[ 4525 3416 4470 3488[ 4420 3553 4428 3718[ 4436 3878 4479 3912[ 4496 3925 4575 3895[ 4692 3847 4775 3814[ 5125 3678 5447 3651[ 5752 3625 6138 3680| 6347 3708[ 6425 3714 6436 3690[ 6457 3637 6402 3507[ 6349 3378 6290 3332"/>
  </edges>
</DOMShape>
                                   </elements>
            </DOMFrame>
          </frames>
        </DOMLayer>
        <DOMLayer name="Layer 13">
          <frames>
            <DOMFrame index="0" motionTweenScale="false" keyMode="8192">
              <elements>
<DOMShape isFloating="true">
                                             <fills>
  <FillStyle index="1">
    <SolidColor color="#000000"/>
  </FillStyle>
</fills>
                                             <strokes/>
  <edges>
    <Edge fillStyle0="0" fillStyle1="0" strokeStyle="0" edges="!0 0! 0 0"/>
    <Edge fillStyle0="1" fillStyle1="0" strokeStyle="0" edges="!0 0! 5086 3983[ 5096 4006 5057 4022| 4938 4041| 4889 4052| 4849 4052[ 4850 4047 5086 3983"/>
  </edges>
</DOMShape>
                                   </elements>
            </DOMFrame>
          </frames>
        </DOMLayer>
        <DOMLayer name="Layer 14">
          <frames>
            <DOMFrame index="0" motionTweenScale="false" keyMode="8192">
              <elements>
<DOMShape isFloating="true">
                                             <fills>
  <FillStyle index="1">
    <SolidColor color="#000000"/>
  </FillStyle>
</fills>
                                             <strokes/>
  <edges>
    <Edge fillStyle0="0" fillStyle1="0" strokeStyle="0" edges="!0 0! 0 0"/>
    <Edge fillStyle0="1" fillStyle1="0" strokeStyle="0" edges="!0 0! 5093 4006[ 5102 4029 5061 4047| 4942 4066| 4851 4064[ 4852 4059 5093 4006"/>
  </edges>
</DOMShape>
                                   </elements>
            </DOMFrame>
          </frames>
        </DOMLayer>
        <DOMLayer name="Layer 15">
          <frames>
            <DOMFrame index="0" motionTweenScale="false" keyMode="8192">
              <elements>
<DOMShape isFloating="true">
                                             <fills>
  <FillStyle index="1">
    <SolidColor color="#000000"/>
  </FillStyle>
</fills>
                                             <strokes/>
  <edges>
    <Edge fillStyle0="0" fillStyle1="0" strokeStyle="0" edges="!0 0! 0 0"/>
    <Edge fillStyle0="1" fillStyle1="0" strokeStyle="0" edges="!0 0! 5096 4031[ 5105 4054 5065 4073| 4946 4092[ 4921 4099 4887 4092[ 4854 4084 4856 4079[ 4856 4074 4974 4049[ 5093 4023 5096 4031"/>
  </edges>
</DOMShape>
                                   </elements>
            </DOMFrame>
          </frames>
        </DOMLayer>
        <DOMLayer name="Layer 16">
          <frames>
            <DOMFrame index="0" motionTweenScale="false" keyMode="8192">
              <elements>
<DOMShape isFloating="true">
                                             <fills>
  <FillStyle index="1">
    <SolidColor color="#000000"/>
  </FillStyle>
</fills>
                                             <strokes/>
  <edges>
    <Edge fillStyle0="0" fillStyle1="0" strokeStyle="0" edges="!0 0! 0 0"/>
    <Edge fillStyle0="1" fillStyle1="0" strokeStyle="0" edges="!0 0! 5824 3839[ 5820 3863 5861 3871| 5981 3863| 6032 3861| 6070 3853| 5824 3839"/>
  </edges>
</DOMShape>
                                   </elements>
            </DOMFrame>
          </frames>
        </DOMLayer>
        <DOMLayer name="Layer 17">
          <frames>
            <DOMFrame index="0" motionTweenScale="false" keyMode="8192">
              <elements>
<DOMShape isFloating="true">
                                             <fills>
  <FillStyle index="1">
    <SolidColor color="#000000"/>
  </FillStyle>
</fills>
                                             <strokes/>
  <edges>
    <Edge fillStyle0="0" fillStyle1="0" strokeStyle="0" edges="!0 0! 0 0"/>
    <Edge fillStyle0="1" fillStyle1="0" strokeStyle="0" edges="!0 0! 5823 3863[ 5819 3887 5863 3896| 5983 3888[ 5997 3893 6071 3866[ 6070 3861 5823 3863"/>
  </edges>
</DOMShape>
                                   </elements>
            </DOMFrame>
          </frames>
        </DOMLayer>
        <DOMLayer name="Layer 18">
          <frames>
            <DOMFrame index="0" motionTweenScale="false" keyMode="8192">
              <elements>
<DOMShape isFloating="true">
                                             <fills>
  <FillStyle index="1">
    <SolidColor color="#000000"/>
  </FillStyle>
</fills>
                                             <strokes/>
  <edges>
    <Edge fillStyle0="0" fillStyle1="0" strokeStyle="0" edges="!0 0! 0 0"/>
    <Edge fillStyle0="1" fillStyle1="0" strokeStyle="0" edges="!0 0! 5825 3888[ 5822 3912 5865 3921| 5985 3913[ 6011 3915 6043 3901[ 6072 3886 6071 3881| 5948 3877| 5825 3888"/>
  </edges>
</DOMShape>
                                   </elements>
            </DOMFrame>
          </frames>
        </DOMLayer>
        <DOMLayer name="Layer 19">
          <frames>
            <DOMFrame index="0" motionTweenScale="false" keyMode="8192">
              <elements>
<DOMShape isFloating="true">
                                             <fills>
  <FillStyle index="1">
    <SolidColor color="#ffffff"/>
  </FillStyle>
</fills>
                                             <strokes/>
  <edges>
    <Edge fillStyle0="0" fillStyle1="0" strokeStyle="0" edges="!0 0! 0 0"/>
    <Edge fillStyle0="1" fillStyle1="0" strokeStyle="0" edges="!0 0! 5761 4736[ 5780 4732 5793 4697[ 5805 4662 5797 4655[ 5688 4618 5548 4636[ 5411 4652 5413 4694[ 5413 4705 5433 4726[ 5457 4750 5482 4753[ 5503 4754 5555 4734[ 5605 4713 5621 4718| 5696 4730| 5761 4736"/>
  </edges>
</DOMShape>
                                   </elements>
            </DOMFrame>
          </frames>
        </DOMLayer>
        <DOMLayer name="Layer 20">
          <frames>
            <DOMFrame index="0" motionTweenScale="false" keyMode="8192">
              <elements>
<DOMShape isFloating="true">
                                             <fills>
  <FillStyle index="1">
    <SolidColor color="#ffffff"/>
  </FillStyle>
</fills>
                                             <strokes/>
  <edges>
    <Edge fillStyle0="0" fillStyle1="0" strokeStyle="0" edges="!0 0! 0 0"/>
    <Edge fillStyle0="1" fillStyle1="0" strokeStyle="0" edges="!0 0! 5758 4384[ 5773 4378 5763 4325[ 5756 4313 5729 4303[ 5674 4283 5573 4291[ 5471 4300 5428 4332[ 5406 4347 5405 4361[ 5387 4417 5405 4429[ 5411 4433 5462 4409[ 5524 4379 5585 4373| 5706 4376| 5758 4384"/>
  </edges>
</DOMShape>
                                   </elements>
            </DOMFrame>
          </frames>
        </DOMLayer>
        <DOMLayer name="Layer 21">
          <frames>
            <DOMFrame index="0" motionTweenScale="false" keyMode="8192">
              <elements>
<DOMShape isFloating="true">
                                             <fills>
  <FillStyle index="1">
    <SolidColor color="#4c0000"/>
  </FillStyle>
</fills>
                                             <strokes/>
  <edges>
    <Edge fillStyle0="0" fillStyle1="0" strokeStyle="0" edges="!0 0! 0 0"/>
    <Edge fillStyle0="1" fillStyle1="0" strokeStyle="0" edges="!0 0! 5765 4503[ 5735 4473 5583 4482[ 5429 4490 5410 4524[ 5401 4529 5394 4557[ 5387 4588 5390 4622[ 5396 4717 5462 4746[ 5477 4752 5522 4718[ 5573 4678 5624 4676[ 5676 4674 5724 4693[ 5764 4710 5776 4706[ 5813 4676 5789 4580[ 5760 4499 5765 4503"/>
  </edges>
</DOMShape>
                                   </elements>
            </DOMFrame>
          </frames>
        </DOMLayer>
        <DOMLayer name="Layer 22">
          <frames>
            <DOMFrame index="0" motionTweenScale="false" keyMode="8192">
              <elements>
<DOMShape isFloating="true">
                                             <fills>
  <FillStyle index="1">
    <SolidColor color="#7f0000"/>
  </FillStyle>
</fills>
                                             <strokes/>
  <edges>
    <Edge fillStyle0="0" fillStyle1="0" strokeStyle="0" edges="!0 0! 0 0"/>
    <Edge fillStyle0="1" fillStyle1="0" strokeStyle="0" edges="!0 0! 5765 4333[ 5736 4283 5583 4298[ 5429 4314 5410 4370[ 5401 4377 5394 4426[ 5387 4478 5390 4536[ 5396 4694 5462 4744[ 5478 4756 5519 4725[ 5571 4685 5619 4683[ 5670 4680 5719 4711[ 5761 4737 5773 4730[ 5809 4681 5787 4492| 5765 4333"/>
  </edges>
</DOMShape>
                                   </elements>
            </DOMFrame>
          </frames>
        </DOMLayer>
        <DOMLayer name="Layer 23">
          <frames>
            <DOMFrame index="0" motionTweenScale="false" keyMode="8192">
              <elements>
<DOMShape isFloating="true">
                                             <fills>
  <FillStyle index="1">
    <SolidColor color="#000000"/>
  </FillStyle>
</fills>
                                             <strokes/>
  <edges>
    <Edge fillStyle0="0" fillStyle1="0" strokeStyle="0" edges="!0 0! 0 0"/>
    <Edge fillStyle0="0" fillStyle1="1" strokeStyle="0" edges="!0 0! 5559 4262[ 5733 4240 5783 4294[ 5831 4347 5833 4527[ 5835 4699 5800 4760[ 5785 4786 5773 4786| 5727 4780| 5619 4783[ 5549 4792 5519 4812| 5480 4835[ 5465 4839 5439 4816[ 5384 4770 5359 4582[ 5333 4402 5361 4341[ 5388 4283 5559 4262"/>
  </edges>
</DOMShape>
                                   </elements>
            </DOMFrame>
          </frames>
        </DOMLayer>
        <DOMLayer name="Layer 24">
          <frames>
            <DOMFrame index="0" motionTweenScale="false" keyMode="8192">
              <elements>
<DOMShape isFloating="true">
                                             <fills>
  <FillStyle index="1">
    <SolidColor color="#ffa800"/>
  </FillStyle>
</fills>
                                             <strokes/>
  <edges>
    <Edge fillStyle0="0" fillStyle1="0" strokeStyle="0" edges="!0 0! 0 0"/>
    <Edge fillStyle0="1" fillStyle1="0" strokeStyle="0" edges="!0 0! 5479 2355[ 4881 2303 4547 2569[ 4280 2782 4193 3186[ 4133 3475 4167 3831[ 4184 4009 4214 4129| 4265 4101[ 4246 3979 4242 3801[ 4234 3444 4306 3159[ 4406 2760 4650 2561[ 4955 2312 5471 2392[ 5740 2238 5972 2412[ 6158 2550 6312 2890[ 6421 3133 6503 3452[ 6545 3613 6563 3724| 6651 3745[ 6631 3633 6590 3474[ 6506 3153 6392 2906[ 6230 2559 6030 2409[ 5779 2223 5479 2355"/>
  </edges>
</DOMShape>
                                   </elements>
            </DOMFrame>
          </frames>
        </DOMLayer>
        <DOMLayer name="Layer 25">
          <frames>
            <DOMFrame index="0" motionTweenScale="false" keyMode="8192">
              <elements>
<DOMShape isFloating="true">
                                             <fills>
  <FillStyle index="1">
    <SolidColor color="#f69c6b"/>
  </FillStyle>
</fills>
                                             <strokes/>
  <edges>
    <Edge fillStyle0="0" fillStyle1="0" strokeStyle="0" edges="!0 0! 0 0"/>
    <Edge fillStyle0="1" fillStyle1="0" strokeStyle="0" edges="!0 0! 5592 4111| 5588 4192| 5640 4157| 5592 4111"/>
  </edges>
</DOMShape>
                                   </elements>
            </DOMFrame>
          </frames>
        </DOMLayer>
        <DOMLayer name="Layer 26">
          <frames>
            <DOMFrame index="0" motionTweenScale="false" keyMode="8192">
              <elements>
<DOMShape isFloating="true">
                                             <fills>
  <FillStyle index="1">
    <SolidColor color="#000000"/>
  </FillStyle>
</fills>
                                             <strokes/>
  <edges>
    <Edge fillStyle0="0" fillStyle1="0" strokeStyle="0" edges="!0 0! 0 0"/>
    <Edge fillStyle0="0" fillStyle1="1" strokeStyle="0" edges="!0 0! 4688 3816[ 4754 3880 4860 3894[ 5030 3914 5093 3864[ 5109 3847 5070 3849[ 4940 3875 4864 3869[ 4770 3859 4696 3805| 4641 3753| 4652 3772| 4688 3816"/>
  </edges>
</DOMShape>
                                   </elements>
            </DOMFrame>
          </frames>
        </DOMLayer>
        <DOMLayer name="Layer 27">
          <frames>
            <DOMFrame index="0" motionTweenScale="false" keyMode="8192">
              <elements>
<DOMShape isFloating="true">
                                             <fills>
  <FillStyle index="1">
    <SolidColor color="#000000"/>
  </FillStyle>
</fills>
                                             <strokes/>
  <edges>
    <Edge fillStyle0="0" fillStyle1="0" strokeStyle="0" edges="!0 0! 0 0"/>
    <Edge fillStyle0="1" fillStyle1="0" strokeStyle="0" edges="!0 0! 5724 3748| 5720 3739[ 5723 3732 5747 3733| 5836 3747| 5952 3753[ 6047 3745 6121 3691| 6176 3639[ 6163 3668 6129 3701[ 6062 3766 5956 3778| 5776 3770| 5724 3748"/>
  </edges>
</DOMShape>
                                   </elements>
            </DOMFrame>
          </frames>
        </DOMLayer>
        <DOMLayer name="Layer 28">
          <frames>
            <DOMFrame index="0" motionTweenScale="false" keyMode="8192">
              <elements>
<DOMShape isFloating="true">
                                             <fills>
  <FillStyle index="1">
    <SolidColor color="#000000"/>
  </FillStyle>
</fills>
                                             <strokes/>
  <edges>
    <Edge fillStyle0="0" fillStyle1="0" strokeStyle="0" edges="!0 0! 0 0"/>
    <Edge fillStyle0="0" fillStyle1="1" strokeStyle="0" edges="!0 0! 6612 4112| 6656 4039| 6782 4379[ 6920 4721 6973 4729[ 6903 4764 6774 4696| 6657 4620| 6579 4815| 6504 4740| 6358 4885| 6352 4693| 6415 4671| 6398 4790| 6507 4684| 6569 4734| 6635 4552| 6714 4606[ 6796 4658 6867 4686[ 6804 4627 6612 4112"/>
  </edges>
</DOMShape>
                                   </elements>
            </DOMFrame>
          </frames>
        </DOMLayer>
        <DOMLayer name="Layer 29">
          <frames>
            <DOMFrame index="0" motionTweenScale="false" keyMode="8192">
              <elements>
<DOMShape isFloating="true">
                                             <fills>
  <FillStyle index="1">
    <SolidColor color="#000000"/>
  </FillStyle>
</fills>
                                             <strokes/>
  <edges>
    <Edge fillStyle0="0" fillStyle1="0" strokeStyle="0" edges="!0 0! 0 0"/>
    <Edge fillStyle0="1" fillStyle1="0" strokeStyle="0" edges="!0 0! 4494 4825[ 4403 4995 4309 5078[ 4349 5001 4367 4454| 4302 4397| 4290 4760[ 4269 5128 4221 5152[ 4298 5163 4403 5035[ 4454 4970 4490 4904| 4605 5128| 4666 4991| 4849 5033| 4798 4920| 4731 4920| 4785 4982| 4650 4933| 4605 5029| 4494 4825"/>
  </edges>
</DOMShape>
                                   </elements>
            </DOMFrame>
          </frames>
        </DOMLayer>
        <DOMLayer name="Layer 30">
          <frames>
            <DOMFrame index="0" motionTweenScale="false" keyMode="8192">
              <elements>
<DOMShape isFloating="true">
                                             <fills>
  <FillStyle index="1">
    <SolidColor color="#000000"/>
  </FillStyle>
</fills>
                                             <strokes/>
  <edges>
    <Edge fillStyle0="0" fillStyle1="0" strokeStyle="0" edges="!0 0! 0 0"/>
    <Edge fillStyle0="1" fillStyle1="0" strokeStyle="0" edges="!0 0! 5556 2250[ 5676 2239 5798 2264[ 6189 2343 6455 2753[ 6527 2860 6596 3313[ 6630 3540 6651 3745| 6699 3807[ 6692 3621 6663 3390[ 6605 2927 6496 2704[ 6364 2434 6058 2284[ 5746 2132 5453 2204| 5316 2213[ 5156 2223 5012 2256[ 4537 2364 4235 2703[ 3931 3044 4043 3669[ 4100 3982 4216 4226| 4242 4157[ 4136 3937 4092 3648[ 4003 3073 4310 2735[ 4616 2396 5069 2298[ 5295 2248 5460 2267| 5556 2250"/>
  </edges>
</DOMShape>
                                   </elements>
            </DOMFrame>
          </frames>
        </DOMLayer>
        <DOMLayer name="Layer 31">
          <frames>
            <DOMFrame index="0" motionTweenScale="false" keyMode="8192">
              <elements>
<DOMShape isFloating="true">
                                             <fills>
  <FillStyle index="1">
    <SolidColor color="#000000"/>
  </FillStyle>
</fills>
                                             <strokes/>
  <edges>
    <Edge fillStyle0="0" fillStyle1="0" strokeStyle="0" edges="!0 0! 0 0"/>
    <Edge fillStyle0="1" fillStyle1="0" strokeStyle="0" edges="!0 0! 6103 3430[ 5784 3136 5740 3074[ 5744 3171 5580 3532[ 5591 3505 5569 3418[ 5528 3242 5365 2934[ 5349 2939 5385 3096[ 5424 3274 5403 3337[ 5397 3338 5370 3311| 5303 3245[ 5190 3139 5060 3095[ 5194 3174 5313 3318[ 5372 3389 5404 3446[ 5467 3343 5467 3296[ 5524 3426 5561 3736| 5658 3554[ 5760 3341 5780 3183[ 5834 3300 6159 3528| 6139 3296| 6273 3488[ 6411 3693 6432 3754[ 6465 3852 6389 3594| 6074 3146| 6103 3430"/>
  </edges>
</DOMShape>
                                   </elements>
            </DOMFrame>
          </frames>
        </DOMLayer>
        <DOMLayer name="Layer 32">
          <frames>
            <DOMFrame index="0" motionTweenScale="false" keyMode="8192">
              <elements>
<DOMShape isFloating="true">
                                             <fills>
  <FillStyle index="1">
    <SolidColor color="#000000"/>
  </FillStyle>
</fills>
                                             <strokes/>
  <edges>
    <Edge fillStyle0="0" fillStyle1="0" strokeStyle="0" edges="!0 0! 0 0"/>
    <Edge fillStyle0="0" fillStyle1="1" strokeStyle="0" edges="!0 0! 5025 3494[ 4846 3839 4730 3894[ 4719 3892 4718 3658[ 4718 3428 4700 3434[ 4674 3444 4568 3823[ 4460 4211 4450 4356[ 4404 4436 4450 4010[ 4507 3825 4574 3638[ 4706 3263 4750 3247[ 4790 3234 4785 3496[ 4778 3772 4786 3776[ 4847 3733 5178 3161[ 5113 3321 5025 3494"/>
  </edges>
</DOMShape>
                                   </elements>
            </DOMFrame>
          </frames>
        </DOMLayer>
        <DOMLayer name="Layer 33">
          <frames>
            <DOMFrame index="0" motionTweenScale="false" keyMode="8192">
              <elements>
<DOMShape isFloating="true">
                                             <fills>
  <FillStyle index="1">
    <SolidColor color="#000000"/>
  </FillStyle>
</fills>
                                             <strokes/>
  <edges>
    <Edge fillStyle0="0" fillStyle1="0" strokeStyle="0" edges="!0 0! 0 0"/>
    <Edge fillStyle0="0" fillStyle1="1" strokeStyle="0" edges="!0 0! 4450 4027[ 4460 4042 4416 4062[ 4339 4097 4310 4119[ 4249 4168 4255 4238[ 4259 4312 4322 4375[ 4351 4404 4422 4452[ 4457 4477 4446 4489[ 4390 4491 4334 4461[ 4221 4402 4210 4245[ 4198 4089 4323 4043[ 4385 4019 4450 4027"/>
  </edges>
</DOMShape>
                                   </elements>
            </DOMFrame>
          </frames>
        </DOMLayer>
        <DOMLayer name="Layer 34">
          <frames>
            <DOMFrame index="0" motionTweenScale="false" keyMode="8192">
              <elements>
<DOMShape isFloating="true">
                                             <fills>
  <FillStyle index="1">
    <SolidColor color="#000000"/>
  </FillStyle>
</fills>
                                             <strokes/>
  <edges>
    <Edge fillStyle0="0" fillStyle1="0" strokeStyle="0" edges="!0 0! 0 0"/>
    <Edge fillStyle0="1" fillStyle1="0" strokeStyle="0" edges="!0 0! 6422 3714[ 6431 3724 6462 3727| 6579 3747[ 6653 3774 6670 3842[ 6688 3914 6650 3993[ 6633 4030 6580 4098[ 6564 4120 6565 4132[ 6566 4138 6570 4140| 6601 4127[ 6639 4107 6666 4079[ 6755 3986 6716 3834[ 6675 3683 6543 3679| 6456 3691| 6418 3704| 6422 3714"/>
  </edges>
</DOMShape>
                                   </elements>
            </DOMFrame>
          </frames>
        </DOMLayer>
        <DOMLayer name="Layer 35">
          <frames>
            <DOMFrame index="0" motionTweenScale="false" keyMode="8192">
              <elements>
<DOMShape isFloating="true">
                                             <fills>
  <FillStyle index="1">
    <SolidColor color="#000000"/>
  </FillStyle>
</fills>
                                             <strokes/>
  <edges>
    <Edge fillStyle0="0" fillStyle1="0" strokeStyle="0" edges="!0 0! 0 0"/>
    <Edge fillStyle0="0" fillStyle1="1" strokeStyle="0" edges="!0 0! 4461 3973| 4454 4056[ 4447 4157 4448 4254[ 4449 4563 4524 4706[ 4607 4866 4971 4929[ 5303 4985 5624 4933[ 5949 4879 6249 4732[ 6581 4569 6592 4418[ 6603 4284 6469 3881| 6334 3506| 6389 3599[ 6455 3715 6508 3829[ 6679 4193 6658 4401[ 6637 4624 6282 4793[ 6016 4920 5645 4987[ 5309 5047 4942 4993[ 4517 4930 4438 4742[ 4366 4570 4407 4255[ 4420 4156 4441 4055| 4461 3973"/>
  </edges>
</DOMShape>
                                   </elements>
            </DOMFrame>
          </frames>
        </DOMLayer>
        <DOMLayer name="Layer 36">
          <frames>
            <DOMFrame index="0" motionTweenScale="false" keyMode="8192">
              <elements>
<DOMShape isFloating="true">
                                             <fills>
  <FillStyle index="1">
    <SolidColor color="#f4a057"/>
  </FillStyle>
</fills>
                                             <strokes/>
  <edges>
    <Edge fillStyle0="0" fillStyle1="0" strokeStyle="0" edges="!0 0! 0 0"/>
    <Edge fillStyle0="1" fillStyle1="0" strokeStyle="0" edges="!0 0! 4406 4107[ 4354 4134 4329 4204[ 4303 4273 4359 4341[ 4387 4376 4419 4395| 4454 4095[ 4433 4094 4406 4107"/>
  </edges>
</DOMShape>
                                   </elements>
            </DOMFrame>
          </frames>
        </DOMLayer>
        <DOMLayer name="Layer 37">
          <frames>
            <DOMFrame index="0" motionTweenScale="false" keyMode="8192">
              <elements>
<DOMShape isFloating="true">
                                             <fills>
  <FillStyle index="1">
    <SolidColor color="#f4a057"/>
  </FillStyle>
</fills>
                                             <strokes/>
  <edges>
    <Edge fillStyle0="0" fillStyle1="0" strokeStyle="0" edges="!0 0! 0 0"/>
    <Edge fillStyle0="1" fillStyle1="0" strokeStyle="0" edges="!0 0! 4682 3379| 4394 4424| 4399 4482[ 4409 4550 4431 4615[ 4503 4819 4672 4889[ 4843 4959 5282 4961[ 5434 4963 5744 4949[ 6197 4856 6449 4638[ 6574 4531 6608 4441[ 6531 4515 6383 4605[ 6085 4784 5729 4858[ 5353 4937 5005 4820[ 4873 4775 4767 4711[ 4677 4655 4635 4604[ 4572 4530 4620 3946| 4682 3379"/>
  </edges>
</DOMShape>
                                   </elements>
            </DOMFrame>
          </frames>
        </DOMLayer>
        <DOMLayer name="Layer 38">
          <frames>
            <DOMFrame index="0" motionTweenScale="false" keyMode="8192">
              <elements>
<DOMShape isFloating="true">
                                             <fills>
  <FillStyle index="1">
    <SolidColor color="#f4a057"/>
  </FillStyle>
</fills>
                                             <strokes/>
  <edges>
    <Edge fillStyle0="0" fillStyle1="0" strokeStyle="0" edges="!0 0! 0 0"/>
    <Edge fillStyle0="1" fillStyle1="0" strokeStyle="0" edges="!0 0! 5178 3161| 4770 3841| 4746 3349| 4681 3429| 4680 3649[ 4687 3875 4718 3912[ 4803 3946 4999 3557[ 5097 3362 5178 3161"/>
  </edges>
</DOMShape>
                                   </elements>
            </DOMFrame>
          </frames>
        </DOMLayer>
        <DOMLayer name="Layer 39">
          <frames>
            <DOMFrame index="0" motionTweenScale="false" keyMode="8192">
              <elements>
<DOMShape isFloating="true">
                                             <fills>
  <FillStyle index="1">
    <SolidColor color="#f4a057"/>
  </FillStyle>
</fills>
                                             <strokes/>
  <edges>
    <Edge fillStyle0="0" fillStyle1="0" strokeStyle="0" edges="!0 0! 0 0"/>
    <Edge fillStyle0="0" fillStyle1="1" strokeStyle="0" edges="!0 0! 6169 3359| 6183 3567| 5818 3297| 5536 3812| 5466 3385| 5404 3496| 5164 3161| 5396 3392| 5473 3274| 5583 3635| 5773 3145| 6137 3469| 6127 3276| 6223 3383| 6169 3359"/>
  </edges>
</DOMShape>
                                   </elements>
            </DOMFrame>
          </frames>
        </DOMLayer>
        <DOMLayer name="Layer 40">
          <frames>
            <DOMFrame index="0" motionTweenScale="false" keyMode="8192">
              <elements>
<DOMShape isFloating="true">
                                             <fills>
  <FillStyle index="1">
    <SolidColor color="#f4a057"/>
  </FillStyle>
</fills>
                                             <strokes/>
  <edges>
    <Edge fillStyle0="0" fillStyle1="0" strokeStyle="0" edges="!0 0! 0 0"/>
    <Edge fillStyle0="1" fillStyle1="0" strokeStyle="0" edges="!0 0! 6552 3995| 6601 3954[ 6644 3901 6610 3838[ 6576 3774 6521 3788| 6472 3814| 6552 3995"/>
  </edges>
</DOMShape>
                                   </elements>
            </DOMFrame>
          </frames>
        </DOMLayer>
        <DOMLayer name="Layer 41">
          <frames>
            <DOMFrame index="0" motionTweenScale="false" keyMode="8192">
              <elements>
<DOMShape isFloating="true">
                                             <fills>
  <FillStyle index="1">
    <SolidColor color="#f5be8b"/>
  </FillStyle>
</fills>
                                             <strokes/>
  <edges>
    <Edge fillStyle0="0" fillStyle1="0" strokeStyle="0" edges="!0 0! 0 0"/>
    <Edge fillStyle0="1" fillStyle1="0" strokeStyle="0" edges="!0 0! 4746 3349[ 4716 3335 4589 3687[ 4527 3864 4470 4044[ 4407 4044 4347 4071[ 4225 4126 4230 4263[ 4233 4345 4415 4467| 4528 4816| 4611 4852[ 4718 4895 4844 4925[ 5243 5023 5655 4958[ 6066 4893 6382 4666[ 6540 4552 6615 4451| 6580 4126| 6606 4109[ 6637 4088 6660 4061[ 6734 3971 6706 3852[ 6678 3733 6556 3715[ 6518 3709 6475 3714| 6440 3721| 6128 3247| 6124 3479| 5779 3135| 5612 3631| 5464 3209| 5418 3368| 5178 3164[ 4795 3922 4752 3860[ 4732 3829 4752 3591[ 4772 3363 4746 3349"/>
  </edges>
</DOMShape>
                                   </elements>
            </DOMFrame>
          </frames>
        </DOMLayer>
        <DOMLayer name="Layer 42">
          <frames>
            <DOMFrame index="0" motionTweenScale="false" keyMode="8192">
              <elements>
<DOMShape isFloating="true">
                                             <fills>
  <FillStyle index="1">
    <SolidColor color="#ffa800"/>
  </FillStyle>
</fills>
                                             <strokes/>
  <edges>
    <Edge fillStyle0="0" fillStyle1="0" strokeStyle="0" edges="!0 0! 0 0"/>
    <Edge fillStyle0="0" fillStyle1="1" strokeStyle="0" edges="!0 0! 6038 3061| 6467 3579| 6661 3726| 6446 3753| 6155 3310| 6137 3469| 5780 3183| 5598 3669| 5455 3229| 5395 3392| 5175 3180| 4783 3811| 4714 3359| 4470 4044| 4388 4036[ 4469 3793 4560 3551[ 4742 3066 4787 3070[ 4772 3097 4811 3369| 4853 3634| 5068 3207[ 5089 3169 4958 2975| 5316 3166| 5336 2797| 5600 3268| 5703 2947| 6031 3258| 6038 3061"/>
  </edges>
</DOMShape>
                                   </elements>
            </DOMFrame>
          </frames>
        </DOMLayer>
        <DOMLayer name="Layer 43">
          <frames>
            <DOMFrame index="0" motionTweenScale="false" keyMode="8192">
              <elements>
<DOMShape isFloating="true">
                                             <fills>
  <FillStyle index="1">
    <SolidColor color="#ffa800"/>
  </FillStyle>
</fills>
                                             <strokes/>
  <edges>
    <Edge fillStyle0="0" fillStyle1="0" strokeStyle="0" edges="!0 0! 0 0"/>
    <Edge fillStyle0="1" fillStyle1="0" strokeStyle="0" edges="!0 0! 4387 4469| 4351 4984| 4483 4837| 4604 5005| 4615 4901| 4785 4982| 4734 4898| 4387 4469"/>
  </edges>
</DOMShape>
                                   </elements>
            </DOMFrame>
          </frames>
        </DOMLayer>
        <DOMLayer name="Layer 44">
          <frames>
            <DOMFrame index="0" motionTweenScale="false" keyMode="8192">
              <elements>
<DOMShape isFloating="true">
                                             <fills>
  <FillStyle index="1">
    <SolidColor color="#ffa800"/>
  </FillStyle>
</fills>
                                             <strokes/>
  <edges>
    <Edge fillStyle0="0" fillStyle1="0" strokeStyle="0" edges="!0 0! 0 0"/>
    <Edge fillStyle0="1" fillStyle1="0" strokeStyle="0" edges="!0 0! 6612 4112| 6416 4680| 6398 4790| 6499 4672| 6575 4677| 6648 4518| 6827 4631| 6612 4112"/>
  </edges>
</DOMShape>
                                   </elements>
            </DOMFrame>
          </frames>
        </DOMLayer>
        <DOMLayer name="Layer 45">
          <frames>
            <DOMFrame index="0" motionTweenScale="false" keyMode="8192">
              <elements>
<DOMShape isFloating="true">
                                             <fills>
  <FillStyle index="1">
    <SolidColor color="#ffbf00"/>
  </FillStyle>
</fills>
                                             <strokes/>
  <edges>
    <Edge fillStyle0="0" fillStyle1="0" strokeStyle="0" edges="!5448 5156! 0 0"/>
    <Edge fillStyle0="1" fillStyle1="0" strokeStyle="0" edges="!0 0! 5453 2205[ 4832 2291 4476 2539[ 4190 2737 4088 3029[ 4014 3237 4038 3472[ 4050 3588 4077 3664| 4125 3918[ 4187 4189 4258 4273[ 4328 4355 4318 4732[ 4313 4919 4294 5091| 4499 4882| 4624 5084| 4666 4991| 4826 5020| 4798 4920| 6369 4727| 6369 4848| 6505 4740| 6569 4775| 6660 4587| 6885 4694| 6655 4039| 6674 3745[ 6677 3643 6663 3492[ 6633 3190 6543 2943[ 6415 2596 6183 2410[ 5892 2175 5453 2205"/>
  </edges>
</DOMShape>
                                   </elements>
            </DOMFrame>
          </frames>
        </DOMLayer>
        <DOMLayer name="Layer 46">
          <frames>
            <DOMFrame index="0" motionTweenScale="false" keyMode="8192">
              <elements>
<DOMShape isFloating="true">
                                             <fills>
  <FillStyle index="1">
    <SolidColor color="#000000"/>
  </FillStyle>
</fills>
                                             <strokes/>
  <edges>
    <Edge fillStyle0="0" fillStyle1="0" strokeStyle="0" edges="!0 0! 0 0"/>
    <Edge fillStyle0="1" fillStyle1="0" strokeStyle="0" edges="!0 0! 5448 5156[ 5391 5306 5395 5348[ 5404 5454 5428 5471[ 5447 5484 5465 5481[ 5484 5477 5499 5447[ 5525 5398 5495 5333[ 5444 5225 5507 5012| 5448 5156"/>
    <Edge fillStyle0="1" fillStyle1="0" strokeStyle="0" edges="!5448 5156! 5509 5119[ 5493 5264 5520 5321[ 5555 5398 5525 5460[ 5502 5503 5471 5508[ 5441 5514 5411 5493[ 5284 5304 5515 4985[ 5523 4988 5509 5119"/>
  </edges>
</DOMShape>
                                   </elements>
            </DOMFrame>
          </frames>
        </DOMLayer>
        <DOMLayer name="Layer 47">
          <frames>
            <DOMFrame index="0" motionTweenScale="false" keyMode="8192">
              <elements>
<DOMShape isFloating="true">
                                             <fills>
  <FillStyle index="1">
    <SolidColor color="#f4a057"/>
  </FillStyle>
</fills>
                                             <strokes/>
  <edges>
    <Edge fillStyle0="0" fillStyle1="0" strokeStyle="0" edges="!0 0! 0 0"/>
    <Edge fillStyle0="1" fillStyle1="0" strokeStyle="0" edges="!0 0! 5482 5090| 5458 5185[ 5433 5286 5433 5320[ 5432 5348 5450 5369[ 5471 5392 5474 5417[ 5481 5470 5441 5503| 5392 5410| 5388 5299| 5461 5088| 5476 5072| 5482 5090"/>
  </edges>
</DOMShape>
                                   </elements>
            </DOMFrame>
          </frames>
        </DOMLayer>
        <DOMLayer name="Layer 48">
          <frames>
            <DOMFrame index="0" motionTweenScale="false" keyMode="8192">
              <elements>
<DOMShape isFloating="true">
                                             <fills>
  <FillStyle index="1">
    <SolidColor color="#f5c4a0"/>
  </FillStyle>
</fills>
                                             <strokes/>
  <edges>
    <Edge fillStyle0="0" fillStyle1="0" strokeStyle="0" edges="!0 0! 0 0"/>
    <Edge fillStyle0="0" fillStyle1="1" strokeStyle="0" edges="!0 0! 5511 4992| 5444 5147[ 5379 5316 5389 5380[ 5408 5506 5468 5495[ 5497 5489 5515 5447[ 5538 5393 5507 5327[ 5458 5223 5511 4992"/>
  </edges>
</DOMShape>
                                   </elements>
            </DOMFrame>
          </frames>
        </DOMLayer>
        <DOMLayer name="Layer 49">
          <frames>
            <DOMFrame index="0" motionTweenScale="false" keyMode="8192">
              <elements>
<DOMShape isFloating="true">
                                             <fills>
  <FillStyle index="1">
    <SolidColor color="#000000"/>
  </FillStyle>
</fills>
                                             <strokes/>
  <edges>
    <Edge fillStyle0="0" fillStyle1="0" strokeStyle="0" edges="!0 0! 0 0"/>
    <Edge fillStyle0="1" fillStyle1="0" strokeStyle="0" edges="!0 0! 5791 4957| 5779 4932| 5745 4940| 5770 5002[ 5774 5026 5755 5043[ 5734 5063 5693 5065[ 5630 5067 5611 5018[ 5605 5002 5617 4978| 5630 4957| 5600 4939| 5586 4971[ 5572 5006 5577 5022[ 5584 5048 5610 5067[ 5644 5092 5697 5089[ 5749 5087 5778 5056[ 5801 5033 5801 5004[ 5802 4985 5791 4957"/>
  </edges>
</DOMShape>
                                   </elements>
            </DOMFrame>
          </frames>
        </DOMLayer>
        <DOMLayer name="Layer 50">
          <frames>
            <DOMFrame index="0" motionTweenScale="false" keyMode="8192">
              <elements>
<DOMShape isFloating="true">
                                             <fills>
  <FillStyle index="1">
    <SolidColor color="#f4a057"/>
  </FillStyle>
</fills>
                                             <strokes/>
  <edges>
    <Edge fillStyle0="0" fillStyle1="0" strokeStyle="0" edges="!0 0! 0 0"/>
    <Edge fillStyle0="1" fillStyle1="0" strokeStyle="0" edges="!0 0! 5601 5011| 5641 5073| 5706 5077| 5775 5048| 5795 4989| 5794 4959| 5607 4954| 5601 5011"/>
  </edges>
</DOMShape>
                                   </elements>
            </DOMFrame>
          </frames>
        </DOMLayer>
        <DOMLayer name="Layer 51">
          <frames>
            <DOMFrame index="0" motionTweenScale="false" keyMode="8192">
              <elements>
<DOMShape isFloating="true">
                                             <fills>
  <FillStyle index="1">
    <SolidColor color="#000000"/>
  </FillStyle>
</fills>
                                             <strokes/>
  <edges>
    <Edge fillStyle0="0" fillStyle1="0" strokeStyle="0" edges="!0 0! 0 0"/>
    <Edge fillStyle0="1" fillStyle1="0" strokeStyle="0" edges="!0 0! 5822 5202[ 5789 5249 5788 5257[ 5786 5268 5801 5366[ 5814 5459 5807 5473[ 5800 5491 5760 5500| 5686 5506[ 5565 5497 5542 5452[ 5532 5433 5557 5350| 5585 5251[ 5585 5237 5560 5205[ 5527 5163 5513 5131[ 5494 5090 5539 5033[ 5561 5005 5587 4984| 5574 4944[ 5544 4968 5517 5002[ 5462 5070 5471 5119[ 5479 5163 5511 5199[ 5539 5231 5540 5246| 5518 5354[ 5499 5443 5510 5465[ 5525 5494 5583 5522[ 5639 5549 5680 5550[ 5721 5551 5786 5529[ 5851 5507 5855 5488[ 5858 5476 5837 5377[ 5816 5279 5821 5263| 5864 5207[ 5899 5160 5902 5108[ 5906 5052 5843 4987| 5779 4931| 5771 4989| 5822 5021[ 5872 5061 5864 5110[ 5855 5154 5822 5202"/>
  </edges>
</DOMShape>
                                   </elements>
            </DOMFrame>
          </frames>
        </DOMLayer>
        <DOMLayer name="Layer 52">
          <frames>
            <DOMFrame index="0" motionTweenScale="false" keyMode="8192">
              <elements>
<DOMShape isFloating="true">
                                             <fills>
  <FillStyle index="1">
    <SolidColor color="#dbe6eb"/>
  </FillStyle>
</fills>
                                             <strokes/>
  <edges>
    <Edge fillStyle0="0" fillStyle1="0" strokeStyle="0" edges="!0 0! 0 0"/>
    <Edge fillStyle0="1" fillStyle1="0" strokeStyle="0" edges="!0 0! 5580 4981| 5531 5029[ 5481 5082 5481 5102[ 5481 5121 5527 5192| 5573 5259| 5524 5445| 5555 5479[ 5601 5514 5681 5521[ 5761 5529 5765 5520[ 5767 5516 5753 5510[ 5686 5455 5680 5389[ 5679 5374 5738 5317[ 5801 5254 5809 5236[ 5771 5243 5725 5216| 5686 5187[ 5614 5236 5583 5209[ 5548 5180 5542 5110[ 5539 5078 5563 5043| 5587 5014| 5580 4981"/>
  </edges>
</DOMShape>
                                   </elements>
            </DOMFrame>
          </frames>
        </DOMLayer>
        <DOMLayer name="Layer 53">
          <frames>
            <DOMFrame index="0" motionTweenScale="false" keyMode="8192">
              <elements>
<DOMShape isFloating="true">
                                             <fills>
  <FillStyle index="1">
    <SolidColor color="#ffffff"/>
  </FillStyle>
</fills>
                                             <strokes/>
  <edges>
    <Edge fillStyle0="0" fillStyle1="0" strokeStyle="0" edges="!0 0! 0 0"/>
    <Edge fillStyle0="1" fillStyle1="0" strokeStyle="0" edges="!0 0! 5510 5465| 5677 5532| 5840 5488| 5805 5260| 5885 5108| 5781 4961| 5598 4956| 5488 5078| 5563 5225| 5510 5465"/>
  </edges>
</DOMShape>
                                   </elements>
            </DOMFrame>
          </frames>
        </DOMLayer>
        <DOMLayer name="Layer 54">
          <frames>
            <DOMFrame index="0" motionTweenScale="false" keyMode="8192">
              <elements>
<DOMShape isFloating="true">
                                             <fills>
  <FillStyle index="1">
    <SolidColor color="#ff0000"/>
  </FillStyle>
</fills>
                                             <strokes/>
  <edges>
    <Edge fillStyle0="0" fillStyle1="0" strokeStyle="0" edges="!0 0! 0 0"/>
    <Edge fillStyle0="1" fillStyle1="0" strokeStyle="0" edges="!0 0! 5620 5765[ 5597 5781 5543 5766[ 5509 5757 5488 5740| 5473 5725| 5468 5738[ 5464 5752 5471 5765[ 5484 5785 5539 5801| 5606 5805[ 5620 5791 5620 5765"/>
  </edges>
</DOMShape>
                                   </elements>
            </DOMFrame>
          </frames>
        </DOMLayer>
        <DOMLayer name="Layer 55">
          <frames>
            <DOMFrame index="0" motionTweenScale="false" keyMode="8192">
              <elements>
<DOMShape isFloating="true">
                                             <fills>
  <FillStyle index="1">
    <SolidColor color="#ffffff"/>
  </FillStyle>
</fills>
                                             <strokes/>
  <edges>
    <Edge fillStyle0="0" fillStyle1="0" strokeStyle="0" edges="!0 0! 0 0"/>
    <Edge fillStyle0="1" fillStyle1="0" strokeStyle="0" edges="!0 0! 5505 5675[ 5473 5710 5467 5741[ 5459 5780 5531 5799[ 5605 5818 5614 5792[ 5625 5762 5623 5721[ 5620 5662 5583 5647[ 5545 5632 5505 5675"/>
  </edges>
</DOMShape>
                                   </elements>
            </DOMFrame>
          </frames>
        </DOMLayer>
        <DOMLayer name="Layer 56">
          <frames>
            <DOMFrame index="0" motionTweenScale="false" keyMode="8192">
              <elements>
<DOMShape isFloating="true">
                                             <fills>
  <FillStyle index="1">
    <SolidColor color="#000000"/>
  </FillStyle>
</fills>
                                             <strokes/>
  <edges>
    <Edge fillStyle0="0" fillStyle1="0" strokeStyle="0" edges="!0 0! 0 0"/>
    <Edge fillStyle0="1" fillStyle1="0" strokeStyle="0" edges="!0 0! 5594 5617[ 5541 5595 5485 5657[ 5440 5705 5432 5748[ 5421 5802 5521 5830[ 5625 5856 5638 5820[ 5654 5779 5650 5720[ 5646 5638 5594 5617"/>
  </edges>
</DOMShape>
                                   </elements>
            </DOMFrame>
          </frames>
        </DOMLayer>
        <DOMLayer name="Layer 57">
          <frames>
            <DOMFrame index="0" motionTweenScale="false" keyMode="8192">
              <elements>
<DOMShape isFloating="true">
                                             <fills>
  <FillStyle index="1">
    <SolidColor color="#000000"/>
  </FillStyle>
</fills>
                                             <strokes/>
  <edges>
    <Edge fillStyle0="0" fillStyle1="0" strokeStyle="0" edges="!0 0! 0 0"/>
    <Edge fillStyle0="1" fillStyle1="0" strokeStyle="0" edges="!0 0! 5669 5166| 5583 5379[ 5499 5600 5510 5649[ 5523 5703 5580 5714[ 5632 5724 5653 5693[ 5678 5659 5804 5237| 5766 5239[ 5661 5632 5638 5657[ 5620 5675 5586 5667[ 5550 5657 5536 5630[ 5524 5606 5607 5395| 5692 5189| 5669 5166"/>
  </edges>
</DOMShape>
                                   </elements>
            </DOMFrame>
          </frames>
        </DOMLayer>
        <DOMLayer name="Layer 58">
          <frames>
            <DOMFrame index="0" motionTweenScale="false" keyMode="8192">
              <elements>
<DOMShape isFloating="true">
                                             <fills>
  <FillStyle index="1">
    <SolidColor color="#003caf"/>
  </FillStyle>
</fills>
                                             <strokes/>
  <edges>
    <Edge fillStyle0="0" fillStyle1="0" strokeStyle="0" edges="!0 0! 0 0"/>
    <Edge fillStyle0="0" fillStyle1="1" strokeStyle="0" edges="!0 0! 5750 5287[ 5734 5330 5690 5364[ 5661 5385 5645 5533| 5634 5678| 5501 5657| 5686 5171| 5750 5287"/>
  </edges>
</DOMShape>
                                   </elements>
            </DOMFrame>
          </frames>
        </DOMLayer>
        <DOMLayer name="Layer 59">
          <frames>
            <DOMFrame index="0" motionTweenScale="false" keyMode="8192">
              <elements>
<DOMShape isFloating="true">
                                             <fills>
  <FillStyle index="1">
    <SolidColor color="#007fff"/>
  </FillStyle>
</fills>
                                             <strokes/>
  <edges>
    <Edge fillStyle0="0" fillStyle1="0" strokeStyle="0" edges="!0 0! 0 0"/>
    <Edge fillStyle0="0" fillStyle1="1" strokeStyle="0" edges="!0 0! 5794 5231| 5644 5684| 5561 5693| 5519 5598| 5669 5166| 5794 5231"/>
  </edges>
</DOMShape>
                                   </elements>
            </DOMFrame>
          </frames>
        </DOMLayer>
        <DOMLayer name="Layer 60">
          <frames>
            <DOMFrame index="0" motionTweenScale="false" keyMode="8192">
              <elements>
<DOMShape isFloating="true">
                                             <fills>
  <FillStyle index="1">
    <SolidColor color="#ff0000"/>
  </FillStyle>
</fills>
                                             <strokes/>
  <edges>
    <Edge fillStyle0="0" fillStyle1="0" strokeStyle="0" edges="!0 0! 0 0"/>
    <Edge fillStyle0="1" fillStyle1="0" strokeStyle="0" edges="!0 0! 5792 5943| 5732 5935| 5713 5926| 5712 5938[ 5713 5951 5723 5960[ 5741 5974 5799 5973[ 5857 5971 5864 5959[ 5874 5944 5866 5921[ 5848 5940 5792 5943"/>
  </edges>
</DOMShape>
                                   </elements>
            </DOMFrame>
          </frames>
        </DOMLayer>
        <DOMLayer name="Layer 61">
          <frames>
            <DOMFrame index="0" motionTweenScale="false" keyMode="8192">
              <elements>
<DOMShape isFloating="true">
                                             <fills>
  <FillStyle index="1">
    <SolidColor color="#ffffff"/>
  </FillStyle>
</fills>
                                             <strokes/>
  <edges>
    <Edge fillStyle0="0" fillStyle1="0" strokeStyle="0" edges="!0 0! 0 0"/>
    <Edge fillStyle0="1" fillStyle1="0" strokeStyle="0" edges="!0 0! 5790 5973[ 5867 5970 5868 5946[ 5870 5918 5856 5884[ 5835 5835 5796 5833[ 5755 5829 5730 5876[ 5709 5913 5712 5940[ 5717 5975 5790 5973"/>
  </edges>
</DOMShape>
                                   </elements>
            </DOMFrame>
          </frames>
        </DOMLayer>
        <DOMLayer name="Layer 62">
          <frames>
            <DOMFrame index="0" motionTweenScale="false" keyMode="8192">
              <elements>
<DOMShape isFloating="true">
                                             <fills>
  <FillStyle index="1">
    <SolidColor color="#000000"/>
  </FillStyle>
</fills>
                                             <strokes/>
  <edges>
    <Edge fillStyle0="0" fillStyle1="0" strokeStyle="0" edges="!0 0! 0 0"/>
    <Edge fillStyle0="1" fillStyle1="0" strokeStyle="0" edges="!0 0! 5790 6002[ 5897 5997 5900 5963[ 5902 5925 5882 5876[ 5854 5808 5798 5804[ 5740 5800 5705 5865[ 5676 5918 5680 5956[ 5686 6004 5790 6002"/>
  </edges>
</DOMShape>
                                   </elements>
            </DOMFrame>
          </frames>
        </DOMLayer>
        <DOMLayer name="Layer 63">
          <frames>
            <DOMFrame index="0" motionTweenScale="false" keyMode="8192">
              <elements>
<DOMShape isFloating="true">
                                             <fills>
  <FillStyle index="1">
    <SolidColor color="#000000"/>
  </FillStyle>
</fills>
                                             <strokes/>
  <edges>
    <Edge fillStyle0="0" fillStyle1="0" strokeStyle="0" edges="!0 0! 0 0"/>
    <Edge fillStyle0="0" fillStyle1="1" strokeStyle="0" edges="!0 0! 5719 5443| 5714 5625[ 5711 5809 5720 5826[ 5732 5846 5768 5848[ 5804 5849 5825 5830[ 5855 5803 5806 5420| 5833 5407[ 5885 5792 5844 5853[ 5816 5895 5760 5890[ 5706 5884 5695 5853[ 5686 5831 5684 5629| 5684 5432| 5719 5443"/>
  </edges>
</DOMShape>
                                   </elements>
            </DOMFrame>
          </frames>
        </DOMLayer>
        <DOMLayer name="Layer 64">
          <frames>
            <DOMFrame index="0" motionTweenScale="false" keyMode="8192">
              <elements>
<DOMShape isFloating="true">
                                             <fills>
  <FillStyle index="1">
    <SolidColor color="#004695"/>
  </FillStyle>
</fills>
                                             <strokes/>
  <edges>
    <Edge fillStyle0="0" fillStyle1="0" strokeStyle="0" edges="!0 0! 0 0"/>
    <Edge fillStyle0="0" fillStyle1="1" strokeStyle="0" edges="!0 0! 5745 5492| 5738 5592[ 5733 5700 5741 5731[ 5755 5782 5803 5818| 5719 5872| 5706 5502| 5745 5492"/>
  </edges>
</DOMShape>
                                   </elements>
            </DOMFrame>
          </frames>
        </DOMLayer>
        <DOMLayer name="Layer 65">
          <frames>
            <DOMFrame index="0" motionTweenScale="false" keyMode="8192">
              <elements>
                                        <DOMShape isFloating="true">
                                             <fills>
  <FillStyle index="1">
    <SolidColor color="#007fff"/>
  </FillStyle>
</fills>
                                             <strokes/>
  <edges>
    <Edge fillStyle0="1" edges="!0 0! 5695 5429| 5706 5847| 5783 5877| 5851 5807| 5833 5407| 5695 5429"/>
  </edges>
</DOMShape>
                                   </elements>
            </DOMFrame>
          </frames>
        </DOMLayer>
      </layers>
    </DOMTimeline>
  </timeline>
</DOMSymbolItem>
