<DOMSymbolItem xmlns="http://ns.adobe.com/xfl/2008/" xmlns:xsi="http://www.w3.org/2001/XMLSchema-instance" name="Symbol 145" lastModified="1635072455" symbolType="graphic">
  <timeline>
    <DOMTimeline name="Symbol 145" currentFrame="0">
      <layers>
        <DOMLayer name="Layer 1">
          <frames>
            <DOMFrame index="0" motionTweenScale="false" keyMode="8192">
              <elements>
<DOMShape isFloating="true">
                                             <fills>
  <FillStyle index="1">
    <SolidColor color="#000000" alpha="1.0"/>
  </FillStyle>
</fills>
                                             <strokes/>
  <edges>
    <Edge fillStyle0="0" fillStyle1="0" strokeStyle="0" edges="!0 0! 0 0"/>
    <Edge fillStyle0="0" fillStyle1="1" strokeStyle="0" edges="!0 0! 4633 4068| 4613 4130[ 4592 4202 4594 4254| 4601 4393[ 4611 4470 4638 4470[ 4667 4470 4695 4377[ 4721 4290 4715 4254[ 4711 4229 4686 4182| 4662 4139| 4674 4146| 4699 4171[ 4737 4216 4740 4285[ 4742 4370 4711 4443[ 4680 4517 4638 4517[ 4599 4517 4578 4443[ 4561 4388 4548 4263[ 4540 4175 4586 4113[ 4609 4082 4633 4068"/>
  </edges>
</DOMShape>
                                   </elements>
            </DOMFrame>
          </frames>
        </DOMLayer>
        <DOMLayer name="Layer 2">
          <frames>
            <DOMFrame index="0" motionTweenScale="false" keyMode="8192">
              <elements>
<DOMShape isFloating="true">
                                             <fills>
  <FillStyle index="1">
    <SolidColor color="#000000" alpha="1.0"/>
  </FillStyle>
</fills>
                                             <strokes/>
  <edges>
    <Edge fillStyle0="0" fillStyle1="0" strokeStyle="0" edges="!0 0! 0 0"/>
    <Edge fillStyle0="1" fillStyle1="0" strokeStyle="0" edges="!0 0! 5545 3804[ 5815 3997 5821 4391[ 5826 4755 5676 4938[ 5630 4992 5562 5039| 5489 5093[ 5476 5111 5525 5209| 5636 5450[ 5792 5854 5688 6244[ 5688 6264 5725 6305[ 5759 6342 5809 6380[ 5859 6418 5895 6435| 5941 6434[ 5828 5719 5661 5372| 5610 5275| 5573 5213| 5555 5171[ 5552 5152 5560 5133[ 5573 5104 5641 5077[ 5727 5042 5771 5006[ 5944 4862 5939 4407[ 5934 3927 5572 3713[ 5348 3581 5040 3570[ 4946 3567 4795 3629[ 4628 3697 4490 3807[ 4328 3937 4255 4092[ 4169 4274 4219 4470[ 4305 4811 4521 4962[ 4571 4998 4665 5041[ 4731 5072 4740 5093[ 4748 5115 4662 5217[ 4519 5385 4459 5468[ 4153 5892 4148 6340[ 4159 6351 4224 6316| 4306 6261[ 4277 5897 4564 5473[ 4597 5424 4759 5210[ 4844 5097 4834 5070[ 4826 5044 4754 5014[ 4652 4971 4603 4938[ 4387 4790 4353 4415[ 4292 3734 5055 3673[ 5174 3663 5297 3693[ 5436 3727 5545 3804"/>
  </edges>
</DOMShape>
                                   </elements>
            </DOMFrame>
          </frames>
        </DOMLayer>
        <DOMLayer name="Layer 3">
          <frames>
            <DOMFrame index="0" motionTweenScale="false" keyMode="8192">
              <elements>
<DOMShape isFloating="true">
                                             <fills>
  <FillStyle index="1">
    <SolidColor color="#ffffff" alpha="1.0"/>
  </FillStyle>
</fills>
                                             <strokes/>
  <edges>
    <Edge fillStyle0="0" fillStyle1="0" strokeStyle="0" edges="!0 0! 0 0"/>
    <Edge fillStyle0="0" fillStyle1="1" strokeStyle="0" edges="!0 0! 4630 4074| 4693 4162| 4728 4273| 4712 4369| 4680 4485| 4622 4487| 4578 4342| 4594 4120| 4630 4074"/>
  </edges>
</DOMShape>
                                   </elements>
            </DOMFrame>
          </frames>
        </DOMLayer>
        <DOMLayer name="Layer 4">
          <frames>
            <DOMFrame index="0" motionTweenScale="false" keyMode="8192">
              <elements>
<DOMShape isFloating="true">
                                             <fills>
  <FillStyle index="1">
    <SolidColor color="#f0f5f7" alpha="1.0"/>
  </FillStyle>
</fills>
                                             <strokes/>
  <edges>
    <Edge fillStyle0="0" fillStyle1="0" strokeStyle="0" edges="!0 0! 0 0"/>
    <Edge fillStyle0="1" fillStyle1="0" strokeStyle="0" edges="!0 0! 5520 3720[ 5350 3616 5119 3602[ 4888 3589 4704 3675[ 4538 3753 4427 3902[ 4325 4040 4289 4212[ 4254 4379 4290 4533[ 4340 4752 4569 4937[ 4683 5029 4787 5078| 4384 5732| 4148 6340| 5941 6434| 5537 5117[ 5604 5075 5679 4991[ 5829 4823 5868 4612[ 5897 4456 5873 4293[ 5847 4116 5765 3973[ 5672 3814 5520 3720"/>
  </edges>
</DOMShape>
                                   </elements>
            </DOMFrame>
          </frames>
        </DOMLayer>
        <DOMLayer name="Layer 5">
          <frames>
            <DOMFrame index="0" motionTweenScale="false" keyMode="8192">
              <elements>
<DOMShape isFloating="true">
                                             <fills>
  <FillStyle index="1">
    <SolidColor color="#ffffff" alpha="0.6"/>
  </FillStyle>
</fills>
                                             <strokes/>
  <edges>
    <Edge fillStyle0="0" fillStyle1="0" strokeStyle="0" edges="!0 0! 0 0"/>
    <Edge fillStyle0="1" fillStyle1="0" strokeStyle="0" edges="!0 0! 6301 3905[ 6322 3866 6390 3840| 6504 3793| 6637 3863| 6576 3882[ 6509 3913 6482 3967[ 6459 4012 6471 4102[ 6483 4184 6464 4206| 6376 4271[ 6314 4312 6301 4354| 6284 4432[ 6278 4460 6257 4473[ 6194 4501 6151 4450[ 6130 4425 6121 4394[ 6114 4339 6183 4288[ 6164 4301 6198 4273[ 6274 4211 6324 4139[ 6361 4085 6324 4011[ 6285 3934 6301 3905"/>
  </edges>
</DOMShape>
                                   </elements>
            </DOMFrame>
          </frames>
        </DOMLayer>
        <DOMLayer name="Layer 6">
          <frames>
            <DOMFrame index="0" motionTweenScale="false" keyMode="8192">
              <elements>
<DOMShape isFloating="true">
                                             <fills>
  <FillStyle index="1">
    <SolidColor color="#ffffff" alpha="0.6"/>
  </FillStyle>
</fills>
                                             <strokes/>
  <edges>
    <Edge fillStyle0="0" fillStyle1="0" strokeStyle="0" edges="!0 0! 0 0"/>
    <Edge fillStyle0="1" fillStyle1="0" strokeStyle="0" edges="!0 0! 7961 4065[ 7940 4026 7872 4000| 7758 3953| 7625 4023| 7686 4042[ 7753 4073 7780 4127[ 7803 4172 7791 4262[ 7779 4344 7798 4366| 7886 4431[ 7948 4472 7961 4514| 7978 4592[ 7984 4620 8005 4633[ 8068 4661 8111 4610[ 8132 4585 8141 4554[ 8148 4499 8079 4448[ 8098 4461 8064 4433[ 7988 4371 7938 4299[ 7901 4245 7938 4171[ 7977 4094 7961 4065"/>
  </edges>
</DOMShape>
                                   </elements>
            </DOMFrame>
          </frames>
        </DOMLayer>
        <DOMLayer name="Layer 7">
          <frames>
            <DOMFrame index="0" motionTweenScale="false" keyMode="8192">
              <elements>
<DOMShape isFloating="true">
                                             <fills>
  <FillStyle index="1">
    <SolidColor color="#000000" alpha="1.0"/>
  </FillStyle>
</fills>
                                             <strokes/>
  <edges>
    <Edge fillStyle0="0" fillStyle1="0" strokeStyle="0" edges="!0 0! 0 0"/>
    <Edge fillStyle0="1" fillStyle1="0" strokeStyle="0" edges="!0 0! 6757 3923| 6747 3962[ 6728 4023 6683 4056[ 6730 3992 6727 3950| 6721 3927| 6716 3921| 6759 3907| 6757 3923"/>
  </edges>
</DOMShape>
                                   </elements>
            </DOMFrame>
          </frames>
        </DOMLayer>
        <DOMLayer name="Layer 8">
          <frames>
            <DOMFrame index="0" motionTweenScale="false" keyMode="8192">
              <elements>
<DOMShape isFloating="true">
                                             <fills>
  <FillStyle index="1">
    <SolidColor color="#000000" alpha="1.0"/>
  </FillStyle>
</fills>
                                             <strokes/>
  <edges>
    <Edge fillStyle0="0" fillStyle1="0" strokeStyle="0" edges="!0 0! 0 0"/>
    <Edge fillStyle0="1" fillStyle1="0" strokeStyle="0" edges="!0 0! 6446 3688[ 6555 3596 6668 3609[ 6782 3621 6851 3721[ 6886 3770 6898 3817| 6828 3829[ 6823 3784 6800 3738[ 6752 3646 6659 3638[ 6567 3632 6485 3710[ 6444 3749 6422 3790| 6583 3947| 6759 3907| 6572 3986| 6360 3782[ 6392 3733 6446 3688"/>
  </edges>
</DOMShape>
                                   </elements>
            </DOMFrame>
          </frames>
        </DOMLayer>
        <DOMLayer name="Layer 9">
          <frames>
            <DOMFrame index="0" motionTweenScale="false" keyMode="8192">
              <elements>
<DOMShape isFloating="true">
                                             <fills>
  <FillStyle index="1">
    <SolidColor color="#ffffff" alpha="1.0"/>
  </FillStyle>
</fills>
                                             <strokes/>
  <edges>
    <Edge fillStyle0="0" fillStyle1="0" strokeStyle="0" edges="!0 0! 0 0"/>
    <Edge fillStyle0="1" fillStyle1="0" strokeStyle="0" edges="!0 0! 6516 3649| 6659 3626| 6793 3667| 6895 3816| 6750 3914| 6561 3962| 6383 3782| 6516 3649"/>
  </edges>
</DOMShape>
                                   </elements>
            </DOMFrame>
          </frames>
        </DOMLayer>
        <DOMLayer name="Layer 10">
          <frames>
            <DOMFrame index="0" motionTweenScale="false" keyMode="8192">
              <elements>
<DOMShape isFloating="true">
                                             <fills>
  <FillStyle index="1">
    <SolidColor color="#000000" alpha="1.0"/>
  </FillStyle>
</fills>
                                             <strokes/>
  <edges>
    <Edge fillStyle0="0" fillStyle1="0" strokeStyle="0" edges="!0 0! 0 0"/>
    <Edge fillStyle0="1" fillStyle1="0" strokeStyle="0" edges="!0 0! 7452 3996| 7457 4046[ 7474 4125 7525 4172[ 7477 4086 7486 4034[ 7488 4018 7496 4007| 7504 4000| 7452 3976| 7452 3996"/>
  </edges>
</DOMShape>
                                   </elements>
            </DOMFrame>
          </frames>
        </DOMLayer>
        <DOMLayer name="Layer 11">
          <frames>
            <DOMFrame index="0" motionTweenScale="false" keyMode="8192">
              <elements>
<DOMShape isFloating="true">
                                             <fills>
  <FillStyle index="1">
    <SolidColor color="#000000" alpha="1.0"/>
  </FillStyle>
</fills>
                                             <strokes/>
  <edges>
    <Edge fillStyle0="0" fillStyle1="0" strokeStyle="0" edges="!0 0! 0 0"/>
    <Edge fillStyle0="1" fillStyle1="0" strokeStyle="0" edges="!0 0! 7872 3748[ 7750 3618 7606 3618[ 7464 3618 7364 3731[ 7314 3788 7292 3845| 7377 3869[ 7390 3814 7426 3760[ 7498 3652 7614 3656[ 7730 3661 7820 3770[ 7865 3824 7888 3879| 7665 4050| 7452 3976| 7673 4102| 7966 3876[ 7933 3811 7872 3748"/>
  </edges>
</DOMShape>
                                   </elements>
            </DOMFrame>
          </frames>
        </DOMLayer>
        <DOMLayer name="Layer 12">
          <frames>
            <DOMFrame index="0" motionTweenScale="false" keyMode="8192">
              <elements>
<DOMShape isFloating="true">
                                             <fills>
  <FillStyle index="1">
    <SolidColor color="#ffffff" alpha="1.0"/>
  </FillStyle>
</fills>
                                             <strokes/>
  <edges>
    <Edge fillStyle0="0" fillStyle1="0" strokeStyle="0" edges="!6625 4781! 0 0"/>
    <Edge fillStyle0="1" fillStyle1="0" strokeStyle="0" edges="!0 0! 7791 3690| 7616 3641| 7444 3673| 7296 3844| 7462 3986| 7691 4072| 7938 3874| 7791 3690"/>
  </edges>
</DOMShape>
                                   </elements>
            </DOMFrame>
          </frames>
        </DOMLayer>
        <DOMLayer name="Layer 13">
          <frames>
            <DOMFrame index="0" motionTweenScale="false" keyMode="8192">
              <elements>
<DOMShape isFloating="true">
                                             <fills>
  <FillStyle index="1">
    <SolidColor color="#a90101" alpha="1.0"/>
  </FillStyle>
  <FillStyle index="2">
    <SolidColor color="#ffffff" alpha="1.0"/>
  </FillStyle>
  <FillStyle index="3">
    <SolidColor color="#7e0101" alpha="1.0"/>
  </FillStyle>
</fills>
                                             <strokes/>
  <edges>
    <Edge fillStyle0="0" fillStyle1="0" strokeStyle="0" edges="!0 0! 0 0"/>
    <Edge fillStyle0="2" fillStyle1="0" strokeStyle="0" edges="!0 0! 7590 4448[ 7579 4413 7558 4391[ 7484 4317 7050 4274| 6564 4242[ 6584 4261 6597 4315"/>
    <Edge fillStyle0="2" fillStyle1="3" strokeStyle="0" edges="!6597 4315[ 7101 4296 7590 4448"/>
    <Edge fillStyle0="0" fillStyle1="3" strokeStyle="0" edges="!7590 4448[ 7616 4534 7573 4697"/>
    <Edge fillStyle0="0" fillStyle1="1" strokeStyle="0" edges="!7573 4697[ 7551 4777 7520 4846| 7517 4853"/>
    <Edge fillStyle0="0" fillStyle1="2" strokeStyle="0" edges="!7517 4853[ 7485 4922 7468 4930| 7055 4943[ 6696 4908 6642 4859[ 6631 4848 6625 4781"/>
    <Edge fillStyle0="0" fillStyle1="1" strokeStyle="0" edges="!6625 4781[ 6619 4707 6618 4567| 6618 4530"/>
    <Edge fillStyle0="0" fillStyle1="3" strokeStyle="0" edges="!6618 4530[ 6614 4389 6597 4315"/>
    <Edge fillStyle0="2" fillStyle1="1" strokeStyle="0" edges="!6597 4315! 7517 4853| 7516 4847[ 7061 4893 6625 4781"/>
    <Edge fillStyle0="1" fillStyle1="3" strokeStyle="0" edges="!6625 4781! 7573 4697[ 7102 4486 6618 4530"/>
  </edges>
</DOMShape>
                                   </elements>
            </DOMFrame>
          </frames>
        </DOMLayer>
        <DOMLayer name="Layer 14">
          <frames>
            <DOMFrame index="0" motionTweenScale="false" keyMode="8192">
              <elements>
<DOMShape isFloating="true">
                                             <fills>
  <FillStyle index="1">
    <SolidColor color="#000000" alpha="1.0"/>
  </FillStyle>
</fills>
                                             <strokes/>
  <edges>
    <Edge fillStyle0="0" fillStyle1="0" strokeStyle="0" edges="!8032 5237! 0 0"/>
    <Edge fillStyle0="0" fillStyle1="1" strokeStyle="0" edges="!0 0! 7609 4736[ 7577 4874 7532 4992| 6563 4881[ 6581 4762 6586 4628[ 6597 4356 6529 4276| 6434 4160[ 6421 4137 6440 4109[ 6468 4070 6548 4061[ 6515 4066 6479 4121[ 6442 4176 6583 4207| 7060 4236[ 7549 4284 7611 4373[ 7672 4463 7609 4736"/>
  </edges>
</DOMShape>
                                   </elements>
            </DOMFrame>
          </frames>
        </DOMLayer>
        <DOMLayer name="Layer 15">
          <frames>
            <DOMFrame index="0" motionTweenScale="false" keyMode="8192">
              <elements>
<DOMShape isFloating="true">
                                             <fills>
  <FillStyle index="1">
    <SolidColor color="#000000" alpha="1.0"/>
  </FillStyle>
</fills>
                                             <strokes/>
  <edges>
    <Edge fillStyle0="0" fillStyle1="0" strokeStyle="0" edges="!0 0! 0 0"/>
    <Edge fillStyle0="1" fillStyle1="0" strokeStyle="0" edges="!0 0! 8032 5237[ 8130 5179 8222 4994| 8294 4821| 8251 5066[ 8195 5323 8131 5391[ 8059 5468 7997 5469[ 7961 5470 7941 5449[ 7919 5429 7926 5377[ 7937 5293 8032 5237"/>
    <Edge fillStyle0="1" fillStyle1="0" strokeStyle="0" edges="!8032 5237! 7884 5371[ 7874 5445 7910 5479[ 7944 5513 7998 5511[ 8079 5510 8162 5422[ 8232 5346 8275 5063| 8307 4779| 8212 4958[ 8101 5146 8010 5200[ 7897 5267 7884 5371"/>
  </edges>
</DOMShape>
                                   </elements>
            </DOMFrame>
          </frames>
        </DOMLayer>
        <DOMLayer name="Layer 16">
          <frames>
            <DOMFrame index="0" motionTweenScale="false" keyMode="8192">
              <elements>
<DOMShape isFloating="true">
                                             <fills>
  <FillStyle index="1">
    <SolidColor color="#f4a057" alpha="1.0"/>
  </FillStyle>
</fills>
                                             <strokes/>
  <edges>
    <Edge fillStyle0="0" fillStyle1="0" strokeStyle="0" edges="!0 0! 0 0"/>
    <Edge fillStyle0="1" fillStyle1="0" strokeStyle="0" edges="!0 0! 8258 4940| 8206 5081[ 8149 5231 8121 5274[ 8098 5311 8056 5320[ 8009 5332 7984 5361[ 7930 5422 7952 5497| 8132 5441| 8220 5280| 8285 4957| 8280 4923| 8258 4940"/>
  </edges>
</DOMShape>
                                   </elements>
            </DOMFrame>
          </frames>
        </DOMLayer>
        <DOMLayer name="Layer 17">
          <frames>
            <DOMFrame index="0" motionTweenScale="false" keyMode="8192">
              <elements>
<DOMShape isFloating="true">
                                             <fills>
  <FillStyle index="1">
    <SolidColor color="#f5c4a0" alpha="1.0"/>
  </FillStyle>
</fills>
                                             <strokes/>
  <edges>
    <Edge fillStyle0="0" fillStyle1="0" strokeStyle="0" edges="!0 0! 0 0"/>
    <Edge fillStyle0="0" fillStyle1="1" strokeStyle="0" edges="!0 0! 8222 4971| 8307 4791| 8268 5055[ 8215 5334 8146 5406[ 8075 5483 8007 5490[ 7956 5494 7925 5464[ 7893 5432 7907 5363[ 7924 5275 8021 5218[ 8117 5162 8222 4971"/>
  </edges>
</DOMShape>
                                   </elements>
            </DOMFrame>
          </frames>
        </DOMLayer>
        <DOMLayer name="Layer 18">
          <frames>
            <DOMFrame index="0" motionTweenScale="false" keyMode="8192">
              <elements>
<DOMShape isFloating="true">
                                             <fills>
  <FillStyle index="1">
    <SolidColor color="#000000" alpha="1.0"/>
  </FillStyle>
</fills>
                                             <strokes/>
  <edges>
    <Edge fillStyle0="0" fillStyle1="0" strokeStyle="0" edges="!0 0! 0 0"/>
    <Edge fillStyle0="1" fillStyle1="0" strokeStyle="0" edges="!0 0! 7160 4041| 7119 4078| 7045 4083| 7009 4166| 6995 4044| 7160 4041"/>
  </edges>
</DOMShape>
                                   </elements>
            </DOMFrame>
          </frames>
        </DOMLayer>
        <DOMLayer name="Layer 19">
          <frames>
            <DOMFrame index="0" motionTweenScale="false" keyMode="8192">
              <elements>
<DOMShape isFloating="true">
                                             <fills>
  <FillStyle index="1">
    <SolidColor color="#f69c6b" alpha="1.0"/>
  </FillStyle>
</fills>
                                             <strokes/>
  <edges>
    <Edge fillStyle0="0" fillStyle1="0" strokeStyle="0" edges="!0 0! 0 0"/>
    <Edge fillStyle0="1" fillStyle1="0" strokeStyle="0" edges="!0 0! 7172 4027| 7127 4071| 7002 4066| 7007 4170| 6972 4030| 7172 4027"/>
  </edges>
</DOMShape>
                                   </elements>
            </DOMFrame>
          </frames>
        </DOMLayer>
        <DOMLayer name="Layer 20">
          <frames>
            <DOMFrame index="0" motionTweenScale="false" keyMode="8192">
              <elements>
<DOMShape isFloating="true">
                                             <fills>
  <FillStyle index="1">
    <SolidColor color="#f4a057" alpha="1.0"/>
  </FillStyle>
</fills>
                                             <strokes/>
  <edges>
    <Edge fillStyle0="0" fillStyle1="0" strokeStyle="0" edges="!0 0! 0 0"/>
    <Edge fillStyle0="1" fillStyle1="0" strokeStyle="0" edges="!0 0! 7043 3501| 7080 3516| 7124 3544[ 7135 3560 7113 3636[ 7157 3549 7149 3531[ 7144 3518 7094 3508| 7043 3501"/>
  </edges>
</DOMShape>
                                   </elements>
            </DOMFrame>
          </frames>
        </DOMLayer>
        <DOMLayer name="Layer 21">
          <frames>
            <DOMFrame index="0" motionTweenScale="false" keyMode="8192">
              <elements>
<DOMShape isFloating="true">
                                             <fills>
  <FillStyle index="1">
    <SolidColor color="#f4a057" alpha="1.0"/>
  </FillStyle>
</fills>
                                             <strokes/>
  <edges>
    <Edge fillStyle0="0" fillStyle1="0" strokeStyle="0" edges="!0 0! 0 0"/>
    <Edge fillStyle0="0" fillStyle1="1" strokeStyle="0" edges="!0 0! 7179 4634[ 7196 4622 7220 4609[ 7268 4585 7297 4588[ 7345 4593 7384 4687[ 7326 4628 7293 4621| 7224 4624| 7179 4634"/>
  </edges>
</DOMShape>
                                   </elements>
            </DOMFrame>
          </frames>
        </DOMLayer>
        <DOMLayer name="Layer 22">
          <frames>
            <DOMFrame index="0" motionTweenScale="false" keyMode="8192">
              <elements>
<DOMShape isFloating="true">
                                             <fills>
  <FillStyle index="1">
    <SolidColor color="#f4a057" alpha="1.0"/>
  </FillStyle>
</fills>
                                             <strokes/>
  <edges>
    <Edge fillStyle0="0" fillStyle1="0" strokeStyle="0" edges="!0 0! 0 0"/>
    <Edge fillStyle0="1" fillStyle1="0" strokeStyle="0" edges="!0 0! 7625 4340| 7657 4334[ 7691 4333 7704 4353[ 7722 4383 7713 4462[ 7753 4363 7724 4335[ 7706 4317 7663 4327| 7625 4340"/>
  </edges>
</DOMShape>
                                   </elements>
            </DOMFrame>
          </frames>
        </DOMLayer>
        <DOMLayer name="Layer 23">
          <frames>
            <DOMFrame index="0" motionTweenScale="false" keyMode="8192">
              <elements>
<DOMShape isFloating="true">
                                             <fills>
  <FillStyle index="1">
    <SolidColor color="#000000" alpha="1.0"/>
  </FillStyle>
</fills>
                                             <strokes/>
  <edges>
    <Edge fillStyle0="0" fillStyle1="0" strokeStyle="0" edges="!0 0! 0 0"/>
    <Edge fillStyle0="1" fillStyle1="0" strokeStyle="0" edges="!0 0! 8209 4127| 8180 4131| 8202 4180| 8230 4185| 8209 4127"/>
  </edges>
</DOMShape>
                                   </elements>
            </DOMFrame>
          </frames>
        </DOMLayer>
        <DOMLayer name="Layer 24">
          <frames>
            <DOMFrame index="0" motionTweenScale="false" keyMode="8192">
              <elements>
<DOMShape isFloating="true">
                                             <fills>
  <FillStyle index="1">
    <SolidColor color="#000000" alpha="1.0"/>
  </FillStyle>
</fills>
                                             <strokes/>
  <edges>
    <Edge fillStyle0="0" fillStyle1="0" strokeStyle="0" edges="!0 0! 0 0"/>
    <Edge fillStyle0="1" fillStyle1="0" strokeStyle="0" edges="!0 0! 8285 4117| 8249 4122| 8277 4183| 8312 4189| 8285 4117"/>
  </edges>
</DOMShape>
                                   </elements>
            </DOMFrame>
          </frames>
        </DOMLayer>
        <DOMLayer name="Layer 25">
          <frames>
            <DOMFrame index="0" motionTweenScale="false" keyMode="8192">
              <elements>
<DOMShape isFloating="true">
                                             <fills>
  <FillStyle index="1">
    <SolidColor color="#000000" alpha="1.0"/>
  </FillStyle>
</fills>
                                             <strokes/>
  <edges>
    <Edge fillStyle0="0" fillStyle1="0" strokeStyle="0" edges="!0 0! 0 0"/>
    <Edge fillStyle0="0" fillStyle1="1" strokeStyle="0" edges="!0 0! 6294 4048| 6323 4053| 6298 4101| 6270 4105| 6294 4048"/>
  </edges>
</DOMShape>
                                   </elements>
            </DOMFrame>
          </frames>
        </DOMLayer>
        <DOMLayer name="Layer 26">
          <frames>
            <DOMFrame index="0" motionTweenScale="false" keyMode="8192">
              <elements>
<DOMShape isFloating="true">
                                             <fills>
  <FillStyle index="1">
    <SolidColor color="#000000" alpha="1.0"/>
  </FillStyle>
</fills>
                                             <strokes/>
  <edges>
    <Edge fillStyle0="0" fillStyle1="0" strokeStyle="0" edges="!0 0! 0 0"/>
    <Edge fillStyle0="0" fillStyle1="1" strokeStyle="0" edges="!0 0! 6219 4034| 6255 4042| 6224 4100| 6188 4106| 6219 4034"/>
  </edges>
</DOMShape>
                                   </elements>
            </DOMFrame>
          </frames>
        </DOMLayer>
        <DOMLayer name="Layer 27">
          <frames>
            <DOMFrame index="0" motionTweenScale="false" keyMode="8192">
              <elements>
<DOMShape isFloating="true">
                                             <fills>
  <FillStyle index="1">
    <SolidColor color="#000000" alpha="1.0"/>
  </FillStyle>
</fills>
                                             <strokes/>
  <edges>
    <Edge fillStyle0="0" fillStyle1="0" strokeStyle="0" edges="!0 0! 0 0"/>
    <Edge fillStyle0="1" fillStyle1="0" strokeStyle="0" edges="!0 0! 6292 3555[ 6419 3600 6526 3581[ 6639 3561 6754 3490[ 6856 3426 6854 3400[ 6852 3383 6793 3357| 6734 3335[ 6792 3367 6773 3395[ 6712 3480 6540 3514| 6307 3522| 6185 3508| 6292 3555"/>
  </edges>
</DOMShape>
                                   </elements>
            </DOMFrame>
          </frames>
        </DOMLayer>
        <DOMLayer name="Layer 28">
          <frames>
            <DOMFrame index="0" motionTweenScale="false" keyMode="8192">
              <elements>
<DOMShape isFloating="true">
                                             <fills>
  <FillStyle index="1">
    <SolidColor color="#000000" alpha="1.0"/>
  </FillStyle>
</fills>
                                             <strokes/>
  <edges>
    <Edge fillStyle0="0" fillStyle1="0" strokeStyle="0" edges="!0 0! 0 0"/>
    <Edge fillStyle0="1" fillStyle1="0" strokeStyle="0" edges="!0 0! 7309 3524| 7332 3560[ 7366 3596 7417 3601[ 7463 3605 7603 3541[ 7754 3471 7779 3467[ 7850 3455 7985 3508[ 7854 3389 7783 3401[ 7749 3407 7610 3478[ 7471 3548 7430 3555[ 7379 3562 7340 3545| 7309 3524"/>
  </edges>
</DOMShape>
                                   </elements>
            </DOMFrame>
          </frames>
        </DOMLayer>
        <DOMLayer name="Layer 29">
          <frames>
            <DOMFrame index="0" motionTweenScale="false" keyMode="8192">
              <elements>
<DOMShape isFloating="true">
                                             <fills>
  <FillStyle index="1">
    <SolidColor color="#000000" alpha="1.0"/>
  </FillStyle>
</fills>
                                             <strokes/>
  <edges>
    <Edge fillStyle0="0" fillStyle1="0" strokeStyle="0" edges="!0 0! 0 0"/>
    <Edge fillStyle0="1" fillStyle1="0" strokeStyle="0" edges="!0 0! 8280 2075[ 8270 2143 8078 2407[ 8012 2212 7935 2018[ 7781 1630 7721 1634[ 7733 1716 7527 1858| 7330 1461| 7071 1848| 7006 1757[ 6941 1660 6942 1633[ 6902 1625 6645 1979[ 6516 2156 6395 2334[ 6369 2298 6347 2246[ 6301 2141 6318 2059[ 6234 2074 6126 2499[ 6072 2710 6034 2920[ 5865 2847 5812 2754[ 5797 2768 5813 2922| 5857 3269[ 5926 3806 5900 3956[ 5907 3941 5954 3905| 5998 3873| 5932 3344[ 5889 3034 5861 2921| 5936 2966[ 6007 3001 6083 3029[ 6123 2823 6170 2614[ 6263 2195 6301 2181[ 6279 2280 6415 2496| 6647 2122[ 6884 1748 6904 1746[ 6888 1785 6975 1869| 7063 1946| 7323 1598| 7502 1993[ 7758 1807 7745 1743[ 7774 1744 7913 2159| 8047 2575[ 8298 2261 8296 2185[ 8364 2427 8383 2828[ 8392 3029 8388 3180| 8528 3112[ 8671 3045 8688 3054[ 8590 3125 8521 3602[ 8487 3840 8472 4063| 8520 4169[ 8535 3928 8576 3658[ 8659 3117 8796 2967[ 8757 2928 8601 2987[ 8526 3019 8452 3053[ 8447 2830 8423 2597[ 8374 2131 8280 2075"/>
  </edges>
</DOMShape>
                                   </elements>
            </DOMFrame>
          </frames>
        </DOMLayer>
        <DOMLayer name="Layer 30">
          <frames>
            <DOMFrame index="0" motionTweenScale="false" keyMode="8192">
              <elements>
<DOMShape isFloating="true">
                                             <fills>
  <FillStyle index="1">
    <SolidColor color="#000000" alpha="1.0"/>
  </FillStyle>
</fills>
                                             <strokes/>
  <edges>
    <Edge fillStyle0="0" fillStyle1="0" strokeStyle="0" edges="!0 0! 0 0"/>
    <Edge fillStyle0="0" fillStyle1="1" strokeStyle="0" edges="!0 0! 8258 3319| 8312 3652| 8159 3374| 7938 3515| 7848 3251| 7692 3328| 7887 3113| 7967 3339| 8155 3227| 8258 3319"/>
  </edges>
</DOMShape>
                                   </elements>
            </DOMFrame>
          </frames>
        </DOMLayer>
        <DOMLayer name="Layer 31">
          <frames>
            <DOMFrame index="0" motionTweenScale="false" keyMode="8192">
              <elements>
<DOMShape isFloating="true">
                                             <fills>
  <FillStyle index="1">
    <SolidColor color="#000000" alpha="1.0"/>
  </FillStyle>
</fills>
                                             <strokes/>
  <edges>
    <Edge fillStyle0="0" fillStyle1="0" strokeStyle="0" edges="!0 0! 0 0"/>
    <Edge fillStyle0="1" fillStyle1="0" strokeStyle="0" edges="!0 0! 6783 3299[ 6909 3189 7043 3082[ 7309 2865 7347 2878[ 7295 2954 7368 3196| 7599 3096| 7678 3228| 7707 3185| 7618 2985| 7454 3074[ 7402 2821 7438 2750[ 7327 2753 6939 3056[ 6746 3208 6578 3353| 6783 3299"/>
  </edges>
</DOMShape>
                                   </elements>
            </DOMFrame>
          </frames>
        </DOMLayer>
        <DOMLayer name="Layer 32">
          <frames>
            <DOMFrame index="0" motionTweenScale="false" keyMode="8192">
              <elements>
<DOMShape isFloating="true">
                                             <fills>
  <FillStyle index="1">
    <SolidColor color="#000000" alpha="1.0"/>
  </FillStyle>
</fills>
                                             <strokes/>
  <edges>
    <Edge fillStyle0="0" fillStyle1="0" strokeStyle="0" edges="!0 0! 0 0"/>
    <Edge fillStyle0="1" fillStyle1="0" strokeStyle="0" edges="!0 0! 6394 3029[ 6299 2928 6281 2931[ 6262 3198 6128 3647| 6332 3060| 6499 3272| 6671 2946| 6791 3133[ 6818 3111 6846 3091| 6681 2810| 6484 3131| 6394 3029"/>
  </edges>
</DOMShape>
                                   </elements>
            </DOMFrame>
          </frames>
        </DOMLayer>
        <DOMLayer name="Layer 33">
          <frames>
            <DOMFrame index="0" motionTweenScale="false" keyMode="8192">
              <elements>
<DOMShape isFloating="true">
                                             <fills>
  <FillStyle index="1">
    <SolidColor color="#000000" alpha="1.0"/>
  </FillStyle>
</fills>
                                             <strokes/>
  <edges>
    <Edge fillStyle0="0" fillStyle1="0" strokeStyle="0" edges="!0 0! 0 0"/>
    <Edge fillStyle0="0" fillStyle1="1" strokeStyle="0" edges="!0 0! 6097 3872[ 6134 3914 6089 3941| 5989 3952[ 5890 3976 5889 4040[ 5889 4141 6005 4301[ 5962 4277 5919 4233[ 5834 4145 5831 4045[ 5828 3938 5948 3882[ 5995 3861 6040 3859[ 6083 3855 6097 3872"/>
  </edges>
</DOMShape>
                                   </elements>
            </DOMFrame>
          </frames>
        </DOMLayer>
        <DOMLayer name="Layer 34">
          <frames>
            <DOMFrame index="0" motionTweenScale="false" keyMode="8192">
              <elements>
<DOMShape isFloating="true">
                                             <fills>
  <FillStyle index="1">
    <SolidColor color="#000000" alpha="1.0"/>
  </FillStyle>
</fills>
                                             <strokes/>
  <edges>
    <Edge fillStyle0="0" fillStyle1="0" strokeStyle="0" edges="!0 0! 0 0"/>
    <Edge fillStyle0="1" fillStyle1="0" strokeStyle="0" edges="!0 0! 8358 4017[ 8346 4030 8363 4046| 8412 4078[ 8492 4131 8490 4187[ 8486 4289 8375 4448[ 8414 4425 8457 4382[ 8541 4295 8548 4196[ 8557 4088 8473 4032[ 8440 4009 8406 4004[ 8372 4001 8358 4017"/>
  </edges>
</DOMShape>
                                   </elements>
            </DOMFrame>
          </frames>
        </DOMLayer>
        <DOMLayer name="Layer 35">
          <frames>
            <DOMFrame index="0" motionTweenScale="false" keyMode="8192">
              <elements>
<DOMShape isFloating="true">
                                             <fills>
  <FillStyle index="1">
    <SolidColor color="#000000" alpha="1.0"/>
  </FillStyle>
</fills>
                                             <strokes/>
  <edges>
    <Edge fillStyle0="0" fillStyle1="0" strokeStyle="0" edges="!0 0! 0 0"/>
    <Edge fillStyle0="0" fillStyle1="1" strokeStyle="0" edges="!0 0! 8293 3511| 8362 3917[ 8452 4539 8377 4741[ 8301 4948 7772 5006| 7383 5025| 7146 5015[ 6827 4980 6533 4892[ 6024 4738 5983 4506[ 5943 4277 6117 3656[ 6172 3461 6240 3251| 6298 3080| 6159 3704[ 6027 4359 6061 4512[ 6099 4677 6486 4800[ 6795 4900 7162 4932[ 7547 4966 7825 4940[ 8204 4904 8289 4760[ 8370 4626 8321 3968[ 8306 3763 8279 3529| 8256 3337| 8293 3511"/>
  </edges>
</DOMShape>
                                   </elements>
            </DOMFrame>
          </frames>
        </DOMLayer>
        <DOMLayer name="Layer 36">
          <frames>
            <DOMFrame index="0" motionTweenScale="false" keyMode="8192">
              <elements>
<DOMShape isFloating="true">
                                             <fills>
  <FillStyle index="1">
    <SolidColor color="#f4a057" alpha="1.0"/>
  </FillStyle>
</fills>
                                             <strokes/>
  <edges>
    <Edge fillStyle0="0" fillStyle1="0" strokeStyle="0" edges="!0 0! 0 0"/>
    <Edge fillStyle0="0" fillStyle1="1" strokeStyle="0" edges="!0 0! 6066 3996| 6002 4200[ 5931 4126 5943 4060[ 5952 4018 6009 4003| 6066 3996"/>
  </edges>
</DOMShape>
                                   </elements>
            </DOMFrame>
          </frames>
        </DOMLayer>
        <DOMLayer name="Layer 37">
          <frames>
            <DOMFrame index="0" motionTweenScale="false" keyMode="8192">
              <elements>
<DOMShape isFloating="true">
                                             <fills>
  <FillStyle index="1">
    <SolidColor color="#f4a057" alpha="1.0"/>
  </FillStyle>
</fills>
                                             <strokes/>
  <edges>
    <Edge fillStyle0="0" fillStyle1="0" strokeStyle="0" edges="!0 0! 0 0"/>
    <Edge fillStyle0="1" fillStyle1="0" strokeStyle="0" edges="!0 0! 8362 4138| 8389 4307[ 8451 4228 8439 4187[ 8432 4161 8395 4147| 8362 4138"/>
  </edges>
</DOMShape>
                                   </elements>
            </DOMFrame>
          </frames>
        </DOMLayer>
        <DOMLayer name="Layer 38">
          <frames>
            <DOMFrame index="0" motionTweenScale="false" keyMode="8192">
              <elements>
<DOMShape isFloating="true">
                                             <fills>
  <FillStyle index="1">
    <SolidColor color="#f4a057" alpha="1.0"/>
  </FillStyle>
</fills>
                                             <strokes/>
  <edges>
    <Edge fillStyle0="0" fillStyle1="0" strokeStyle="0" edges="!0 0! 0 0"/>
    <Edge fillStyle0="0" fillStyle1="1" strokeStyle="0" edges="!0 0! 7578 3138| 7475 3171[ 7370 3212 7349 3241[ 7332 3246 7304 3105[ 7275 2968 7285 2941[ 7290 2924 7036 3116| 6781 3311| 6561 3359| 7378 2784| 7388 3134| 7615 3027| 7678 3227| 7578 3138"/>
  </edges>
</DOMShape>
                                   </elements>
            </DOMFrame>
          </frames>
        </DOMLayer>
        <DOMLayer name="Layer 39">
          <frames>
            <DOMFrame index="0" motionTweenScale="false" keyMode="8192">
              <elements>
<DOMShape isFloating="true">
                                             <fills>
  <FillStyle index="1">
    <SolidColor color="#f4a057" alpha="1.0"/>
  </FillStyle>
</fills>
                                             <strokes/>
  <edges>
    <Edge fillStyle0="0" fillStyle1="0" strokeStyle="0" edges="!0 0! 0 0"/>
    <Edge fillStyle0="1" fillStyle1="0" strokeStyle="0" edges="!0 0! 6496 3156| 6301 2977| 6238 3358| 6349 3110| 6508 3316| 6662 3015| 6787 3130| 6825 3083| 6669 2854| 6496 3156"/>
  </edges>
</DOMShape>
                                   </elements>
            </DOMFrame>
          </frames>
        </DOMLayer>
        <DOMLayer name="Layer 40">
          <frames>
            <DOMFrame index="0" motionTweenScale="false" keyMode="8192">
              <elements>
<DOMShape isFloating="true">
                                             <fills>
  <FillStyle index="1">
    <SolidColor color="#f4a057" alpha="1.0"/>
  </FillStyle>
</fills>
                                             <strokes/>
  <edges>
    <Edge fillStyle0="0" fillStyle1="0" strokeStyle="0" edges="!0 0! 0 0"/>
    <Edge fillStyle0="0" fillStyle1="1" strokeStyle="0" edges="!0 0! 8295 3532| 8334 3767| 8143 3426| 7908 3560| 7835 3314| 7696 3320| 7886 3186| 7951 3404| 8170 3277| 8295 3532"/>
  </edges>
</DOMShape>
                                   </elements>
            </DOMFrame>
          </frames>
        </DOMLayer>
        <DOMLayer name="Layer 41">
          <frames>
            <DOMFrame index="0" motionTweenScale="false" keyMode="8192">
              <elements>
<DOMShape isFloating="true">
                                             <fills>
  <FillStyle index="1">
    <SolidColor color="#f4a057" alpha="1.0"/>
  </FillStyle>
</fills>
                                             <strokes/>
  <edges>
    <Edge fillStyle0="0" fillStyle1="0" strokeStyle="0" edges="!0 0! 0 0"/>
    <Edge fillStyle0="1" fillStyle1="0" strokeStyle="0" edges="!0 0! 6271 3187| 6138 3762[ 6010 4352 6029 4430| 6043 4501[ 6051 4530 6061 4549[ 6083 4588 6212 4705[ 6362 4865 6915 4931| 7438 4965[ 7347 4807 7290 4786[ 7257 4774 7194 4793[ 7115 4817 7079 4818[ 7042 4819 6935 4793[ 6812 4763 6692 4719[ 6354 4593 6264 4435[ 6179 4284 6216 3721[ 6228 3544 6251 3347| 6271 3187"/>
  </edges>
</DOMShape>
                                   </elements>
            </DOMFrame>
          </frames>
        </DOMLayer>
        <DOMLayer name="Layer 42">
          <frames>
            <DOMFrame index="0" motionTweenScale="false" keyMode="8192">
              <elements>
<DOMShape isFloating="true">
                                             <fills>
  <FillStyle index="1">
    <SolidColor color="#f4a057" alpha="1.0"/>
  </FillStyle>
</fills>
                                             <strokes/>
  <edges>
    <Edge fillStyle0="0" fillStyle1="0" strokeStyle="0" edges="!0 0! 0 0"/>
    <Edge fillStyle0="1" fillStyle1="0" strokeStyle="0" edges="!0 0! 8254 4647[ 8029 4890 7256 4885[ 7262 4915 7320 4947| 7425 4959[ 7557 4968 7685 4963[ 8095 4946 8315 4784[ 8363 4684 8349 4535| 8332 4442| 8332 4480[ 8325 4572 8254 4647"/>
  </edges>
</DOMShape>
                                   </elements>
            </DOMFrame>
          </frames>
        </DOMLayer>
        <DOMLayer name="Layer 43">
          <frames>
            <DOMFrame index="0" motionTweenScale="false" keyMode="8192">
              <elements>
<DOMShape isFloating="true">
                                             <fills>
  <FillStyle index="1">
    <SolidColor color="#f5be8b" alpha="1.0"/>
  </FillStyle>
</fills>
                                             <strokes/>
  <edges>
    <Edge fillStyle0="0" fillStyle1="0" strokeStyle="0" edges="!0 0! 0 0"/>
    <Edge fillStyle0="1" fillStyle1="0" strokeStyle="0" edges="!0 0! 8144 3275| 7978 3384| 7873 3186| 7753 3281| 7613 3017| 7431 3099| 7378 2784| 6863 3122| 6686 2846| 6520 3145| 6478 3150| 6323 2983| 6249 3231| 6079 3893[ 6036 3895 5989 3909[ 5895 3939 5873 3994[ 5852 4052 5924 4188[ 5959 4256 6000 4312| 6028 4523| 6051 4581[ 6091 4649 6185 4711[ 6485 4907 7198 4949[ 7911 4992 8200 4860[ 8290 4818 8326 4763| 8345 4718| 8385 4411[ 8417 4396 8450 4364[ 8515 4299 8516 4213[ 8515 4125 8437 4073[ 8412 4058 8383 4046| 8358 4039| 8279 3447| 8144 3275"/>
  </edges>
</DOMShape>
                                   </elements>
            </DOMFrame>
          </frames>
        </DOMLayer>
        <DOMLayer name="Layer 44">
          <frames>
            <DOMFrame index="0" motionTweenScale="false" keyMode="8192">
              <elements>
<DOMShape isFloating="true">
                                             <fills>
  <FillStyle index="1">
    <SolidColor color="#210000" alpha="1.0"/>
  </FillStyle>
</fills>
                                             <strokes/>
  <edges>
    <Edge fillStyle0="0" fillStyle1="0" strokeStyle="0" edges="!0 0! 0 0"/>
    <Edge fillStyle0="0" fillStyle1="1" strokeStyle="0" edges="!0 0! 8426 3353| 8390 4030| 6097 3872| 6015 3272| 6123 3311| 6245 2808| 6455 3057| 6789 2388| 6957 2871| 7271 2238| 7458 2695| 7735 2440| 7963 3078| 8214 2850| 8289 3395| 8426 3353"/>
  </edges>
</DOMShape>
                                   </elements>
            </DOMFrame>
          </frames>
        </DOMLayer>
        <DOMLayer name="Layer 45">
          <frames>
            <DOMFrame index="0" motionTweenScale="false" keyMode="8192">
              <elements>
<DOMShape isFloating="true">
                                             <fills>
  <FillStyle index="1">
    <SolidColor color="#3d0000" alpha="1.0"/>
  </FillStyle>
</fills>
                                             <strokes/>
  <edges>
    <Edge fillStyle0="0" fillStyle1="0" strokeStyle="0" edges="!0 0! 0 0"/>
    <Edge fillStyle0="1" fillStyle1="0" strokeStyle="0" edges="!0 0! 8116 3175| 8000 3308| 7851 3033| 7734 3198| 7578 2942| 7476 3062| 7449 2732| 6852 3078| 6670 2448| 6480 2787[ 6425 2744 6375 2680[ 6274 2550 6290 2438[ 6236 2432 6115 3154[ 6053 3514 6003 3875| 6084 3853| 6307 3045| 6480 3203| 6650 2955| 6847 3173| 7361 2865| 7416 3153| 7598 3088| 7738 3301| 7870 3233| 7962 3415| 8148 3341| 8263 3535| 8343 3975| 8458 4033| 8501 3890| 8367 3860| 8297 3290| 8116 3175"/>
  </edges>
</DOMShape>
                                   </elements>
            </DOMFrame>
          </frames>
        </DOMLayer>
        <DOMLayer name="Layer 46">
          <frames>
            <DOMFrame index="0" motionTweenScale="false" keyMode="8192">
              <elements>
<DOMShape isFloating="true">
                                             <fills>
  <FillStyle index="1">
    <SolidColor color="#3d0000" alpha="1.0"/>
  </FillStyle>
</fills>
                                             <strokes/>
  <edges>
    <Edge fillStyle0="0" fillStyle1="0" strokeStyle="0" edges="!0 0! 0 0"/>
    <Edge fillStyle0="0" fillStyle1="1" strokeStyle="0" edges="!0 0! 8522 3233| 8441 3908| 8358 3868| 8302 3347| 8522 3233"/>
  </edges>
</DOMShape>
                                   </elements>
            </DOMFrame>
          </frames>
        </DOMLayer>
        <DOMLayer name="Layer 47">
          <frames>
            <DOMFrame index="0" motionTweenScale="false" keyMode="8192">
              <elements>
<DOMShape isFloating="true">
                                             <fills>
  <FillStyle index="1">
    <SolidColor color="#3d0000" alpha="1.0"/>
  </FillStyle>
</fills>
                                             <strokes/>
  <edges>
    <Edge fillStyle0="0" fillStyle1="0" strokeStyle="0" edges="!0 0! 0 0"/>
    <Edge fillStyle0="1" fillStyle1="0" strokeStyle="0" edges="!0 0! 8275 2516[ 8177 2769 7836 3195| 8035 3360| 8330 3361[ 8322 2531 8275 2516"/>
  </edges>
</DOMShape>
                                   </elements>
            </DOMFrame>
          </frames>
        </DOMLayer>
        <DOMLayer name="Layer 48">
          <frames>
            <DOMFrame index="0" motionTweenScale="false" keyMode="8192">
              <elements>
<DOMShape isFloating="true">
                                             <fills>
  <FillStyle index="1">
    <SolidColor color="#3d0000" alpha="1.0"/>
  </FillStyle>
</fills>
                                             <strokes/>
  <edges>
    <Edge fillStyle0="0" fillStyle1="0" strokeStyle="0" edges="!0 0! 0 0"/>
    <Edge fillStyle0="0" fillStyle1="1" strokeStyle="0" edges="!0 0! 6891 2031[ 6830 2174 7015 2557[ 7108 2748 7212 2910| 6870 3080| 6650 2941| 6533 3109| 6424 3017[ 6505 2797 6603 2563[ 6802 2097 6891 2031"/>
  </edges>
</DOMShape>
                                   </elements>
            </DOMFrame>
          </frames>
        </DOMLayer>
        <DOMLayer name="Layer 49">
          <frames>
            <DOMFrame index="0" motionTweenScale="false" keyMode="8192">
              <elements>
<DOMShape isFloating="true">
                                             <fills>
  <FillStyle index="1">
    <SolidColor color="#3d0000" alpha="1.0"/>
  </FillStyle>
</fills>
                                             <strokes/>
  <edges>
    <Edge fillStyle0="0" fillStyle1="0" strokeStyle="0" edges="!0 0! 0 0"/>
    <Edge fillStyle0="0" fillStyle1="1" strokeStyle="0" edges="!0 0! 7397 3107| 6942 2742| 7295 1882| 7581 3023| 7397 3107"/>
  </edges>
</DOMShape>
                                   </elements>
            </DOMFrame>
          </frames>
        </DOMLayer>
        <DOMLayer name="Layer 50">
          <frames>
            <DOMFrame index="0" motionTweenScale="false" keyMode="8192">
              <elements>
<DOMShape isFloating="true">
                                             <fills>
  <FillStyle index="1">
    <SolidColor color="#3d0000" alpha="1.0"/>
  </FillStyle>
</fills>
                                             <strokes/>
  <edges>
    <Edge fillStyle0="0" fillStyle1="0" strokeStyle="0" edges="!0 0! 0 0"/>
    <Edge fillStyle0="0" fillStyle1="1" strokeStyle="0" edges="!0 0! 7920 2626[ 7981 2900 8026 3169| 7716 3243| 7349 2772[ 7448 2649 7546 2496[ 7741 2193 7732 2053[ 7802 2079 7920 2626"/>
  </edges>
</DOMShape>
                                   </elements>
            </DOMFrame>
          </frames>
        </DOMLayer>
        <DOMLayer name="Layer 51">
          <frames>
            <DOMFrame index="0" motionTweenScale="false" keyMode="8192">
              <elements>
<DOMShape isFloating="true">
                                             <fills>
  <FillStyle index="1">
    <SolidColor color="#3d0000" alpha="1.0"/>
  </FillStyle>
</fills>
                                             <strokes/>
  <edges>
    <Edge fillStyle0="0" fillStyle1="0" strokeStyle="0" edges="!0 0! 0 0"/>
    <Edge fillStyle0="0" fillStyle1="1" strokeStyle="0" edges="!0 0! 6164 3273| 6046 3802| 5957 3152| 6164 3273"/>
  </edges>
</DOMShape>
                                   </elements>
            </DOMFrame>
          </frames>
        </DOMLayer>
        <DOMLayer name="Layer 52">
          <frames>
            <DOMFrame index="0" motionTweenScale="false" keyMode="8192">
              <elements>
<DOMShape isFloating="true">
                                             <fills>
  <FillStyle index="1">
    <SolidColor color="#7f0000" alpha="1.0"/>
  </FillStyle>
</fills>
                                             <strokes/>
  <edges>
    <Edge fillStyle0="0" fillStyle1="0" strokeStyle="0" edges="!6009 5125! 0 0"/>
    <Edge fillStyle0="0" fillStyle1="1" strokeStyle="0" edges="!0 0! 8399 2638[ 8415 2867 8421 3091[ 8765 2994 8729 3018[ 8650 3072 8566 3588[ 8525 3845 8499 4093| 5946 3913| 5845 2862| 6050 2996| 6284 2115| 6417 2406| 6900 1702| 7064 1885| 7348 1538| 7524 1897| 7755 1701| 8073 2476| 8165 2316[ 8263 2157 8300 2151[ 8364 2179 8399 2638"/>
  </edges>
</DOMShape>
                                   </elements>
            </DOMFrame>
          </frames>
        </DOMLayer>
        <DOMLayer name="Layer 53">
          <frames>
            <DOMFrame index="0" motionTweenScale="false" keyMode="8192">
              <elements>
<DOMShape isFloating="true">
                                             <fills>
  <FillStyle index="1">
    <SolidColor color="#000000" alpha="1.0"/>
  </FillStyle>
</fills>
                                             <strokes/>
  <edges>
    <Edge fillStyle0="0" fillStyle1="0" strokeStyle="0" edges="!0 0! 0 0"/>
    <Edge fillStyle0="1" fillStyle1="0" strokeStyle="0" edges="!0 0! 6009 5125[ 6013 5010 6134 4842| 6253 4696| 6056 4851[ 5855 5021 5825 5110[ 5792 5210 5820 5265[ 5836 5297 5865 5306[ 5891 5315 5935 5284[ 6004 5235 6009 5125"/>
    <Edge fillStyle0="1" fillStyle1="0" strokeStyle="0" edges="!6009 5125! 5959 5319[ 5900 5362 5851 5347[ 5807 5333 5782 5284[ 5745 5212 5784 5097[ 5817 4999 6047 4828| 6283 4666| 6170 4833[ 6056 5021 6052 5126[ 6046 5259 5959 5319"/>
  </edges>
</DOMShape>
                                   </elements>
            </DOMFrame>
          </frames>
        </DOMLayer>
        <DOMLayer name="Layer 54">
          <frames>
            <DOMFrame index="0" motionTweenScale="false" keyMode="8192">
              <elements>
<DOMShape isFloating="true">
                                             <fills>
  <FillStyle index="1">
    <SolidColor color="#f4a057" alpha="1.0"/>
  </FillStyle>
</fills>
                                             <strokes/>
  <edges>
    <Edge fillStyle0="0" fillStyle1="0" strokeStyle="0" edges="!0 0! 0 0"/>
    <Edge fillStyle0="1" fillStyle1="0" strokeStyle="0" edges="!0 0! 6165 4784| 6065 4897[ 5959 5018 5934 5063[ 5913 5102 5923 5143[ 5935 5189 5922 5225[ 5894 5302 5817 5318| 5781 5133| 5882 4979| 6137 4768| 6169 4756| 6165 4784"/>
  </edges>
</DOMShape>
                                   </elements>
            </DOMFrame>
          </frames>
        </DOMLayer>
        <DOMLayer name="Layer 55">
          <frames>
            <DOMFrame index="0" motionTweenScale="false" keyMode="8192">
              <elements>
<DOMShape isFloating="true">
                                             <fills>
  <FillStyle index="1">
    <SolidColor color="#f5c4a0" alpha="1.0"/>
  </FillStyle>
</fills>
                                             <strokes/>
  <edges>
    <Edge fillStyle0="0" fillStyle1="0" strokeStyle="0" edges="!0 0! 0 0"/>
    <Edge fillStyle0="0" fillStyle1="1" strokeStyle="0" edges="!0 0! 6154 4832| 6273 4671| 6058 4830[ 5837 5009 5805 5104[ 5771 5203 5797 5267[ 5817 5313 5858 5326[ 5901 5340 5956 5295[ 6026 5238 6031 5126[ 6035 5015 6154 4832"/>
  </edges>
</DOMShape>
                                   </elements>
            </DOMFrame>
          </frames>
        </DOMLayer>
        <DOMLayer name="Layer 56">
          <frames>
            <DOMFrame index="0" motionTweenScale="false" keyMode="8192">
              <elements>
<DOMShape isFloating="true">
                                             <fills>
  <FillStyle index="1">
    <SolidColor color="#000000" alpha="1.0"/>
  </FillStyle>
</fills>
                                             <strokes/>
  <edges>
    <Edge fillStyle0="0" fillStyle1="0" strokeStyle="0" edges="!0 0! 0 0"/>
    <Edge fillStyle0="1" fillStyle1="0" strokeStyle="0" edges="!0 0! 4960 5773| 5977 4945| 8419 5253| 8592 5223| 5928 4829| 4752 5797| 4960 5773"/>
  </edges>
</DOMShape>
                                   </elements>
            </DOMFrame>
          </frames>
        </DOMLayer>
        <DOMLayer name="Layer 57">
          <frames>
            <DOMFrame index="0" motionTweenScale="false" keyMode="8192">
              <elements>
<DOMShape isFloating="true">
                                             <fills>
  <FillStyle index="1">
    <SolidColor color="#a5680e" alpha="1.0"/>
  </FillStyle>
</fills>
                                             <strokes/>
  <edges>
    <Edge fillStyle0="0" fillStyle1="0" strokeStyle="0" edges="!7199 5724! 0 0"/>
    <Edge fillStyle0="1" fillStyle1="0" strokeStyle="0" edges="!0 0! 4752 5797| 7223 6037| 8592 5223| 5930 4878| 4752 5797"/>
  </edges>
</DOMShape>
                                   </elements>
            </DOMFrame>
          </frames>
        </DOMLayer>
        <DOMLayer name="Layer 58">
          <frames>
            <DOMFrame index="0" motionTweenScale="false" keyMode="8192">
              <elements>
                                        <DOMShape isFloating="true">
                                             <fills>
  <FillStyle index="1">
    <SolidColor color="#000000" alpha="1.0"/>
  </FillStyle>
  <FillStyle index="2">
    <SolidColor color="#bf0000" alpha="1.0"/>
  </FillStyle>
  <FillStyle index="3">
    <SolidColor color="#f4a057" alpha="1.0"/>
  </FillStyle>
  <FillStyle index="4">
    <SolidColor color="#7f0000" alpha="1.0"/>
  </FillStyle>
  <FillStyle index="5">
    <SolidColor color="#d8e4e9" alpha="1.0"/>
  </FillStyle>
  <FillStyle index="6">
    <SolidColor color="#7a510a" alpha="1.0"/>
  </FillStyle>
  <FillStyle index="7">
    <SolidColor color="#301900" alpha="1.0"/>
  </FillStyle>
</fills>
                                             <strokes/>
  <edges>
    <Edge fillStyle1="1" edges="!0 0! 7805 4803| 7818 4794[ 7911 5314 7904 5353[ 7900 5374 7868 5393"/>
    <Edge fillStyle1="5" edges="!7868 5393| 7885 5433| 7849 5418| 7857 5430[ 7862 5443 7846 5461[ 7821 5490 7763 5451[ 7771 5512 7746 5508[ 7736 5506 7723 5478[ 7711 5452 7685 5454[ 7660 5456 7657 5469[ 7652 5483 7634 5487[ 7609 5491 7598 5478| 7591 5465| 7563 5490| 7584 5516| 7534 5681| 7519 5681"/>
    <Edge fillStyle1="1" edges="!7519 5681[ 7540 5717 7544 5762[ 7548 5804 7536 5829[ 7520 5858 7424 5864[ 7359 5868 7288 5862[ 7192 5854 7177 5831[ 7163 5809 7159 5770[ 7155 5722 7175 5683[ 7198 5636 7249 5615"/>
    <Edge fillStyle1="5" edges="!7249 5615| 7250 5606[ 7251 5590 7272 5591[ 7292 5591 7293 5562[ 7293 5528 7279 5449| 7265 5379"/>
    <Edge fillStyle1="1" edges="!7265 5379[ 7236 5363 7228 5344[ 7211 5304 7260 5036| 7313 4774| 7330 4783"/>
    <Edge fillStyle1="2" edges="!7330 4783| 7805 4803"/>
    <Edge fillStyle0="1" fillStyle1="2" edges="!7805 4803| 7794 4810[ 7867 5288 7848 5322[ 7811 5387 7648 5387"/>
    <Edge fillStyle0="1" fillStyle1="4" edges="!7648 5387| 7600 5385[ 7337 5369 7287 5312[ 7261 5281 7296 5031| 7331 4821"/>
    <Edge fillStyle0="1" fillStyle1="2" edges="!7331 4821| 7337 4786| 7330 4783"/>
    <Edge fillStyle0="2" fillStyle1="3" edges="!7330 4783! 7394 4805| 7395 4805| 7737 4828"/>
    <Edge fillStyle0="2" fillStyle1="1" edges="!7737 4828| 7742 4812| 7792 4832| 7780 4853| 7743 4899| 7682 4941"/>
    <Edge fillStyle0="2" fillStyle1="4" edges="!7682 4941| 7563 5111[ 7545 5138 7562 5169[ 7577 5199 7563 5217[ 7549 5235 7522 5226[ 7504 5218 7504 5247[ 7504 5275 7541 5269[ 7591 5260 7614 5281[ 7654 5317 7648 5387"/>
    <Edge fillStyle0="3" fillStyle1="1" edges="!7648 5387! 7397 4813| 7415 4808| 7420 4827[ 7428 4848 7442 4867[ 7486 4925 7574 4928[ 7660 4931 7710 4872| 7736 4831| 7737 4828"/>
    <Edge fillStyle0="4" fillStyle1="1" edges="!7737 4828! 7682 4941[ 7632 4964 7569 4962[ 7465 4959 7404 4889[ 7385 4868 7373 4842| 7365 4821| 7397 4813"/>
    <Edge fillStyle0="4" fillStyle1="3" edges="!7397 4813| 7394 4805"/>
    <Edge fillStyle0="4" fillStyle1="2" edges="!7394 4805| 7331 4821"/>
    <Edge fillStyle0="5" fillStyle1="1" edges="!7331 4821! 7868 5393| 7821 5413[ 7731 5442 7600 5435[ 7348 5422 7265 5379"/>
    <Edge fillStyle0="1" fillStyle1="7" edges="!7265 5379! 7504 5744| 7508 5764[ 7510 5795 7503 5811[ 7486 5829 7358 5829[ 7229 5827 7207 5809| 7207 5810[ 7198 5796 7196 5767[ 7194 5743 7199 5724"/>
    <Edge fillStyle0="1" fillStyle1="6" edges="!7199 5724| 7207 5699[ 7237 5640 7336 5634[ 7440 5629 7484 5695[ 7498 5717 7504 5744"/>
    <Edge fillStyle0="7" fillStyle1="6" edges="!7504 5744[ 7415 5798 7336 5790[ 7283 5784 7228 5747| 7199 5724"/>
    <Edge fillStyle0="1" fillStyle1="5" edges="!7199 5724! 7519 5681| 7515 5675[ 7460 5590 7335 5598[ 7285 5600 7249 5615"/>
  </edges>
</DOMShape>
                                   </elements>
            </DOMFrame>
          </frames>
        </DOMLayer>
      </layers>
    </DOMTimeline>
  </timeline>
</DOMSymbolItem>
