<DOMSymbolItem xmlns="http://ns.adobe.com/xfl/2008/" xmlns:xsi="http://www.w3.org/2001/XMLSchema-instance" name="Symbol 18" lastModified="1635072455" symbolType="graphic">
  <timeline>
    <DOMTimeline name="Symbol 18" currentFrame="0">
      <layers>
        <DOMLayer name="Layer 1">
          <frames>
            <DOMFrame index="0" motionTweenScale="false" keyMode="8192">
              <elements>
                                        <DOMShape isFloating="true">
                                             <fills>
  <FillStyle index="1">
    <SolidColor color="#990000"/>
  </FillStyle>
</fills>
                                             <strokes>
  <StrokeStyle index="1">
    <SolidStroke scaleMode="normal" weight="1.0">
      <fill>
        <SolidColor color="#ffffff"/>
      </fill>
    </SolidStroke>
  </StrokeStyle>
</strokes>
  <edges>
    <Edge fillStyle0="1" fillStyle1="1" strokeStyle="1" edges="!0 0! 958 956[ 851 1063 700 1064[ 548 1063 441 956[ 334 849 335 699[ 334 547 441 440[ 548 333 700 333[ 851 333 958 440[ 1065 547 1065 699[ 1065 849 958 956"/>
    <Edge fillStyle0="1" fillStyle1="1" strokeStyle="1" edges="!958 956! 1142 1140[ 959 1324 700 1324[ 441 1324 257 1140[ 74 957 74 698[ 74 439 257 255[ 441 72 700 72[ 959 72 1142 255[ 1326 439 1326 698[ 1326 957 1142 1140"/>
    <Edge fillStyle0="0" fillStyle1="1" strokeStyle="0" edges="!1142 1140! 1189 1189[ 985 1393 697 1393[ 408 1393 204 1189[ 0 985 0 696[ 0 408 204 204[ 408 0 697 0[ 985 0 1189 204[ 1393 408 1393 696[ 1393 985 1189 1189"/>
    <Edge fillStyle0="1" fillStyle1="0" strokeStyle="0" edges="!1189 1189! 507 486| 496 497[ 410 583 410 706[ 409 721 411 736| 409 706[ 409 583 496 497| 507 486"/>
    <Edge fillStyle0="1" fillStyle1="0" strokeStyle="0" edges="!507 486! 419 702[ 418 583 502 500[ 585 417 703 417[ 821 417 904 500[ 987 583 987 702[ 987 819 904 903[ 821 986 703 986[ 585 986 502 903[ 418 819 419 702"/>
  </edges>
</DOMShape>
                                   </elements>
            </DOMFrame>
          </frames>
        </DOMLayer>
      </layers>
    </DOMTimeline>
  </timeline>
</DOMSymbolItem>
