<DOMSymbolItem xmlns="http://ns.adobe.com/xfl/2008/" xmlns:xsi="http://www.w3.org/2001/XMLSchema-instance" name="Symbol 94" lastModified="1635072455" symbolType="graphic">
  <timeline>
    <DOMTimeline name="Symbol 94" currentFrame="0">
      <layers>
        <DOMLayer name="Layer 1">
          <frames>
            <DOMFrame index="0" motionTweenScale="false" keyMode="8192">
              <elements>
                                        <DOMShape isFloating="true">
                                             <fills>
  <FillStyle index="1">
    <SolidColor color="#ffffff"/>
  </FillStyle>
  <FillStyle index="2">
    <SolidColor color="#000000"/>
  </FillStyle>
</fills>
                                             <strokes/>
  <edges>
    <Edge fillStyle1="2" edges="!0 0! 6431 -7687[ 9951 -7688 12451 -5188[ 14950 -2688 14951 832[ 14950 4352 12451 6852[ 9951 9351 6431 9351[ 2911 9351 412 6852[ -2088 4352 -2088 832[ -2088 -2688 412 -5188[ 2911 -7688 6431 -7687"/>
    <Edge fillStyle0="2" fillStyle1="1" edges="!6431 -7687! 6431 -7479[ 9866 -7480 12305 -5041[ 14743 -2602 14744 832[ 14743 4267 12305 6706[ 9866 9144 6431 9144[ 2997 9144 559 6706[ -1880 4267 -1880 832[ -1880 -2602 559 -5041[ 2997 -7480 6431 -7479"/>
    <Edge fillStyle0="1" fillStyle1="0" edges="!6431 -7479! 6450 -6376[ 9436 -6377 11558 -4255[ 13679 -2134 13679 853[ 13679 3839 11558 5960[ 9436 8081 6450 8082[ 3463 8081 1342 5960[ -779 3839 -779 853[ -779 -2134 1342 -4255[ 3463 -6377 6450 -6376"/>
  </edges>
</DOMShape>
                                   </elements>
            </DOMFrame>
          </frames>
        </DOMLayer>
      </layers>
    </DOMTimeline>
  </timeline>
</DOMSymbolItem>
