<DOMSymbolItem xmlns="http://ns.adobe.com/xfl/2008/" xmlns:xsi="http://www.w3.org/2001/XMLSchema-instance" name="Symbol 185" lastModified="1635072455" symbolType="graphic">
  <timeline>
    <DOMTimeline name="Symbol 185" currentFrame="0">
      <layers>
        <DOMLayer name="Layer 1">
          <frames>
            <DOMFrame index="0" motionTweenScale="false" keyMode="8192">
              <elements>
<DOMShape isFloating="true">
                                             <fills>
  <FillStyle index="1">
    <SolidColor color="#800000"/>
  </FillStyle>
</fills>
                                             <strokes/>
  <edges>
    <Edge fillStyle0="0" fillStyle1="0" strokeStyle="0" edges="!0 0! 0 0"/>
    <Edge fillStyle0="0" fillStyle1="1" strokeStyle="0" edges="!0 0! 6860 2291| 6954 2196| 6950 2672| 7170 2820| 7204 2805| 7224 2910| 6897 2684| 6903 2679| 6899 2678| 6899 2314| 6860 2291"/>
  </edges>
</DOMShape>
                                   </elements>
            </DOMFrame>
          </frames>
        </DOMLayer>
        <DOMLayer name="Layer 2">
          <frames>
            <DOMFrame index="0" motionTweenScale="false" keyMode="8192">
              <elements>
<DOMShape isFloating="true">
                                             <fills>
  <FillStyle index="1">
    <SolidColor color="#ffa800"/>
  </FillStyle>
</fills>
                                             <strokes/>
  <edges>
    <Edge fillStyle0="0" fillStyle1="0" strokeStyle="0" edges="!0 0! 0 0"/>
    <Edge fillStyle0="0" fillStyle1="1" strokeStyle="0" edges="!0 0! 5634 3432[ 5754 3876 5789 3982[ 5846 4150 5831 4589| 5712 4828| 5553 4581[ 5583 4486 5607 4368[ 5656 4134 5634 4026[ 5611 3917 5564 3452| 5521 3008| 5634 3432"/>
  </edges>
</DOMShape>
                                   </elements>
            </DOMFrame>
          </frames>
        </DOMLayer>
        <DOMLayer name="Layer 3">
          <frames>
            <DOMFrame index="0" motionTweenScale="false" keyMode="8192">
              <elements>
<DOMShape isFloating="true">
                                             <fills>
  <FillStyle index="1">
    <SolidColor color="#ffa800"/>
  </FillStyle>
</fills>
                                             <strokes/>
  <edges>
    <Edge fillStyle0="0" fillStyle1="0" strokeStyle="0" edges="!0 0! 0 0"/>
    <Edge fillStyle0="0" fillStyle1="1" strokeStyle="0" edges="!0 0! 5979 4158[ 5939 3750 5877 3629[ 5816 3508 5686 3214| 5569 2945| 5753 3190[ 5944 3458 5978 3575[ 6033 3761 6086 4144| 6006 4541[ 5999 4362 5979 4158"/>
  </edges>
</DOMShape>
                                   </elements>
            </DOMFrame>
          </frames>
        </DOMLayer>
        <DOMLayer name="Layer 4">
          <frames>
            <DOMFrame index="0" motionTweenScale="false" keyMode="8192">
              <elements>
<DOMShape isFloating="true">
                                             <fills>
  <FillStyle index="1">
    <SolidColor color="#ffa800"/>
  </FillStyle>
</fills>
                                             <strokes/>
  <edges>
    <Edge fillStyle0="0" fillStyle1="0" strokeStyle="0" edges="!0 0! 0 0"/>
    <Edge fillStyle0="1" fillStyle1="0" strokeStyle="0" edges="!0 0! 5296 4494[ 5226 4206 5252 4083| 5482 2953[ 5084 3862 5047 4054[ 5011 4246 5068 4764| 5243 4899| 5371 4756[ 5331 4637 5296 4494"/>
  </edges>
</DOMShape>
                                   </elements>
            </DOMFrame>
          </frames>
        </DOMLayer>
        <DOMLayer name="Layer 5">
          <frames>
            <DOMFrame index="0" motionTweenScale="false" keyMode="8192">
              <elements>
<DOMShape isFloating="true">
                                             <fills>
  <FillStyle index="1">
    <SolidColor color="#ffa800"/>
  </FillStyle>
</fills>
                                             <strokes/>
  <edges>
    <Edge fillStyle0="0" fillStyle1="0" strokeStyle="0" edges="!0 0! 0 0"/>
    <Edge fillStyle0="1" fillStyle1="0" strokeStyle="0" edges="!0 0! 5055 3359[ 4681 3813 4630 4013[ 4578 4212 4687 4532[ 4742 4692 4806 4812[ 4781 4681 4765 4520[ 4731 4198 4775 4044[ 4819 3890 5123 3402[ 5275 3158 5418 2945[ 5242 3132 5055 3359"/>
  </edges>
</DOMShape>
                                   </elements>
            </DOMFrame>
          </frames>
        </DOMLayer>
        <DOMLayer name="Layer 6">
          <frames>
            <DOMFrame index="0" motionTweenScale="false" keyMode="8192">
              <elements>
<DOMShape isFloating="true">
                                             <fills>
  <FillStyle index="1">
    <SolidColor color="#ffa800"/>
  </FillStyle>
</fills>
                                             <strokes/>
  <edges>
    <Edge fillStyle0="0" fillStyle1="0" strokeStyle="0" edges="!0 0! 0 0"/>
    <Edge fillStyle0="1" fillStyle1="0" strokeStyle="0" edges="!0 0! 5194 2935[ 5038 2976 4896 3077[ 4443 3396 4314 4176[ 4275 4377 4414 4619[ 4483 4739 4560 4820[ 4508 4725 4466 4581[ 4382 4293 4435 4046[ 4488 3800 4911 3332[ 5122 3098 5323 2913[ 5273 2914 5194 2935"/>
  </edges>
</DOMShape>
                                   </elements>
            </DOMFrame>
          </frames>
        </DOMLayer>
        <DOMLayer name="Layer 7">
          <frames>
            <DOMFrame index="0" motionTweenScale="false" keyMode="8192">
              <elements>
<DOMShape isFloating="true">
                                             <fills>
  <FillStyle index="1">
    <SolidColor color="#000000"/>
  </FillStyle>
</fills>
                                             <strokes/>
  <edges>
    <Edge fillStyle0="0" fillStyle1="0" strokeStyle="0" edges="!0 0! 0 0"/>
    <Edge fillStyle0="1" fillStyle1="0" strokeStyle="0" edges="!0 0! 5921 2887[ 5687 2721 5436 2740| 5323 2729[ 5191 2716 5068 2723[ 4664 2748 4372 2985[ 4078 3224 4110 3817[ 4126 4114 4200 4363| 4255 4380[ 4180 4134 4164 3842[ 4132 3257 4429 3021[ 4725 2785 5109 2765[ 5301 2755 5434 2792| 5515 2791[ 5614 2798 5711 2835[ 6020 2953 6184 3324[ 6228 3421 6200 3847[ 6186 4060 6163 4253| 6204 4297[ 6233 4125 6249 3912[ 6283 3487 6223 3289[ 6151 3050 5921 2887"/>
  </edges>
</DOMShape>
                                   </elements>
            </DOMFrame>
          </frames>
        </DOMLayer>
        <DOMLayer name="Layer 8">
          <frames>
            <DOMFrame index="0" motionTweenScale="false" keyMode="8192">
              <elements>
<DOMShape isFloating="true">
                                             <fills>
  <FillStyle index="1">
    <SolidColor color="#000000"/>
  </FillStyle>
</fills>
                                             <strokes/>
  <edges>
    <Edge fillStyle0="0" fillStyle1="0" strokeStyle="0" edges="!0 0! 0 0"/>
    <Edge fillStyle0="1" fillStyle1="0" strokeStyle="0" edges="!0 0! 4480 4867| 4534 4879| 4636 4960| 4695 4882| 4788 4993| 4884 4910| 4915 5017[ 4999 4975 5082 4932| 5259 5075| 5353 4954| 5519 5017| 5598 4921| 5657 5010| 5750 4916| 5761 5003| 5893 4889| 5845 4844| 5779 4922| 5770 4853| 5671 4943| 5606 4832| 5498 4952| 5331 4885| 5265 4990| 5077 4864| 4957 4940| 4887 4844| 4787 4922| 4686 4817| 4619 4887| 4480 4815| 4480 4867"/>
  </edges>
</DOMShape>
                                   </elements>
            </DOMFrame>
          </frames>
        </DOMLayer>
        <DOMLayer name="Layer 9">
          <frames>
            <DOMFrame index="0" motionTweenScale="false" keyMode="8192">
              <elements>
<DOMShape isFloating="true">
                                             <fills>
  <FillStyle index="1">
    <SolidColor color="#ffa800"/>
  </FillStyle>
</fills>
                                             <strokes/>
  <edges>
    <Edge fillStyle0="0" fillStyle1="0" strokeStyle="0" edges="!0 0! 0 0"/>
    <Edge fillStyle0="1" fillStyle1="0" strokeStyle="0" edges="!0 0! 4259 4452| 4161 4868| 4289 4766| 4365 4919| 4387 4835| 4517 4926| 4486 4850| 4259 4452"/>
  </edges>
</DOMShape>
                                   </elements>
            </DOMFrame>
          </frames>
        </DOMLayer>
        <DOMLayer name="Layer 10">
          <frames>
            <DOMFrame index="0" motionTweenScale="false" keyMode="8192">
              <elements>
<DOMShape isFloating="true">
                                             <fills>
  <FillStyle index="1">
    <SolidColor color="#ffa800"/>
  </FillStyle>
</fills>
                                             <strokes/>
  <edges>
    <Edge fillStyle0="0" fillStyle1="0" strokeStyle="0" edges="!0 0! 0 0"/>
    <Edge fillStyle0="1" fillStyle1="0" strokeStyle="0" edges="!0 0! 5892 4897| 5863 4985| 5961 4901| 6024 4916| 6104 4795| 6236 4912| 6129 4458| 5892 4897"/>
  </edges>
</DOMShape>
                                   </elements>
            </DOMFrame>
          </frames>
        </DOMLayer>
        <DOMLayer name="Layer 11">
          <frames>
            <DOMFrame index="0" motionTweenScale="false" keyMode="8192">
              <elements>
<DOMShape isFloating="true">
                                             <fills>
  <FillStyle index="1">
    <SolidColor color="#ffa800"/>
  </FillStyle>
</fills>
                                             <strokes/>
  <edges>
    <Edge fillStyle0="0" fillStyle1="0" strokeStyle="0" edges="!0 0! 0 0"/>
    <Edge fillStyle0="1" fillStyle1="0" strokeStyle="0" edges="!0 0! 5881 2986[ 5701 2799 5437 2867[ 4954 2745 4645 2917[ 4398 3055 4273 3375[ 4184 3603 4165 3900[ 4155 4048 4163 4151| 4208 4134[ 4209 4032 4230 3885[ 4272 3592 4368 3368[ 4504 3055 4730 2924[ 5015 2762 5426 2896[ 5667 2806 5834 2979[ 5968 3118 6048 3417[ 6104 3631 6129 3903[ 6141 4040 6142 4134| 6210 4163[ 6210 4069 6197 3932[ 6172 3658 6111 3441[ 6025 3136 5881 2986"/>
  </edges>
</DOMShape>
                                   </elements>
            </DOMFrame>
          </frames>
        </DOMLayer>
        <DOMLayer name="Layer 12">
          <frames>
            <DOMFrame index="0" motionTweenScale="false" keyMode="8192">
              <elements>
<DOMShape isFloating="true">
                                             <fills>
  <FillStyle index="1">
    <SolidColor color="#000000"/>
  </FillStyle>
</fills>
                                             <strokes/>
  <edges>
    <Edge fillStyle0="0" fillStyle1="0" strokeStyle="0" edges="!0 0! 0 0"/>
    <Edge fillStyle0="0" fillStyle1="1" strokeStyle="0" edges="!0 0! 6204 4297| 6248 4646[ 6300 4998 6342 5012[ 6280 5032 6183 4958| 6098 4880| 6007 5030| 5958 4957| 5817 5057| 5839 4898| 5893 4889| 5863 4985| 5967 4912| 6011 4962| 6089 4821| 6146 4876[ 6210 4932 6266 4966[ 6226 4909 6163 4253| 6204 4297"/>
  </edges>
</DOMShape>
                                   </elements>
            </DOMFrame>
          </frames>
        </DOMLayer>
        <DOMLayer name="Layer 13">
          <frames>
            <DOMFrame index="0" motionTweenScale="false" keyMode="8192">
              <elements>
<DOMShape isFloating="true">
                                             <fills>
  <FillStyle index="1">
    <SolidColor color="#000000"/>
  </FillStyle>
</fills>
                                             <strokes/>
  <edges>
    <Edge fillStyle0="0" fillStyle1="0" strokeStyle="0" edges="!0 0! 0 0"/>
    <Edge fillStyle0="1" fillStyle1="0" strokeStyle="0" edges="!0 0! 4202 4359| 4143 4665[ 4074 4975 4032 4989[ 4094 5009 4196 4917| 4260 4852| 4285 4821| 4349 5021| 4417 4917| 4562 4976| 4535 4876| 4480 4867| 4517 4926| 4412 4867| 4363 4939| 4299 4758[ 4202 4885 4113 4941[ 4156 4881 4255 4380| 4202 4359"/>
  </edges>
</DOMShape>
                                   </elements>
            </DOMFrame>
          </frames>
        </DOMLayer>
        <DOMLayer name="Layer 14">
          <frames>
            <DOMFrame index="0" motionTweenScale="false" keyMode="8192">
              <elements>
<DOMShape isFloating="true">
                                             <fills>
  <FillStyle index="1">
    <SolidColor color="#ffbf00"/>
  </FillStyle>
</fills>
                                             <strokes/>
  <edges>
    <Edge fillStyle0="0" fillStyle1="0" strokeStyle="0" edges="!6149 4694! 0 0"/>
    <Edge fillStyle0="1" fillStyle1="0" strokeStyle="0" edges="!0 0! 5951 2929| 5593 2778| 5132 2738| 4791 2818| 4465 2984| 4274 3135| 4155 3366| 4131 3747| 4219 4367| 4099 4948| 4298 4804| 4346 4978| 4417 4917| 4520 4947| 4512 4875| 4616 4923| 4679 4867| 4783 4947| 4894 4891| 4933 4970| 5082 4932| 5219 5010| 5353 4954| 5513 4978| 5601 4883| 5672 4978| 5760 4899| 5767 4955| 5839 4898| 5887 4986| 5974 4955| 6014 5010| 6093 4851| 6292 4978| 6173 4271| 6228 3326| 5951 2929"/>
  </edges>
</DOMShape>
                                   </elements>
            </DOMFrame>
          </frames>
        </DOMLayer>
        <DOMLayer name="Layer 15">
          <frames>
            <DOMFrame index="0" motionTweenScale="false" keyMode="8192">
              <elements>
<DOMShape isFloating="true">
                                             <fills>
  <FillStyle index="1">
    <SolidColor color="#000000"/>
  </FillStyle>
</fills>
                                             <strokes/>
  <edges>
    <Edge fillStyle0="0" fillStyle1="0" strokeStyle="0" edges="!0 0! 0 0"/>
    <Edge fillStyle0="1" fillStyle1="0" strokeStyle="0" edges="!0 0! 6149 4694[ 6222 4536 6214 4463[ 6203 4362 6260 4304[ 6302 4264 6339 4270[ 6375 4274 6401 4310[ 6472 4571 6092 4841[ 6085 4835 6149 4694"/>
    <Edge fillStyle0="1" fillStyle1="0" strokeStyle="0" edges="!6149 4694! 6232 4676[ 6352 4528 6364 4479[ 6395 4356 6374 4328[ 6357 4306 6335 4303[ 6312 4300 6284 4327[ 6236 4373 6246 4458[ 6262 4598 6111 4814| 6232 4676"/>
  </edges>
</DOMShape>
                                   </elements>
            </DOMFrame>
          </frames>
        </DOMLayer>
        <DOMLayer name="Layer 16">
          <frames>
            <DOMFrame index="0" motionTweenScale="false" keyMode="8192">
              <elements>
<DOMShape isFloating="true">
                                             <fills>
  <FillStyle index="1">
    <SolidColor color="#f4a057"/>
  </FillStyle>
</fills>
                                             <strokes/>
  <edges>
    <Edge fillStyle0="0" fillStyle1="0" strokeStyle="0" edges="!0 0! 0 0"/>
    <Edge fillStyle0="1" fillStyle1="0" strokeStyle="0" edges="!0 0! 6169 4736| 6232 4638[ 6297 4533 6311 4495[ 6323 4464 6309 4434[ 6295 4400 6301 4370[ 6313 4308 6370 4286| 6391 4410| 6353 4535| 6192 4745| 6169 4758| 6169 4736"/>
  </edges>
</DOMShape>
                                   </elements>
            </DOMFrame>
          </frames>
        </DOMLayer>
        <DOMLayer name="Layer 17">
          <frames>
            <DOMFrame index="0" motionTweenScale="false" keyMode="8192">
              <elements>
<DOMShape isFloating="true">
                                             <fills>
  <FillStyle index="1">
    <SolidColor color="#f5c4a0"/>
  </FillStyle>
</fills>
                                             <strokes/>
  <edges>
    <Edge fillStyle0="0" fillStyle1="0" strokeStyle="0" edges="!0 0! 0 0"/>
    <Edge fillStyle0="0" fillStyle1="1" strokeStyle="0" edges="!0 0! 6099 4837| 6233 4686[ 6370 4521 6383 4445[ 6409 4297 6337 4286[ 6303 4281 6266 4322[ 6221 4374 6230 4460[ 6246 4596 6099 4837"/>
  </edges>
</DOMShape>
                                   </elements>
            </DOMFrame>
          </frames>
        </DOMLayer>
        <DOMLayer name="Layer 18">
          <frames>
            <DOMFrame index="0" motionTweenScale="false" keyMode="8192">
              <elements>
<DOMShape isFloating="true">
                                             <fills>
  <FillStyle index="1">
    <SolidColor color="#000000"/>
  </FillStyle>
</fills>
                                             <strokes/>
  <edges>
    <Edge fillStyle0="0" fillStyle1="0" strokeStyle="0" edges="!0 0! 0 0"/>
    <Edge fillStyle0="1" fillStyle1="0" strokeStyle="0" edges="!0 0! 3632 5425[ 3641 5315 3698 5321[ 3755 5326 3722 5435[ 3705 5490 3678 5543| 3634 5536[ 3627 5480 3632 5425"/>
  </edges>
</DOMShape>
                                   </elements>
            </DOMFrame>
          </frames>
        </DOMLayer>
        <DOMLayer name="Layer 19">
          <frames>
            <DOMFrame index="0" motionTweenScale="false" keyMode="8192">
              <elements>
<DOMShape isFloating="true">
                                             <fills>
  <FillStyle index="1">
    <SolidColor color="#000000"/>
  </FillStyle>
</fills>
                                             <strokes/>
  <edges>
    <Edge fillStyle0="0" fillStyle1="0" strokeStyle="0" edges="!0 0! 0 0"/>
    <Edge fillStyle0="0" fillStyle1="1" strokeStyle="0" edges="!0 0! 3618 5594[ 3614 5622 3642 5626[ 3669 5630 3673 5602[ 3677 5575 3650 5571[ 3621 5567 3618 5594"/>
  </edges>
</DOMShape>
                                   </elements>
            </DOMFrame>
          </frames>
        </DOMLayer>
        <DOMLayer name="Layer 20">
          <frames>
            <DOMFrame index="0" motionTweenScale="false" keyMode="8192">
              <elements>
<DOMShape isFloating="true">
                                             <fills>
  <FillStyle index="1">
    <SolidColor color="#ffffff"/>
  </FillStyle>
</fills>
                                             <strokes/>
  <edges>
    <Edge fillStyle0="0" fillStyle1="0" strokeStyle="0" edges="!0 0! 0 0"/>
    <Edge fillStyle0="0" fillStyle1="1" strokeStyle="0" edges="!0 0! 3432 5453[ 3417 5551 3477 5630[ 3536 5709 3634 5724[ 3733 5738 3812 5679[ 3891 5620 3906 5521[ 3920 5423 3861 5344[ 3802 5265 3703 5250[ 3605 5236 3526 5295[ 3447 5354 3432 5453"/>
  </edges>
</DOMShape>
                                   </elements>
            </DOMFrame>
          </frames>
        </DOMLayer>
        <DOMLayer name="Layer 21">
          <frames>
            <DOMFrame index="0" motionTweenScale="false" keyMode="8192">
              <elements>
<DOMShape isFloating="true">
                                             <fills>
  <FillStyle index="1">
    <SolidColor color="#000000"/>
  </FillStyle>
</fills>
                                             <strokes/>
  <edges>
    <Edge fillStyle0="0" fillStyle1="0" strokeStyle="0" edges="!0 0! 0 0"/>
    <Edge fillStyle0="0" fillStyle1="1" strokeStyle="0" edges="!0 0! 3603 5769[ 3785 5795 3883 5699[ 3914 5669 3933 5630| 3946 5598| 4193 5516| 3963 5483[ 3962 5413 3929 5341[ 3862 5197 3696 5181[ 3529 5166 3434 5311[ 3386 5384 3372 5459| 3367 5502[ 3365 5553 3378 5598[ 3421 5743 3603 5769"/>
  </edges>
</DOMShape>
                                   </elements>
            </DOMFrame>
          </frames>
        </DOMLayer>
        <DOMLayer name="Layer 22">
          <frames>
            <DOMFrame index="0" motionTweenScale="false" keyMode="8192">
              <elements>
<DOMShape isFloating="true">
                                             <fills>
  <FillStyle index="1">
    <SolidColor color="#ffffff"/>
  </FillStyle>
</fills>
                                             <strokes/>
  <edges>
    <Edge fillStyle0="0" fillStyle1="0" strokeStyle="0" edges="!0 0! 0 0"/>
    <Edge fillStyle0="1" fillStyle1="0" strokeStyle="0" edges="!0 0! 6541 2212[ 6385 2367 6385 2588[ 6385 2808 6541 2964[ 6697 3119 6917 3119[ 7138 3119 7293 2964[ 7450 2808 7450 2588[ 7450 2367 7293 2212[ 7138 2055 6917 2055[ 6697 2055 6541 2212"/>
  </edges>
</DOMShape>
                                   </elements>
            </DOMFrame>
          </frames>
        </DOMLayer>
        <DOMLayer name="Layer 23">
          <frames>
            <DOMFrame index="0" motionTweenScale="false" keyMode="8192">
              <elements>
<DOMShape isFloating="true">
                                             <fills>
  <FillStyle index="1">
    <SolidColor color="#6f0000"/>
  </FillStyle>
</fills>
                                             <strokes/>
  <edges>
    <Edge fillStyle0="0" fillStyle1="0" strokeStyle="0" edges="!0 0! 0 0"/>
    <Edge fillStyle0="1" fillStyle1="0" strokeStyle="0" edges="!0 0! 6466 2136[ 6279 2323 6279 2588[ 6279 2852 6466 3038[ 6652 3225 6917 3226[ 7182 3225 7369 3038[ 7556 2852 7556 2588[ 7556 2323 7369 2136[ 7182 1949 6917 1949[ 6652 1949 6466 2136"/>
  </edges>
</DOMShape>
                                   </elements>
            </DOMFrame>
          </frames>
        </DOMLayer>
        <DOMLayer name="Layer 24">
          <frames>
            <DOMFrame index="0" motionTweenScale="false" keyMode="8192">
              <elements>
<DOMShape isFloating="true">
                                             <fills>
  <FillStyle index="1">
    <SolidColor color="#000000"/>
  </FillStyle>
</fills>
                                             <strokes/>
  <edges>
    <Edge fillStyle0="0" fillStyle1="0" strokeStyle="0" edges="!0 0! 0 0"/>
    <Edge fillStyle0="0" fillStyle1="1" strokeStyle="0" edges="!0 0! 5173 4628| 4391 4603| 4391 5816[ 4476 5845 4616 5874[ 4897 5934 5173 5942[ 5450 5950 5731 5865[ 5819 5838 5896 5806| 5956 5778| 5922 4603| 5173 4628"/>
  </edges>
</DOMShape>
                                   </elements>
            </DOMFrame>
          </frames>
        </DOMLayer>
        <DOMLayer name="Layer 25">
          <frames>
            <DOMFrame index="0" motionTweenScale="false" keyMode="8192">
              <elements>
<DOMShape isFloating="true">
                                             <fills>
  <FillStyle index="1">
    <SolidColor color="#000000"/>
  </FillStyle>
</fills>
                                             <strokes/>
  <edges>
    <Edge fillStyle0="0" fillStyle1="0" strokeStyle="0" edges="!0 0! 0 0"/>
    <Edge fillStyle0="1" fillStyle1="0" strokeStyle="0" edges="!0 0! 5692 6048[ 5382 6103 5168 6114[ 4953 6125 4652 6060[ 4502 6028 4395 5994| 4395 5719| 5958 5719| 5958 5994| 5692 6048"/>
  </edges>
</DOMShape>
                                   </elements>
            </DOMFrame>
          </frames>
        </DOMLayer>
        <DOMLayer name="Layer 26">
          <frames>
            <DOMFrame index="0" motionTweenScale="false" keyMode="8192">
              <elements>
<DOMShape isFloating="true">
                                             <fills>
  <FillStyle index="1">
    <SolidColor color="#000000"/>
  </FillStyle>
</fills>
                                             <strokes/>
  <edges>
    <Edge fillStyle0="0" fillStyle1="0" strokeStyle="0" edges="!0 0! 0 0"/>
    <Edge fillStyle0="0" fillStyle1="1" strokeStyle="0" edges="!0 0! 4389 5681| 4389 6509| 4630 6509| 4630 5681| 4389 5681"/>
  </edges>
</DOMShape>
                                   </elements>
            </DOMFrame>
          </frames>
        </DOMLayer>
        <DOMLayer name="Layer 27">
          <frames>
            <DOMFrame index="0" motionTweenScale="false" keyMode="8192">
              <elements>
<DOMShape isFloating="true">
                                             <fills>
  <FillStyle index="1">
    <SolidColor color="#000000"/>
  </FillStyle>
</fills>
                                             <strokes/>
  <edges>
    <Edge fillStyle0="0" fillStyle1="0" strokeStyle="0" edges="!4243 4666! 0 0"/>
    <Edge fillStyle0="0" fillStyle1="1" strokeStyle="0" edges="!0 0! 5717 5673| 5717 6501| 5958 6501| 5958 5673| 5717 5673"/>
  </edges>
</DOMShape>
                                   </elements>
            </DOMFrame>
          </frames>
        </DOMLayer>
        <DOMLayer name="Layer 28">
          <frames>
            <DOMFrame index="0" motionTweenScale="false" keyMode="8192">
              <elements>
<DOMShape isFloating="true">
                                             <fills>
  <FillStyle index="1">
    <SolidColor color="#000000"/>
  </FillStyle>
</fills>
                                             <strokes/>
  <edges>
    <Edge fillStyle0="0" fillStyle1="0" strokeStyle="0" edges="!0 0! 0 0"/>
    <Edge fillStyle0="1" fillStyle1="0" strokeStyle="0" edges="!0 0! 4243 4666[ 4189 4501 4206 4429[ 4228 4330 4177 4264[ 4140 4221 4102 4223[ 4066 4222 4036 4255[ 3935 4506 4283 4820[ 4292 4815 4243 4666"/>
    <Edge fillStyle0="1" fillStyle1="0" strokeStyle="0" edges="!4243 4666! 4163 4638[ 4060 4477 4054 4427[ 4038 4302 4061 4277[ 4081 4256 4102 4255[ 4126 4255 4151 4286[ 4193 4337 4173 4420[ 4141 4558 4268 4791| 4163 4638"/>
  </edges>
</DOMShape>
                                   </elements>
            </DOMFrame>
          </frames>
        </DOMLayer>
        <DOMLayer name="Layer 29">
          <frames>
            <DOMFrame index="0" motionTweenScale="false" keyMode="8192">
              <elements>
<DOMShape isFloating="true">
                                             <fills>
  <FillStyle index="1">
    <SolidColor color="#f4a057"/>
  </FillStyle>
</fills>
                                             <strokes/>
  <edges>
    <Edge fillStyle0="0" fillStyle1="0" strokeStyle="0" edges="!0 0! 0 0"/>
    <Edge fillStyle0="1" fillStyle1="0" strokeStyle="0" edges="!0 0! 4220 4706| 4168 4602[ 4115 4490 4106 4451[ 4098 4419 4114 4390[ 4133 4358 4130 4327[ 4124 4265 4070 4236| 4035 4357| 4059 4487| 4196 4714| 4217 4729| 4220 4706"/>
  </edges>
</DOMShape>
                                   </elements>
            </DOMFrame>
          </frames>
        </DOMLayer>
        <DOMLayer name="Layer 30">
          <frames>
            <DOMFrame index="0" motionTweenScale="false" keyMode="8192">
              <elements>
<DOMShape isFloating="true">
                                             <fills>
  <FillStyle index="1">
    <SolidColor color="#f5c4a0"/>
  </FillStyle>
</fills>
                                             <strokes/>
  <edges>
    <Edge fillStyle0="0" fillStyle1="0" strokeStyle="0" edges="!0 0! 0 0"/>
    <Edge fillStyle0="0" fillStyle1="1" strokeStyle="0" edges="!0 0! 4277 4814| 4160 4649[ 4043 4469 4038 4391[ 4029 4241 4102 4240[ 4137 4238 4169 4283[ 4208 4339 4190 4424[ 4158 4558 4277 4814"/>
  </edges>
</DOMShape>
                                   </elements>
            </DOMFrame>
          </frames>
        </DOMLayer>
        <DOMLayer name="Layer 31">
          <frames>
            <DOMFrame index="0" motionTweenScale="false" keyMode="8192">
              <elements>
<DOMShape isFloating="true">
                                             <fills>
  <FillStyle index="1">
    <SolidColor color="#b3b3b3"/>
  </FillStyle>
</fills>
                                             <strokes/>
  <edges>
    <Edge fillStyle0="0" fillStyle1="0" strokeStyle="0" edges="!0 0! 0 0"/>
    <Edge fillStyle0="0" fillStyle1="1" strokeStyle="0" edges="!0 0! 3961 4269| 5908 4269| 5908 2803| 3961 2803| 3961 4269"/>
  </edges>
</DOMShape>
                                   </elements>
            </DOMFrame>
          </frames>
        </DOMLayer>
        <DOMLayer name="Layer 32">
          <frames>
            <DOMFrame index="0" motionTweenScale="false" keyMode="8192">
              <elements>
<DOMShape isFloating="true">
                                             <fills>
  <FillStyle index="1">
    <SolidColor color="#3f3f3f"/>
  </FillStyle>
</fills>
                                             <strokes/>
  <edges>
    <Edge fillStyle0="0" fillStyle1="0" strokeStyle="0" edges="!0 0! 0 0"/>
    <Edge fillStyle0="0" fillStyle1="1" strokeStyle="0" edges="!0 0! 3800 4475| 6045 4475| 6045 2620| 3800 2620| 3800 4475"/>
  </edges>
</DOMShape>
                                   </elements>
            </DOMFrame>
          </frames>
        </DOMLayer>
        <DOMLayer name="Layer 33">
          <frames>
            <DOMFrame index="0" motionTweenScale="false" keyMode="8192">
              <elements>
<DOMShape isFloating="true">
                                             <fills>
  <FillStyle index="1">
    <SolidColor color="#d7a16b"/>
  </FillStyle>
</fills>
                                             <strokes/>
  <edges>
    <Edge fillStyle0="0" fillStyle1="0" strokeStyle="0" edges="!0 0! 0 0"/>
    <Edge fillStyle0="1" fillStyle1="0" strokeStyle="0" edges="!0 0! 3398 4757| 6746 4757| 6748 4945| 3398 4945| 3398 4757"/>
  </edges>
</DOMShape>
                                   </elements>
            </DOMFrame>
          </frames>
        </DOMLayer>
        <DOMLayer name="Layer 34">
          <frames>
            <DOMFrame index="0" motionTweenScale="false" keyMode="8192">
              <elements>
<DOMShape isFloating="true">
                                             <fills>
  <FillStyle index="1">
    <SolidColor color="#7a510a"/>
  </FillStyle>
</fills>
                                             <strokes/>
  <edges>
    <Edge fillStyle0="0" fillStyle1="0" strokeStyle="0" edges="!0 0! 0 0"/>
    <Edge fillStyle0="0" fillStyle1="1" strokeStyle="0" edges="!0 0! 3404 4757| 6746 4757| 6335 4050| 3842 4050| 3404 4757"/>
  </edges>
</DOMShape>
                                   </elements>
            </DOMFrame>
          </frames>
        </DOMLayer>
        <DOMLayer name="Layer 35">
          <frames>
            <DOMFrame index="0" motionTweenScale="false" keyMode="8192">
              <elements>
<DOMShape isFloating="true">
                                             <fills>
  <FillStyle index="1">
    <SolidColor color="#301900"/>
  </FillStyle>
</fills>
                                             <strokes/>
  <edges>
    <Edge fillStyle0="0" fillStyle1="0" strokeStyle="0" edges="!0 0! 0 0"/>
    <Edge fillStyle0="0" fillStyle1="1" strokeStyle="0" edges="!0 0! 6062 4055| 6062 5576| 6342 5576| 6342 4055| 6062 4055"/>
  </edges>
</DOMShape>
                                   </elements>
            </DOMFrame>
          </frames>
        </DOMLayer>
        <DOMLayer name="Layer 36">
          <frames>
            <DOMFrame index="0" motionTweenScale="false" keyMode="8192">
              <elements>
<DOMShape isFloating="true">
                                             <fills>
  <FillStyle index="1">
    <SolidColor color="#301900"/>
  </FillStyle>
</fills>
                                             <strokes/>
  <edges>
    <Edge fillStyle0="0" fillStyle1="0" strokeStyle="0" edges="!0 0! 0 0"/>
    <Edge fillStyle0="0" fillStyle1="1" strokeStyle="0" edges="!0 0! 3829 4055| 3829 5576| 4109 5576| 4109 4055| 3829 4055"/>
  </edges>
</DOMShape>
                                   </elements>
            </DOMFrame>
          </frames>
        </DOMLayer>
        <DOMLayer name="Layer 37">
          <frames>
            <DOMFrame index="0" motionTweenScale="false" keyMode="8192">
              <elements>
<DOMShape isFloating="true">
                                             <fills>
  <FillStyle index="1">
    <SolidColor color="#7a510a"/>
  </FillStyle>
</fills>
                                             <strokes/>
  <edges>
    <Edge fillStyle0="0" fillStyle1="0" strokeStyle="0" edges="!0 0! 0 0"/>
    <Edge fillStyle0="0" fillStyle1="1" strokeStyle="0" edges="!0 0! 3404 4887| 3404 6407| 3684 6407| 3684 4887| 3404 4887"/>
  </edges>
</DOMShape>
                                   </elements>
            </DOMFrame>
          </frames>
        </DOMLayer>
        <DOMLayer name="Layer 38">
          <frames>
            <DOMFrame index="0" motionTweenScale="false" keyMode="8192">
              <elements>
                                        <DOMShape isFloating="true">
                                             <fills>
  <FillStyle index="1">
    <SolidColor color="#7a510a"/>
  </FillStyle>
</fills>
                                             <strokes/>
  <edges>
    <Edge fillStyle1="1" edges="!0 0! 6460 4887| 6460 6407| 6740 6407| 6740 4887| 6460 4887"/>
  </edges>
</DOMShape>
                                   </elements>
            </DOMFrame>
          </frames>
        </DOMLayer>
      </layers>
    </DOMTimeline>
  </timeline>
</DOMSymbolItem>
