<DOMSymbolItem xmlns="http://ns.adobe.com/xfl/2008/" xmlns:xsi="http://www.w3.org/2001/XMLSchema-instance" name="Symbol 208" lastModified="1635072455" symbolType="graphic">
  <timeline>
    <DOMTimeline name="Symbol 208" currentFrame="0">
      <layers>
        <DOMLayer name="Layer 1">
          <frames>
            <DOMFrame index="0" motionTweenScale="false" keyMode="8192">
              <elements>
<DOMShape isFloating="true">
                                             <fills>
  <FillStyle index="1">
    <SolidColor color="#f4a057"/>
  </FillStyle>
</fills>
                                             <strokes/>
  <edges>
    <Edge fillStyle0="0" fillStyle1="0" strokeStyle="0" edges="!0 0! 0 0"/>
    <Edge fillStyle0="0" fillStyle1="1" strokeStyle="0" edges="!0 0! 1491 1452[ 1406 1520 1387 1589[ 1367 1657 1410 1761[ 1431 1813 1457 1851[ 1418 1816 1383 1764[ 1314 1661 1337 1581[ 1359 1501 1468 1442[ 1522 1412 1572 1398[ 1534 1418 1491 1452"/>
    <Edge fillStyle0="1" fillStyle1="0" strokeStyle="0" edges="!1491 1452! 598 1421[ 680 1493 696 1562[ 712 1631 665 1733[ 641 1785 614 1822[ 655 1787 692 1738[ 766 1637 747 1557[ 727 1476 622 1412[ 588 1391 551 1375| 519 1364| 598 1421"/>
  </edges>
</DOMShape>
                                   </elements>
            </DOMFrame>
          </frames>
        </DOMLayer>
        <DOMLayer name="Layer 2">
          <frames>
            <DOMFrame index="0" motionTweenScale="false" keyMode="8192">
              <elements>
<DOMShape isFloating="true">
                                             <fills>
  <FillStyle index="1">
    <SolidColor color="#000000"/>
  </FillStyle>
</fills>
                                             <strokes/>
  <edges>
    <Edge fillStyle0="0" fillStyle1="0" strokeStyle="0" edges="!1339 2094! 0 0"/>
    <Edge fillStyle0="0" fillStyle1="1" strokeStyle="0" edges="!0 0! 120 1194[ 166 1191 207 1208[ 211 1219 178 1224[ 125 1219 99 1225[ 53 1235 37 1310[ 26 1361 55 1414| 107 1485[ 126 1508 115 1514[ 79 1505 47 1474[ -17 1413 6 1307[ 28 1201 120 1194"/>
  </edges>
</DOMShape>
                                   </elements>
            </DOMFrame>
          </frames>
        </DOMLayer>
        <DOMLayer name="Layer 3">
          <frames>
            <DOMFrame index="0" motionTweenScale="false" keyMode="8192">
              <elements>
<DOMShape isFloating="true">
                                             <fills>
  <FillStyle index="1">
    <SolidColor color="#000000"/>
  </FillStyle>
</fills>
                                             <strokes/>
  <edges>
    <Edge fillStyle0="0" fillStyle1="0" strokeStyle="0" edges="!0 0! 0 0"/>
    <Edge fillStyle0="1" fillStyle1="0" strokeStyle="0" edges="!0 0! 1339 2094[ 1392 2181 1394 2231[ 1397 2293 1438 2321[ 1465 2341 1488 2334[ 1509 2327 1521 2305[ 1538 2271 1519 2217[ 1503 2172 1396 2091| 1286 2016| 1339 2094"/>
    <Edge fillStyle0="1" fillStyle1="0" strokeStyle="0" edges="!1339 2094! 1300 2030| 1393 2102[ 1486 2182 1500 2224[ 1516 2269 1503 2296| 1482 2315[ 1469 2319 1449 2305[ 1417 2282 1414 2230[ 1413 2177 1356 2098| 1300 2030"/>
  </edges>
</DOMShape>
                                   </elements>
            </DOMFrame>
          </frames>
        </DOMLayer>
        <DOMLayer name="Layer 4">
          <frames>
            <DOMFrame index="0" motionTweenScale="false" keyMode="8192">
              <elements>
<DOMShape isFloating="true">
                                             <fills>
  <FillStyle index="1">
    <SolidColor color="#f69c6b"/>
  </FillStyle>
</fills>
                                             <strokes/>
  <edges>
    <Edge fillStyle0="0" fillStyle1="0" strokeStyle="0" edges="!0 0! 0 0"/>
    <Edge fillStyle0="1" fillStyle1="0" strokeStyle="0" edges="!0 0! 1342 2071| 1388 2124[ 1438 2181 1449 2201[ 1459 2219 1454 2239[ 1449 2260 1455 2277[ 1468 2313 1504 2321| 1521 2234| 1474 2162| 1355 2064| 1340 2058| 1342 2071"/>
  </edges>
</DOMShape>
                                   </elements>
            </DOMFrame>
          </frames>
        </DOMLayer>
        <DOMLayer name="Layer 5">
          <frames>
            <DOMFrame index="0" motionTweenScale="false" keyMode="8192">
              <elements>
<DOMShape isFloating="true">
                                             <fills>
  <FillStyle index="1">
    <SolidColor color="#f5c4a0"/>
  </FillStyle>
</fills>
                                             <strokes/>
  <edges>
    <Edge fillStyle0="0" fillStyle1="0" strokeStyle="0" edges="!585 2241! 0 0"/>
    <Edge fillStyle0="0" fillStyle1="1" strokeStyle="0" edges="!0 0! 1291 2018| 1391 2093[ 1495 2176 1510 2220[ 1526 2267 1513 2297[ 1504 2318 1485 2324[ 1465 2331 1439 2309[ 1406 2283 1404 2231[ 1403 2179 1346 2093| 1291 2018"/>
  </edges>
</DOMShape>
                                   </elements>
            </DOMFrame>
          </frames>
        </DOMLayer>
        <DOMLayer name="Layer 6">
          <frames>
            <DOMFrame index="0" motionTweenScale="false" keyMode="8192">
              <elements>
<DOMShape isFloating="true">
                                             <fills>
  <FillStyle index="1">
    <SolidColor color="#000000"/>
  </FillStyle>
</fills>
                                             <strokes/>
  <edges>
    <Edge fillStyle0="0" fillStyle1="0" strokeStyle="0" edges="!0 0! 0 0"/>
    <Edge fillStyle0="1" fillStyle1="0" strokeStyle="0" edges="!0 0! 585 2241[ 599 2199 693 2120| 785 2048| 729 2116[ 673 2195 670 2248[ 669 2300 636 2323[ 616 2337 603 2333[ 590 2328 582 2314[ 570 2288 585 2241"/>
    <Edge fillStyle0="1" fillStyle1="0" strokeStyle="0" edges="!585 2241! 565 2323[ 575 2343 597 2352[ 619 2359 648 2339[ 688 2310 691 2249[ 693 2199 746 2112| 799 2034| 688 2109[ 581 2189 566 2235[ 547 2289 565 2323"/>
  </edges>
</DOMShape>
                                   </elements>
            </DOMFrame>
          </frames>
        </DOMLayer>
        <DOMLayer name="Layer 7">
          <frames>
            <DOMFrame index="0" motionTweenScale="false" keyMode="8192">
              <elements>
<DOMShape isFloating="true">
                                             <fills>
  <FillStyle index="1">
    <SolidColor color="#f69c6b"/>
  </FillStyle>
</fills>
                                             <strokes/>
  <edges>
    <Edge fillStyle0="0" fillStyle1="0" strokeStyle="0" edges="!0 0! 0 0"/>
    <Edge fillStyle0="0" fillStyle1="1" strokeStyle="0" edges="!0 0! 743 2089| 697 2142[ 648 2198 636 2219[ 626 2237 631 2257[ 636 2278 630 2295[ 617 2331 581 2339| 564 2252| 611 2180| 731 2082| 745 2076| 743 2089"/>
  </edges>
</DOMShape>
                                   </elements>
            </DOMFrame>
          </frames>
        </DOMLayer>
        <DOMLayer name="Layer 8">
          <frames>
            <DOMFrame index="0" motionTweenScale="false" keyMode="8192">
              <elements>
<DOMShape isFloating="true">
                                             <fills>
  <FillStyle index="1">
    <SolidColor color="#f5c4a0"/>
  </FillStyle>
</fills>
                                             <strokes/>
  <edges>
    <Edge fillStyle0="0" fillStyle1="0" strokeStyle="0" edges="!0 0! 0 0"/>
    <Edge fillStyle0="1" fillStyle1="0" strokeStyle="0" edges="!0 0! 739 2111| 794 2036| 694 2111[ 590 2194 575 2238[ 560 2285 572 2315[ 581 2336 600 2342[ 620 2349 646 2327[ 678 2301 681 2248[ 683 2197 739 2111"/>
  </edges>
</DOMShape>
                                   </elements>
            </DOMFrame>
          </frames>
        </DOMLayer>
        <DOMLayer name="Layer 9">
          <frames>
            <DOMFrame index="0" motionTweenScale="false" keyMode="8192">
              <elements>
<DOMShape isFloating="true">
                                             <fills>
  <FillStyle index="1">
    <SolidColor color="#000000"/>
  </FillStyle>
</fills>
                                             <strokes/>
  <edges>
    <Edge fillStyle0="0" fillStyle1="0" strokeStyle="0" edges="!0 0! 0 0"/>
    <Edge fillStyle0="0" fillStyle1="1" strokeStyle="0" edges="!0 0! 1289 2029| 1254 2007| 1302 2023[ 1350 2046 1351 2087[ 1353 2128 1330 2149[ 1318 2160 1306 2162| 1332 2182| 1386 2237[ 1461 2333 1439 2432[ 1417 2533 1249 2557| 1136 2563| 1086 2560| 865 2542[ 638 2507 610 2423[ 582 2338 687 2235| 763 2173| 798 2150[ 768 2142 768 2084[ 768 2048 806 2017| 843 1992| 818 2018[ 793 2050 793 2080[ 793 2127 848 2147| 809 2171[ 763 2201 727 2233[ 615 2334 655 2418[ 696 2501 895 2522[ 994 2531 1086 2525| 1130 2528| 1231 2522[ 1380 2502 1402 2418[ 1423 2333 1342 2239| 1284 2183| 1256 2162[ 1334 2140 1329 2090[ 1326 2058 1289 2029"/>
  </edges>
</DOMShape>
                                   </elements>
            </DOMFrame>
          </frames>
        </DOMLayer>
        <DOMLayer name="Layer 10">
          <frames>
            <DOMFrame index="0" motionTweenScale="false" keyMode="8192">
              <elements>
<DOMShape isFloating="true">
                                             <fills>
  <FillStyle index="1">
    <SolidColor color="#ffffff"/>
  </FillStyle>
</fills>
                                             <strokes/>
  <edges>
    <Edge fillStyle0="0" fillStyle1="0" strokeStyle="0" edges="!0 0! 0 0"/>
    <Edge fillStyle0="0" fillStyle1="1" strokeStyle="0" edges="!0 0! 964 1577[ 1001 1536 1090 1592[ 1113 1606 1142 1689[ 1172 1775 1165 1816[ 1157 1857 1044 1863| 965 1859[ 928 1852 925 1838[ 917 1804 929 1706[ 942 1601 964 1577"/>
  </edges>
</DOMShape>
                                   </elements>
            </DOMFrame>
          </frames>
        </DOMLayer>
        <DOMLayer name="Layer 11">
          <frames>
            <DOMFrame index="0" motionTweenScale="false" keyMode="8192">
              <elements>
<DOMShape isFloating="true">
                                             <fills>
  <FillStyle index="1">
    <SolidColor color="#000000"/>
  </FillStyle>
</fills>
                                             <strokes/>
  <edges>
    <Edge fillStyle0="0" fillStyle1="0" strokeStyle="0" edges="!0 0! 0 0"/>
    <Edge fillStyle0="0" fillStyle1="1" strokeStyle="0" edges="!0 0! 946 1545[ 955 1534 1026 1544[ 1097 1554 1114 1569[ 1131 1583 1166 1699[ 1200 1815 1193 1841[ 1185 1870 1056 1878[ 926 1886 908 1852[ 891 1819 913 1685[ 933 1560 946 1545"/>
  </edges>
</DOMShape>
                                   </elements>
            </DOMFrame>
          </frames>
        </DOMLayer>
        <DOMLayer name="Layer 12">
          <frames>
            <DOMFrame index="0" motionTweenScale="false" keyMode="8192">
              <elements>
<DOMShape isFloating="true">
                                             <fills>
  <FillStyle index="1">
    <SolidColor color="#000000"/>
  </FillStyle>
</fills>
                                             <strokes/>
  <edges>
    <Edge fillStyle0="0" fillStyle1="0" strokeStyle="0" edges="!1493 996! 0 0"/>
    <Edge fillStyle0="0" fillStyle1="1" strokeStyle="0" edges="!0 0! 551 929[ 569 959 596 985[ 679 1061 824 1067| 838 1068| 824 1067[ 821 1071 824 1080| 835 1103| 752 1088[ 657 1063 597 1015[ 537 967 532 931[ 531 919 535 911| 539 904| 551 929"/>
  </edges>
</DOMShape>
                                   </elements>
            </DOMFrame>
          </frames>
        </DOMLayer>
        <DOMLayer name="Layer 13">
          <frames>
            <DOMFrame index="0" motionTweenScale="false" keyMode="8192">
              <elements>
<DOMShape isFloating="true">
                                             <fills>
  <FillStyle index="1">
    <SolidColor color="#000000"/>
  </FillStyle>
</fills>
                                             <strokes/>
  <edges>
    <Edge fillStyle0="0" fillStyle1="0" strokeStyle="0" edges="!0 0! 0 0"/>
    <Edge fillStyle0="1" fillStyle1="0" strokeStyle="0" edges="!0 0! 1493 996| 1492 969[ 1477 1004 1442 1033[ 1375 1087 1280 1059| 1265 1091| 1322 1096[ 1388 1095 1436 1062[ 1484 1030 1493 996"/>
    <Edge fillStyle0="0" fillStyle1="1" strokeStyle="0" edges="!1493 996! 1280 1059| 1269 1055[ 1279 1052 1280 1059"/>
  </edges>
</DOMShape>
                                   </elements>
            </DOMFrame>
          </frames>
        </DOMLayer>
        <DOMLayer name="Layer 14">
          <frames>
            <DOMFrame index="0" motionTweenScale="false" keyMode="8192">
              <elements>
<DOMShape isFloating="true">
                                             <fills>
  <FillStyle index="1">
    <SolidColor color="#ffffff"/>
  </FillStyle>
</fills>
                                             <strokes/>
  <edges>
    <Edge fillStyle0="0" fillStyle1="0" strokeStyle="0" edges="!0 0! 0 0"/>
    <Edge fillStyle0="0" fillStyle1="1" strokeStyle="0" edges="!0 0! 788 1193| 768 1218| 634 1214| 645 1190| 788 1193"/>
  </edges>
</DOMShape>
                                   </elements>
            </DOMFrame>
          </frames>
        </DOMLayer>
        <DOMLayer name="Layer 15">
          <frames>
            <DOMFrame index="0" motionTweenScale="false" keyMode="8192">
              <elements>
<DOMShape isFloating="true">
                                             <fills>
  <FillStyle index="1">
    <SolidColor color="#000000"/>
  </FillStyle>
</fills>
                                             <strokes/>
  <edges>
    <Edge fillStyle0="0" fillStyle1="0" strokeStyle="0" edges="!0 0! 0 0"/>
    <Edge fillStyle0="0" fillStyle1="1" strokeStyle="0" edges="!0 0! 628 1180| 820 1184| 792 1229| 614 1222| 628 1180"/>
  </edges>
</DOMShape>
                                   </elements>
            </DOMFrame>
          </frames>
        </DOMLayer>
        <DOMLayer name="Layer 16">
          <frames>
            <DOMFrame index="0" motionTweenScale="false" keyMode="8192">
              <elements>
<DOMShape isFloating="true">
                                             <fills>
  <FillStyle index="1">
    <SolidColor color="#000000"/>
  </FillStyle>
</fills>
                                             <strokes/>
  <edges>
    <Edge fillStyle0="0" fillStyle1="0" strokeStyle="0" edges="!0 0! 0 0"/>
    <Edge fillStyle0="0" fillStyle1="1" strokeStyle="0" edges="!0 0! 628 1180| 820 1184| 792 1229| 614 1222| 628 1180"/>
  </edges>
</DOMShape>
                                   </elements>
            </DOMFrame>
          </frames>
        </DOMLayer>
        <DOMLayer name="Layer 17">
          <frames>
            <DOMFrame index="0" motionTweenScale="false" keyMode="8192">
              <elements>
<DOMShape isFloating="true">
                                             <fills>
  <FillStyle index="1">
    <SolidColor color="#ffffff"/>
  </FillStyle>
</fills>
                                             <strokes/>
  <edges>
    <Edge fillStyle0="0" fillStyle1="0" strokeStyle="0" edges="!0 0! 0 0"/>
    <Edge fillStyle0="1" fillStyle1="0" strokeStyle="0" edges="!0 0! 1269 1180| 1290 1206| 1423 1203| 1413 1178| 1269 1180"/>
  </edges>
</DOMShape>
                                   </elements>
            </DOMFrame>
          </frames>
        </DOMLayer>
        <DOMLayer name="Layer 18">
          <frames>
            <DOMFrame index="0" motionTweenScale="false" keyMode="8192">
              <elements>
<DOMShape isFloating="true">
                                             <fills>
  <FillStyle index="1">
    <SolidColor color="#000000"/>
  </FillStyle>
</fills>
                                             <strokes/>
  <edges>
    <Edge fillStyle0="0" fillStyle1="0" strokeStyle="0" edges="!0 0! 0 0"/>
    <Edge fillStyle0="1" fillStyle1="0" strokeStyle="0" edges="!0 0! 1238 1171| 1266 1217| 1443 1210| 1430 1168| 1238 1171"/>
  </edges>
</DOMShape>
                                   </elements>
            </DOMFrame>
          </frames>
        </DOMLayer>
        <DOMLayer name="Layer 19">
          <frames>
            <DOMFrame index="0" motionTweenScale="false" keyMode="8192">
              <elements>
<DOMShape isFloating="true">
                                             <fills>
  <FillStyle index="1">
    <SolidColor color="#000000"/>
  </FillStyle>
</fills>
                                             <strokes/>
  <edges>
    <Edge fillStyle0="0" fillStyle1="0" strokeStyle="0" edges="!0 0! 0 0"/>
    <Edge fillStyle0="1" fillStyle1="0" strokeStyle="0" edges="!0 0! 1238 1171| 1266 1217| 1443 1210| 1430 1168| 1238 1171"/>
  </edges>
</DOMShape>
                                   </elements>
            </DOMFrame>
          </frames>
        </DOMLayer>
        <DOMLayer name="Layer 20">
          <frames>
            <DOMFrame index="0" motionTweenScale="false" keyMode="8192">
              <elements>
<DOMShape isFloating="true">
                                             <fills>
  <FillStyle index="1">
    <SolidColor color="#000000"/>
  </FillStyle>
</fills>
                                             <strokes/>
  <edges>
    <Edge fillStyle0="0" fillStyle1="0" strokeStyle="0" edges="!0 0! 0 0"/>
    <Edge fillStyle0="0" fillStyle1="1" strokeStyle="0" edges="!0 0! 1665 1158| 1760 1141| 1843 1230| 1826 1257| 1767 1181| 1671 1202| 1665 1158"/>
  </edges>
</DOMShape>
                                   </elements>
            </DOMFrame>
          </frames>
        </DOMLayer>
        <DOMLayer name="Layer 21">
          <frames>
            <DOMFrame index="0" motionTweenScale="false" keyMode="8192">
              <elements>
<DOMShape isFloating="true">
                                             <fills>
  <FillStyle index="1">
    <SolidColor color="#000000"/>
  </FillStyle>
</fills>
                                             <strokes/>
  <edges>
    <Edge fillStyle0="0" fillStyle1="0" strokeStyle="0" edges="!0 0! 0 0"/>
    <Edge fillStyle0="1" fillStyle1="0" strokeStyle="0" edges="!0 0! 1847 1112| 1837 1131[ 1832 1151 1853 1154| 1907 1163[ 1932 1175 1943 1223[ 1955 1273 1928 1328| 1878 1400[ 1867 1414 1868 1423| 1871 1429| 1892 1420[ 1918 1407 1938 1387[ 2000 1324 1974 1218[ 1949 1113 1895 1102| 1862 1105| 1847 1112"/>
  </edges>
</DOMShape>
                                   </elements>
            </DOMFrame>
          </frames>
        </DOMLayer>
        <DOMLayer name="Layer 22">
          <frames>
            <DOMFrame index="0" motionTweenScale="false" keyMode="8192">
              <elements>
<DOMShape isFloating="true">
                                             <fills>
  <FillStyle index="1">
    <SolidColor color="#000000"/>
  </FillStyle>
</fills>
                                             <strokes/>
  <edges>
    <Edge fillStyle0="0" fillStyle1="0" strokeStyle="0" edges="!0 0! 0 0"/>
    <Edge fillStyle0="0" fillStyle1="1" strokeStyle="0" edges="!0 0! 1837 1279[ 1946 1522 1894 1694[ 1842 1866 1447 1974[ 1250 2028 1063 2047[ 892 2050 690 2013[ 288 1939 138 1741[ -12 1543 189 1208[ 290 1040 420 912[ 306 1066 222 1246[ 54 1605 206 1735[ 368 1874 659 1945[ 884 2001 1063 1995[ 1279 1989 1494 1923[ 1800 1830 1855 1661[ 1907 1500 1817 1269[ 1790 1197 1751 1127| 1718 1071| 1757 1130[ 1803 1204 1837 1279"/>
  </edges>
</DOMShape>
                                   </elements>
            </DOMFrame>
          </frames>
        </DOMLayer>
        <DOMLayer name="Layer 23">
          <frames>
            <DOMFrame index="0" motionTweenScale="false" keyMode="8192">
              <elements>
<DOMShape isFloating="true">
                                             <fills>
  <FillStyle index="1">
    <SolidColor color="#ff0000"/>
  </FillStyle>
</fills>
                                             <strokes/>
  <edges>
    <Edge fillStyle0="0" fillStyle1="0" strokeStyle="0" edges="!0 0! 0 0"/>
    <Edge fillStyle0="1" fillStyle1="0" strokeStyle="0" edges="!0 0! 1312 2586[ 1300 2596 1261 2597| 1219 2593| 1207 2588| 1206 2595| 1214 2607| 1266 2614| 1311 2606| 1314 2593| 1312 2586"/>
  </edges>
</DOMShape>
                                   </elements>
            </DOMFrame>
          </frames>
        </DOMLayer>
        <DOMLayer name="Layer 24">
          <frames>
            <DOMFrame index="0" motionTweenScale="false" keyMode="8192">
              <elements>
<DOMShape isFloating="true">
                                             <fills>
  <FillStyle index="1">
    <SolidColor color="#ffffff"/>
  </FillStyle>
</fills>
                                             <strokes/>
  <edges>
    <Edge fillStyle0="0" fillStyle1="0" strokeStyle="0" edges="!0 0! 0 0"/>
    <Edge fillStyle0="1" fillStyle1="0" strokeStyle="0" edges="!0 0! 1206 2596[ 1208 2615 1260 2614[ 1313 2612 1314 2599[ 1315 2584 1305 2565[ 1291 2540 1263 2538[ 1235 2536 1217 2561[ 1203 2582 1206 2596"/>
  </edges>
</DOMShape>
                                   </elements>
            </DOMFrame>
          </frames>
        </DOMLayer>
        <DOMLayer name="Layer 25">
          <frames>
            <DOMFrame index="0" motionTweenScale="false" keyMode="8192">
              <elements>
<DOMShape isFloating="true">
                                             <fills>
  <FillStyle index="1">
    <SolidColor color="#000000"/>
  </FillStyle>
</fills>
                                             <strokes/>
  <edges>
    <Edge fillStyle0="0" fillStyle1="0" strokeStyle="0" edges="!0 0! 0 0"/>
    <Edge fillStyle0="1" fillStyle1="0" strokeStyle="0" edges="!0 0! 1184 2605[ 1187 2631 1260 2629[ 1334 2627 1336 2609[ 1337 2587 1324 2561[ 1304 2525 1265 2522[ 1225 2520 1201 2555[ 1181 2584 1184 2605"/>
  </edges>
</DOMShape>
                                   </elements>
            </DOMFrame>
          </frames>
        </DOMLayer>
        <DOMLayer name="Layer 26">
          <frames>
            <DOMFrame index="0" motionTweenScale="false" keyMode="8192">
              <elements>
<DOMShape isFloating="true">
                                             <fills>
  <FillStyle index="1">
    <SolidColor color="#ff0000"/>
  </FillStyle>
</fills>
                                             <strokes/>
  <edges>
    <Edge fillStyle0="0" fillStyle1="0" strokeStyle="0" edges="!0 0! 0 0"/>
    <Edge fillStyle0="1" fillStyle1="0" strokeStyle="0" edges="!0 0! 863 2584[ 850 2594 812 2595| 770 2592| 757 2586| 757 2593[ 757 2600 764 2605| 817 2612| 862 2604| 865 2591| 863 2584"/>
  </edges>
</DOMShape>
                                   </elements>
            </DOMFrame>
          </frames>
        </DOMLayer>
        <DOMLayer name="Layer 27">
          <frames>
            <DOMFrame index="0" motionTweenScale="false" keyMode="8192">
              <elements>
<DOMShape isFloating="true">
                                             <fills>
  <FillStyle index="1">
    <SolidColor color="#ffffff"/>
  </FillStyle>
</fills>
                                             <strokes/>
  <edges>
    <Edge fillStyle0="0" fillStyle1="0" strokeStyle="0" edges="!0 0! 0 0"/>
    <Edge fillStyle0="1" fillStyle1="0" strokeStyle="0" edges="!0 0! 814 2536[ 786 2534 768 2559[ 754 2580 757 2594[ 759 2613 811 2612[ 864 2611 865 2597[ 866 2582 856 2563[ 842 2538 814 2536"/>
  </edges>
</DOMShape>
                                   </elements>
            </DOMFrame>
          </frames>
        </DOMLayer>
        <DOMLayer name="Layer 28">
          <frames>
            <DOMFrame index="0" motionTweenScale="false" keyMode="8192">
              <elements>
<DOMShape isFloating="true">
                                             <fills>
  <FillStyle index="1">
    <SolidColor color="#000000"/>
  </FillStyle>
</fills>
                                             <strokes/>
  <edges>
    <Edge fillStyle0="0" fillStyle1="0" strokeStyle="0" edges="!0 0! 0 0"/>
    <Edge fillStyle0="1" fillStyle1="0" strokeStyle="0" edges="!0 0! 816 2520[ 776 2518 751 2553[ 732 2582 734 2602[ 739 2629 811 2627[ 884 2625 886 2607[ 888 2585 874 2559[ 855 2523 816 2520"/>
  </edges>
</DOMShape>
                                   </elements>
            </DOMFrame>
          </frames>
        </DOMLayer>
        <DOMLayer name="Layer 29">
          <frames>
            <DOMFrame index="0" motionTweenScale="false" keyMode="8192">
              <elements>
<DOMShape isFloating="true">
                                             <fills>
  <FillStyle index="1">
    <SolidColor color="#ffa800"/>
  </FillStyle>
</fills>
                                             <strokes/>
  <edges>
    <Edge fillStyle0="0" fillStyle1="0" strokeStyle="0" edges="!0 0! 0 0"/>
    <Edge fillStyle0="1" fillStyle1="0" strokeStyle="0" edges="!0 0! 1814 1013[ 1792 784 1742 602[ 1670 347 1550 222[ 1399 66 1179 123[ 776 20 517 164[ 311 280 206 547[ 132 738 116 986[ 108 1109 114 1195| 152 1181[ 153 1096 171 973[ 205 728 286 541[ 399 279 588 171[ 826 35 1169 147[ 1371 72 1510 216[ 1622 333 1689 582[ 1736 761 1756 988[ 1767 1103 1767 1181| 1825 1205| 1814 1013"/>
  </edges>
</DOMShape>
                                   </elements>
            </DOMFrame>
          </frames>
        </DOMLayer>
        <DOMLayer name="Layer 30">
          <frames>
            <DOMFrame index="0" motionTweenScale="false" keyMode="8192">
              <elements>
<DOMShape isFloating="true">
                                             <fills>
  <FillStyle index="1">
    <SolidColor color="#f69c6b"/>
  </FillStyle>
</fills>
                                             <strokes/>
  <edges>
    <Edge fillStyle0="0" fillStyle1="0" strokeStyle="0" edges="!0 0! 0 0"/>
    <Edge fillStyle0="1" fillStyle1="0" strokeStyle="0" edges="!0 0! 1078 1409| 1051 1372| 1038 1427| 1078 1409"/>
  </edges>
</DOMShape>
                                   </elements>
            </DOMFrame>
          </frames>
        </DOMLayer>
        <DOMLayer name="Layer 31">
          <frames>
            <DOMFrame index="0" motionTweenScale="false" keyMode="8192">
              <elements>
<DOMShape isFloating="true">
                                             <fills>
  <FillStyle index="1">
    <SolidColor color="#000000"/>
  </FillStyle>
</fills>
                                             <strokes/>
  <edges>
    <Edge fillStyle0="0" fillStyle1="0" strokeStyle="0" edges="!0 0! 0 0"/>
    <Edge fillStyle0="1" fillStyle1="0" strokeStyle="0" edges="!0 0! 1835 903[ 1834 1062 1825 1205| 1851 1253[ 1867 1125 1873 963[ 1885 640 1835 476[ 1775 276 1583 139[ 1387 1 1178 17| 1083 7[ 973 -4 871 2[ 533 23 289 221[ 43 421 50 841[ 54 1051 107 1221| 131 1216[ 83 1054 85 852[ 89 448 337 251[ 584 55 905 37[ 1065 29 1176 60| 1243 59[ 1327 65 1407 96[ 1666 194 1802 504[ 1839 585 1835 903"/>
  </edges>
</DOMShape>
                                   </elements>
            </DOMFrame>
          </frames>
        </DOMLayer>
        <DOMLayer name="Layer 32">
          <frames>
            <DOMFrame index="0" motionTweenScale="false" keyMode="8192">
              <elements>
<DOMShape isFloating="true">
                                             <fills>
  <FillStyle index="1">
    <SolidColor color="#f4a057"/>
  </FillStyle>
</fills>
                                             <strokes/>
  <edges>
    <Edge fillStyle0="0" fillStyle1="0" strokeStyle="0" edges="!0 0! 0 0"/>
    <Edge fillStyle0="0" fillStyle1="1" strokeStyle="0" edges="!0 0! 1843 1327[ 1917 1544 1877 1700[ 1837 1855 1408 1960[ 1194 2012 988 2033[ 776 2001 559 1931[ 123 1791 93 1599[ 64 1407 291 1071[ 406 904 525 774[ 419 911 326 1080[ 140 1417 210 1572[ 285 1741 545 1849[ 752 1934 988 1954[ 1212 1973 1446 1900[ 1721 1815 1798 1652[ 1867 1503 1821 1307[ 1806 1246 1781 1187| 1760 1141| 1787 1193[ 1819 1259 1843 1327"/>
  </edges>
</DOMShape>
                                   </elements>
            </DOMFrame>
          </frames>
        </DOMLayer>
        <DOMLayer name="Layer 33">
          <frames>
            <DOMFrame index="0" motionTweenScale="false" keyMode="8192">
              <elements>
<DOMShape isFloating="true">
                                             <fills>
  <FillStyle index="1">
    <SolidColor color="#000000"/>
  </FillStyle>
</fills>
                                             <strokes/>
  <edges>
    <Edge fillStyle0="0" fillStyle1="0" strokeStyle="0" edges="!0 0! 0 0"/>
    <Edge fillStyle0="1" fillStyle1="0" strokeStyle="0" edges="!0 0! 1662 1073| 1497 730| 1485 927[ 1300 691 1277 644[ 1269 711 1116 939[ 1126 922 1121 860[ 1113 735 1037 506[ 1025 508 1031 620[ 1038 745 1017 786| 997 764| 959 712[ 893 627 809 582[ 893 651 957 763[ 989 818 1005 861[ 1060 798 1064 764[ 1090 861 1080 1077| 1167 963[ 1261 828 1292 723[ 1316 809 1512 1002| 1524 841| 1595 987[ 1666 1142 1674 1187[ 1685 1257 1662 1073"/>
  </edges>
</DOMShape>
                                   </elements>
            </DOMFrame>
          </frames>
        </DOMLayer>
        <DOMLayer name="Layer 34">
          <frames>
            <DOMFrame index="0" motionTweenScale="false" keyMode="8192">
              <elements>
<DOMShape isFloating="true">
                                             <fills>
  <FillStyle index="1">
    <SolidColor color="#000000"/>
  </FillStyle>
</fills>
                                             <strokes/>
  <edges>
    <Edge fillStyle0="0" fillStyle1="0" strokeStyle="0" edges="!0 0! 0 0"/>
    <Edge fillStyle0="0" fillStyle1="1" strokeStyle="0" edges="!0 0! 576 826[ 541 1013 545 1018[ 592 994 883 640| 740 852[ 580 1068 494 1093[ 487 1089 513 929[ 538 772 525 774[ 502 778 337 1023[ 165 1279 143 1372[ 103 1421 237 1117[ 310 1003 390 888[ 549 657 580 652[ 610 647 576 826"/>
  </edges>
</DOMShape>
                                   </elements>
            </DOMFrame>
          </frames>
        </DOMLayer>
        <DOMLayer name="Layer 35">
          <frames>
            <DOMFrame index="0" motionTweenScale="false" keyMode="8192">
              <elements>
<DOMShape isFloating="true">
                                             <fills>
  <FillStyle index="1">
    <SolidColor color="#f69c6b"/>
  </FillStyle>
</fills>
                                             <strokes/>
  <edges>
    <Edge fillStyle0="0" fillStyle1="0" strokeStyle="0" edges="!0 0! 0 0"/>
    <Edge fillStyle0="1" fillStyle1="0" strokeStyle="0" edges="!0 0! 513 769| 488 918[ 466 1074 484 1103[ 538 1135 716 891[ 805 769 883 640| 527 1060| 566 721| 513 769"/>
  </edges>
</DOMShape>
                                   </elements>
            </DOMFrame>
          </frames>
        </DOMLayer>
        <DOMLayer name="Layer 36">
          <frames>
            <DOMFrame index="0" motionTweenScale="false" keyMode="8192">
              <elements>
<DOMShape isFloating="true">
                                             <fills>
  <FillStyle index="1">
    <SolidColor color="#f4a057"/>
  </FillStyle>
</fills>
                                             <strokes/>
  <edges>
    <Edge fillStyle0="0" fillStyle1="0" strokeStyle="0" edges="!0 0! 0 0"/>
    <Edge fillStyle0="0" fillStyle1="1" strokeStyle="0" edges="!0 0! 1525 1031| 1305 806| 1055 1126| 1055 826| 1000 895| 874 639| 1006 823| 1072 751| 1107 1011| 1291 696| 1504 959| 1519 826| 1574 910| 1539 887| 1525 1031"/>
  </edges>
</DOMShape>
                                   </elements>
            </DOMFrame>
          </frames>
        </DOMLayer>
        <DOMLayer name="Layer 37">
          <frames>
            <DOMFrame index="0" motionTweenScale="false" keyMode="8192">
              <elements>
<DOMShape isFloating="true">
                                             <fills>
  <FillStyle index="1">
    <SolidColor color="#f4a057"/>
  </FillStyle>
</fills>
                                             <strokes/>
  <edges>
    <Edge fillStyle0="0" fillStyle1="0" strokeStyle="0" edges="!0 0! 0 0"/>
    <Edge fillStyle0="1" fillStyle1="0" strokeStyle="0" edges="!0 0! 1817 1221| 1852 1353| 1890 1331[ 1925 1299 1909 1252[ 1893 1205 1853 1208| 1817 1221"/>
  </edges>
</DOMShape>
                                   </elements>
            </DOMFrame>
          </frames>
        </DOMLayer>
        <DOMLayer name="Layer 38">
          <frames>
            <DOMFrame index="0" motionTweenScale="false" keyMode="8192">
              <elements>
<DOMShape isFloating="true">
                                             <fills>
  <FillStyle index="1">
    <SolidColor color="#f5be8b"/>
  </FillStyle>
</fills>
                                             <strokes/>
  <edges>
    <Edge fillStyle0="0" fillStyle1="0" strokeStyle="0" edges="!0 0! 0 0"/>
    <Edge fillStyle0="1" fillStyle1="0" strokeStyle="0" edges="!0 0! 1684 1165| 1523 807| 1495 964| 1297 690| 1127 1011| 1073 706| 1024 809| 883 642[ 535 1118 513 1071[ 503 1048 543 887[ 583 733 567 721[ 547 708 421 935[ 359 1049 300 1165[ 236 1169 169 1191[ 36 1236 24 1330[ 17 1387 66 1476| 97 1684[ 210 1765 381 1847[ 722 2010 1011 2012[ 1300 2014 1616 1880[ 1774 1813 1874 1746| 1871 1429[ 1895 1408 1917 1371[ 1963 1295 1957 1211[ 1951 1126 1817 1137| 1725 1153| 1684 1165"/>
  </edges>
</DOMShape>
                                   </elements>
            </DOMFrame>
          </frames>
        </DOMLayer>
        <DOMLayer name="Layer 39">
          <frames>
            <DOMFrame index="0" motionTweenScale="false" keyMode="8192">
              <elements>
<DOMShape isFloating="true">
                                             <fills>
  <FillStyle index="1">
    <SolidColor color="#ffa800"/>
  </FillStyle>
</fills>
                                             <strokes/>
  <edges>
    <Edge fillStyle0="0" fillStyle1="0" strokeStyle="0" edges="!0 0! 0 0"/>
    <Edge fillStyle0="0" fillStyle1="1" strokeStyle="0" edges="!0 0! 1684 1187| 1534 852| 1504 959| 1292 723| 1113 1035| 1064 718| 1006 823| 878 654| 540 1041| 543 724| 299 1165| 244 1151[ 327 994 416 838[ 595 527 625 534[ 612 551 608 741| 607 928| 802 659[ 821 635 753 489| 976 659| 1031 409| 1159 760| 1266 553| 1455 803| 1483 669| 1718 1071| 1834 1194| 1684 1187"/>
  </edges>
</DOMShape>
                                   </elements>
            </DOMFrame>
          </frames>
        </DOMLayer>
        <DOMLayer name="Layer 40">
          <frames>
            <DOMFrame index="0" motionTweenScale="false" keyMode="8192">
              <elements>
<DOMShape isFloating="true">
                                             <fills>
  <FillStyle index="1">
    <SolidColor color="#ffa800"/>
  </FillStyle>
</fills>
                                             <strokes/>
  <edges>
    <Edge fillStyle0="0" fillStyle1="0" strokeStyle="0" edges="!0 0! 0 0"/>
    <Edge fillStyle0="1" fillStyle1="0" strokeStyle="0" edges="!0 0! 1559 1819| 1534 1892| 1617 1822| 1669 1834| 1736 1733| 1845 1831| 1757 1452| 1559 1819"/>
  </edges>
</DOMShape>
                                   </elements>
            </DOMFrame>
          </frames>
        </DOMLayer>
        <DOMLayer name="Layer 41">
          <frames>
            <DOMFrame index="0" motionTweenScale="false" keyMode="8192">
              <elements>
<DOMShape isFloating="true">
                                             <fills>
  <FillStyle index="1">
    <SolidColor color="#ffbf00"/>
  </FillStyle>
</fills>
                                             <strokes/>
  <edges>
    <Edge fillStyle0="0" fillStyle1="0" strokeStyle="0" edges="!0 0! 0 0"/>
    <Edge fillStyle0="1" fillStyle1="0" strokeStyle="0" edges="!0 0! 1654 239[ 1482 46 1178 17[ 743 7 472 136[ 255 240 151 428[ 77 562 68 725[ 63 806 73 861| 77 1040[ 89 1232 128 1297[ 167 1362 118 1618[ 94 1746 61 1861| 225 1741| 288 1894| 327 1835| 433 1873| 425 1801| 1521 1845| 1508 1928| 1613 1869| 1653 1900| 1736 1782| 1878 1880| 1795 1407| 1841 1207[ 1854 1138 1862 1033[ 1875 823 1841 644[ 1792 393 1654 239"/>
  </edges>
</DOMShape>
                                   </elements>
            </DOMFrame>
          </frames>
        </DOMLayer>
        <DOMLayer name="Layer 42">
          <frames>
            <DOMFrame index="0" motionTweenScale="false" keyMode="8192">
              <elements>
<DOMShape isFloating="true">
                                             <fills>
  <FillStyle index="1">
    <SolidColor color="#f69c6b"/>
  </FillStyle>
</fills>
                                             <strokes/>
  <edges>
    <Edge fillStyle0="0" fillStyle1="0" strokeStyle="0" edges="!0 0! 0 0"/>
    <Edge fillStyle0="1" fillStyle1="0" strokeStyle="0" edges="!0 0! 987 1930| 983 1970| 1010 2012| 1055 2016| 1103 1995| 1117 1954| 1116 1933| 987 1930"/>
  </edges>
</DOMShape>
                                   </elements>
            </DOMFrame>
          </frames>
        </DOMLayer>
        <DOMLayer name="Layer 43">
          <frames>
            <DOMFrame index="0" motionTweenScale="false" keyMode="8192">
              <elements>
<DOMShape isFloating="true">
                                             <fills>
  <FillStyle index="1">
    <SolidColor color="#000000"/>
  </FillStyle>
</fills>
                                             <strokes/>
  <edges>
    <Edge fillStyle0="0" fillStyle1="0" strokeStyle="0" edges="!0 0! 0 0"/>
    <Edge fillStyle0="0" fillStyle1="1" strokeStyle="0" edges="!0 0! 1757 1452| 1795 1407| 1844 1654[ 1899 1903 1935 1914[ 1883 1931 1802 1869| 1731 1804| 1655 1930| 1613 1869| 1496 1952| 1514 1820| 1560 1812| 1534 1892[ 1578 1861 1621 1831| 1658 1873| 1723 1755| 1771 1801[ 1822 1846 1867 1874[ 1831 1825 1757 1452"/>
  </edges>
</DOMShape>
                                   </elements>
            </DOMFrame>
          </frames>
        </DOMLayer>
        <DOMLayer name="Layer 44">
          <frames>
            <DOMFrame index="0" motionTweenScale="false" keyMode="8192">
              <elements>
<DOMShape isFloating="true">
                                             <fills>
  <FillStyle index="1">
    <SolidColor color="#dbe6eb"/>
  </FillStyle>
</fills>
                                             <strokes/>
  <edges>
    <Edge fillStyle0="0" fillStyle1="0" strokeStyle="0" edges="!0 0! 0 0"/>
    <Edge fillStyle0="1" fillStyle1="0" strokeStyle="0" edges="!0 0! 842 2011| 820 2036[ 799 2065 813 2086[ 825 2103 860 2130| 888 2158| 852 2178| 776 2219[ 666 2288 669 2370[ 672 2453 830 2496[ 910 2518 989 2523| 1289 2466| 1251 2470| 1005 2460[ 786 2414 809 2320[ 814 2297 926 2232[ 1031 2170 1023 2151[ 1015 2132 955 2112[ 892 2091 879 2075[ 862 2054 878 2036| 899 2023| 842 2011"/>
  </edges>
</DOMShape>
                                   </elements>
            </DOMFrame>
          </frames>
        </DOMLayer>
        <DOMLayer name="Layer 45">
          <frames>
            <DOMFrame index="0" motionTweenScale="false" keyMode="8192">
              <elements>
<DOMShape isFloating="true">
                                             <fills>
  <FillStyle index="1">
    <SolidColor color="#ffffff"/>
  </FillStyle>
</fills>
                                             <strokes/>
  <edges>
    <Edge fillStyle0="0" fillStyle1="0" strokeStyle="0" edges="!0 0! 0 0"/>
    <Edge fillStyle0="1" fillStyle1="0" strokeStyle="0" edges="!0 0! 1260 2007| 809 2005| 779 2075| 809 2147| 669 2282| 619 2395| 662 2462| 757 2501| 969 2548| 1167 2544| 1318 2528| 1408 2438| 1431 2334| 1386 2233| 1280 2163| 1334 2118| 1316 2034| 1260 2007"/>
  </edges>
</DOMShape>
                                   </elements>
            </DOMFrame>
          </frames>
        </DOMLayer>
        <DOMLayer name="Layer 46">
          <frames>
            <DOMFrame index="0" motionTweenScale="false" keyMode="8192">
              <elements>
                                        <DOMShape isFloating="true">
                                             <fills>
  <FillStyle index="1">
    <SolidColor color="#000000"/>
  </FillStyle>
</fills>
                                             <strokes/>
  <edges>
    <Edge fillStyle0="1" edges="!0 0! 142 1392| 93 1639[ 37 1888 2 1900[ 54 1916 139 1840| 214 1759| 267 1926| 324 1839| 445 1888| 422 1805| 377 1797| 407 1847| 320 1797| 278 1858| 225 1706[ 144 1812 70 1859[ 106 1810 180 1437| 142 1392"/>
  </edges>
</DOMShape>
                                   </elements>
            </DOMFrame>
          </frames>
        </DOMLayer>
      </layers>
    </DOMTimeline>
  </timeline>
</DOMSymbolItem>
