<DOMSymbolItem xmlns="http://ns.adobe.com/xfl/2008/" xmlns:xsi="http://www.w3.org/2001/XMLSchema-instance" name="Symbol 156" lastModified="1635072455" symbolType="graphic">
  <timeline>
    <DOMTimeline name="Symbol 156" currentFrame="0">
      <layers>
        <DOMLayer name="Layer 1">
          <frames>
            <DOMFrame index="0" motionTweenScale="false" keyMode="8192">
              <elements>
<DOMShape isFloating="true">
                                             <fills/>
                                             <strokes>
  <StrokeStyle index="1">
    <SolidStroke weight="2.0" scaleMode="normal" caps="none" joints="miter">
      <fill>
        <SolidColor color="#7f0000"/>
      </fill>
    </SolidStroke>
  </StrokeStyle>
</strokes>
  <edges>
    <Edge fillStyle0="0" fillStyle1="0" strokeStyle="0" edges="!0 0! 0 0"/>
    <Edge fillStyle0="0" fillStyle1="0" strokeStyle="1" edges="!0 0! 6316 5871| 6399 5837| 6312 5722| 6237 5782| 6316 5871"/>
  </edges>
</DOMShape>
                                   </elements>
            </DOMFrame>
          </frames>
        </DOMLayer>
        <DOMLayer name="Layer 2">
          <frames>
            <DOMFrame index="0" motionTweenScale="false" keyMode="8192">
              <elements>
<DOMShape isFloating="true">
                                             <fills>
  <FillStyle index="1">
    <SolidColor color="#ff7f00" alpha="1.0"/>
  </FillStyle>
</fills>
                                             <strokes/>
  <edges>
    <Edge fillStyle0="0" fillStyle1="0" strokeStyle="0" edges="!0 0! 0 0"/>
    <Edge fillStyle0="1" fillStyle1="0" strokeStyle="0" edges="!0 0! 6316 5871| 6399 5837| 6312 5722| 6237 5782| 6316 5871"/>
  </edges>
</DOMShape>
                                   </elements>
            </DOMFrame>
          </frames>
        </DOMLayer>
        <DOMLayer name="Layer 3">
          <frames>
            <DOMFrame index="0" motionTweenScale="false" keyMode="8192">
              <elements>
<DOMShape isFloating="true">
                                             <fills/>
                                             <strokes>
  <StrokeStyle index="1">
    <SolidStroke weight="2.0" scaleMode="normal" caps="none" joints="miter">
      <fill>
        <SolidColor color="#7f0000"/>
      </fill>
    </SolidStroke>
  </StrokeStyle>
</strokes>
  <edges>
    <Edge fillStyle0="0" fillStyle1="0" strokeStyle="0" edges="!0 0! 0 0"/>
    <Edge fillStyle0="0" fillStyle1="0" strokeStyle="1" edges="!0 0! 6246 5367| 6356 5317| 6338 5186| 6531 5177| 6551 5399| 6347 5454| 6290 5642| 6425 5701| 6488 5521| 6681 5455| 6587 5044| 6201 5121| 6246 5367"/>
  </edges>
</DOMShape>
                                   </elements>
            </DOMFrame>
          </frames>
        </DOMLayer>
        <DOMLayer name="Layer 4">
          <frames>
            <DOMFrame index="0" motionTweenScale="false" keyMode="8192">
              <elements>
<DOMShape isFloating="true">
                                             <fills>
  <FillStyle index="1">
    <SolidColor color="#ff7f00" alpha="1.0"/>
  </FillStyle>
</fills>
                                             <strokes/>
  <edges>
    <Edge fillStyle0="0" fillStyle1="0" strokeStyle="0" edges="!0 0! 0 0"/>
    <Edge fillStyle0="1" fillStyle1="0" strokeStyle="0" edges="!0 0! 6246 5367| 6356 5317| 6338 5186| 6531 5177| 6551 5399| 6347 5454| 6290 5642| 6425 5701| 6488 5521| 6681 5455| 6587 5044| 6201 5121| 6246 5367"/>
  </edges>
</DOMShape>
                                   </elements>
            </DOMFrame>
          </frames>
        </DOMLayer>
        <DOMLayer name="Layer 5">
          <frames>
            <DOMFrame index="0" motionTweenScale="false" keyMode="8192">
              <elements>
<DOMShape isFloating="true">
                                             <fills/>
                                             <strokes>
  <StrokeStyle index="1">
    <SolidStroke weight="2.0" scaleMode="normal" caps="none" joints="miter">
      <fill>
        <SolidColor color="#000000"/>
      </fill>
    </SolidStroke>
  </StrokeStyle>
</strokes>
  <edges>
    <Edge fillStyle0="0" fillStyle1="0" strokeStyle="0" edges="!5395 5434! 0 0"/>
    <Edge fillStyle0="0" fillStyle1="0" strokeStyle="1" edges="!0 0! 5117 5409| 5136 5430[ 5166 5470 5197 5474| 5268 5465| 5362 5441[ 5478 5414 5478 5457[ 5478 5506 5360 5544[ 5259 5577 5182 5577[ 5094 5577 5052 5491[ 5041 5470 5051 5453[ 5060 5438 5092 5414[ 5106 5404 5117 5409"/>
  </edges>
</DOMShape>
                                   </elements>
            </DOMFrame>
          </frames>
        </DOMLayer>
        <DOMLayer name="Layer 6">
          <frames>
            <DOMFrame index="0" motionTweenScale="false" keyMode="8192">
              <elements>
<DOMShape isFloating="true">
                                             <fills>
  <FillStyle index="1">
    <SolidColor color="#ffffff" alpha="1.0"/>
  </FillStyle>
  <FillStyle index="2">
    <SolidColor color="#dddddd" alpha="1.0"/>
  </FillStyle>
</fills>
                                             <strokes/>
  <edges>
    <Edge fillStyle0="0" fillStyle1="0" strokeStyle="0" edges="!5645 4156! 0 0"/>
    <Edge fillStyle0="2" fillStyle1="1" strokeStyle="0" edges="!0 0! 5395 5434[ 5401 5476 5366 5516[ 5307 5526 5294 5458"/>
    <Edge fillStyle0="2" fillStyle1="0" strokeStyle="0" edges="!5294 5458| 5266 5465| 5195 5474[ 5164 5470 5134 5430| 5115 5409[ 5104 5403 5091 5414[ 5059 5438 5050 5453[ 5040 5470 5050 5491[ 5092 5578 5181 5578[ 5258 5578 5358 5544[ 5477 5506 5477 5457[ 5477 5421 5395 5434"/>
    <Edge fillStyle0="1" fillStyle1="0" strokeStyle="0" edges="!5395 5434| 5360 5442| 5294 5458"/>
  </edges>
</DOMShape>
                                   </elements>
            </DOMFrame>
          </frames>
        </DOMLayer>
        <DOMLayer name="Layer 7">
          <frames>
            <DOMFrame index="0" motionTweenScale="false" keyMode="8192">
              <elements>
<DOMShape isFloating="true">
                                             <fills>
  <FillStyle index="1">
    <SolidColor color="#000000" alpha="1.0"/>
  </FillStyle>
  <FillStyle index="2">
    <SolidColor color="#ffffff" alpha="1.0"/>
  </FillStyle>
</fills>
                                             <strokes/>
  <edges>
    <Edge fillStyle0="0" fillStyle1="0" strokeStyle="0" edges="!0 0! 0 0"/>
    <Edge fillStyle0="0" fillStyle1="1" strokeStyle="0" edges="!0 0! 5645 4156[ 5644 4096 5680 4096[ 5716 4096 5716 4156[ 5716 4215 5680 4215[ 5666 4215 5656 4198[ 5645 4180 5645 4156"/>
    <Edge fillStyle0="1" fillStyle1="2" strokeStyle="0" edges="!5645 4156! 5665 4182[ 5658 4171 5658 4156[ 5658 4119 5680 4119[ 5702 4119 5702 4156[ 5702 4192 5680 4192[ 5671 4192 5665 4182"/>
  </edges>
</DOMShape>
                                   </elements>
            </DOMFrame>
          </frames>
        </DOMLayer>
        <DOMLayer name="Layer 8">
          <frames>
            <DOMFrame index="0" motionTweenScale="false" keyMode="8192">
              <elements>
<DOMShape isFloating="true">
                                             <fills>
  <FillStyle index="1">
    <SolidColor color="#ffa800" alpha="1.0"/>
  </FillStyle>
</fills>
                                             <strokes/>
  <edges>
    <Edge fillStyle0="0" fillStyle1="0" strokeStyle="0" edges="!0 0! 0 0"/>
    <Edge fillStyle0="1" fillStyle1="0" strokeStyle="0" edges="!0 0! 5484 2459[ 4902 2310 4529 2519[ 4231 2686 4080 3071[ 3973 3347 3950 3704[ 3938 3882 3948 4006| 4002 3986[ 4004 3863 4029 3686[ 4079 3333 4195 3063[ 4358 2685 4632 2528[ 4974 2332 5470 2494[ 5761 2386 5962 2594[ 6123 2761 6219 3122[ 6288 3379 6317 3708[ 6332 3873 6333 3986| 6416 4021[ 6415 3908 6400 3743[ 6369 3413 6296 3150[ 6193 2782 6019 2602[ 5801 2377 5484 2459"/>
  </edges>
</DOMShape>
                                   </elements>
            </DOMFrame>
          </frames>
        </DOMLayer>
        <DOMLayer name="Layer 9">
          <frames>
            <DOMFrame index="0" motionTweenScale="false" keyMode="8192">
              <elements>
<DOMShape isFloating="true">
                                             <fills>
  <FillStyle index="1">
    <SolidColor color="#f69c6b" alpha="1.0"/>
  </FillStyle>
</fills>
                                             <strokes/>
  <edges>
    <Edge fillStyle0="0" fillStyle1="0" strokeStyle="0" edges="!0 0! 0 0"/>
    <Edge fillStyle0="1" fillStyle1="0" strokeStyle="0" edges="!0 0! 5293 4329| 5275 4409| 5332 4383| 5293 4329"/>
  </edges>
</DOMShape>
                                   </elements>
            </DOMFrame>
          </frames>
        </DOMLayer>
        <DOMLayer name="Layer 10">
          <frames>
            <DOMFrame index="0" motionTweenScale="false" keyMode="8192">
              <elements>
<DOMShape isFloating="true">
                                             <fills>
  <FillStyle index="1">
    <SolidColor color="#000000" alpha="1.0"/>
  </FillStyle>
</fills>
                                             <strokes/>
  <edges>
    <Edge fillStyle0="0" fillStyle1="0" strokeStyle="0" edges="!0 0! 0 0"/>
    <Edge fillStyle0="0" fillStyle1="1" strokeStyle="0" edges="!0 0! 5133 4571| 5187 4584[ 5267 4596 5386 4589[ 5611 4576 5636 4515[ 5643 4498 5591 4486| 5628 4489[ 5666 4495 5669 4515[ 5671 4543 5590 4576[ 5500 4611 5393 4611[ 5297 4611 5205 4591| 5133 4571"/>
  </edges>
</DOMShape>
                                   </elements>
            </DOMFrame>
          </frames>
        </DOMLayer>
        <DOMLayer name="Layer 11">
          <frames>
            <DOMFrame index="0" motionTweenScale="false" keyMode="8192">
              <elements>
<DOMShape isFloating="true">
                                             <fills>
  <FillStyle index="1">
    <SolidColor color="#000000" alpha="1.0"/>
  </FillStyle>
</fills>
                                             <strokes/>
  <edges>
    <Edge fillStyle0="0" fillStyle1="0" strokeStyle="0" edges="!4783 4182! 0 0"/>
    <Edge fillStyle0="1" fillStyle1="0" strokeStyle="0" edges="!0 0! 4924 4556[ 4924 4580 5008 4589| 5060 4585[ 5083 4578 5081 4567[ 5079 4560 5070 4563| 5004 4571[ 4960 4571 4935 4555| 4926 4549[ 4924 4548 4924 4556"/>
  </edges>
</DOMShape>
                                   </elements>
            </DOMFrame>
          </frames>
        </DOMLayer>
        <DOMLayer name="Layer 12">
          <frames>
            <DOMFrame index="0" motionTweenScale="false" keyMode="8192">
              <elements>
<DOMShape isFloating="true">
                                             <fills>
  <FillStyle index="1">
    <SolidColor color="#000000" alpha="1.0"/>
  </FillStyle>
  <FillStyle index="2">
    <SolidColor color="#ffffff" alpha="1.0"/>
  </FillStyle>
</fills>
                                             <strokes/>
  <edges>
    <Edge fillStyle0="0" fillStyle1="0" strokeStyle="0" edges="!0 0! 0 0"/>
    <Edge fillStyle0="1" fillStyle1="2" strokeStyle="0" edges="!0 0! 4783 4182[ 4776 4171 4776 4156[ 4776 4119 4798 4119[ 4820 4119 4820 4156[ 4820 4192 4798 4192[ 4789 4192 4783 4182"/>
    <Edge fillStyle0="0" fillStyle1="1" strokeStyle="0" edges="!4783 4182! 4763 4156[ 4762 4096 4798 4096[ 4834 4096 4834 4156[ 4834 4215 4798 4215[ 4784 4215 4774 4198[ 4763 4180 4763 4156"/>
  </edges>
</DOMShape>
                                   </elements>
            </DOMFrame>
          </frames>
        </DOMLayer>
        <DOMLayer name="Layer 13">
          <frames>
            <DOMFrame index="0" motionTweenScale="false" keyMode="8192">
              <elements>
<DOMShape isFloating="true">
                                             <fills>
  <FillStyle index="1">
    <SolidColor color="#000000" alpha="1.0"/>
  </FillStyle>
</fills>
                                             <strokes/>
  <edges>
    <Edge fillStyle0="0" fillStyle1="0" strokeStyle="0" edges="!0 0! 0 0"/>
    <Edge fillStyle0="0" fillStyle1="1" strokeStyle="0" edges="!0 0! 4508 3925[ 4596 3958 4698 3928[ 4862 3881 4902 3810[ 4908 3788 4873 3805[ 4764 3881 4692 3904[ 4601 3933 4512 3912| 4442 3885| 4458 3899| 4508 3925"/>
  </edges>
</DOMShape>
                                   </elements>
            </DOMFrame>
          </frames>
        </DOMLayer>
        <DOMLayer name="Layer 14">
          <frames>
            <DOMFrame index="0" motionTweenScale="false" keyMode="8192">
              <elements>
<DOMShape isFloating="true">
                                             <fills>
  <FillStyle index="1">
    <SolidColor color="#000000" alpha="1.0"/>
  </FillStyle>
</fills>
                                             <strokes/>
  <edges>
    <Edge fillStyle0="0" fillStyle1="0" strokeStyle="0" edges="!0 0! 0 0"/>
    <Edge fillStyle0="0" fillStyle1="1" strokeStyle="0" edges="!0 0! 5569 3841| 5596 3845| 5674 3890[ 5736 3925 5781 3938[ 5872 3964 5960 3940[ 6004 3928 6030 3911[ 6007 3934 5965 3953[ 5878 3989 5775 3962[ 5672 3936 5610 3890| 5569 3850| 5569 3841"/>
  </edges>
</DOMShape>
                                   </elements>
            </DOMFrame>
          </frames>
        </DOMLayer>
        <DOMLayer name="Layer 15">
          <frames>
            <DOMFrame index="0" motionTweenScale="false" keyMode="8192">
              <elements>
<DOMShape isFloating="true">
                                             <fills>
  <FillStyle index="1">
    <SolidColor color="#000000" alpha="1.0"/>
  </FillStyle>
</fills>
                                             <strokes/>
  <edges>
    <Edge fillStyle0="0" fillStyle1="0" strokeStyle="0" edges="!0 0! 0 0"/>
    <Edge fillStyle0="0" fillStyle1="1" strokeStyle="0" edges="!0 0! 6318 4377| 6373 4312| 6443 4668[ 6524 5027 6575 5044[ 6500 5068 6383 4979| 6280 4886| 6171 5066| 6111 4979| 5942 5098| 5968 4908| 6034 4897| 5997 5012| 6122 4924| 6176 4984| 6269 4815| 6338 4880[ 6412 4946 6476 4986[ 6425 4916 6318 4377"/>
  </edges>
</DOMShape>
                                   </elements>
            </DOMFrame>
          </frames>
        </DOMLayer>
        <DOMLayer name="Layer 16">
          <frames>
            <DOMFrame index="0" motionTweenScale="false" keyMode="8192">
              <elements>
<DOMShape isFloating="true">
                                             <fills>
  <FillStyle index="1">
    <SolidColor color="#000000" alpha="1.0"/>
  </FillStyle>
</fills>
                                             <strokes/>
  <edges>
    <Edge fillStyle0="0" fillStyle1="0" strokeStyle="0" edges="!0 0! 0 0"/>
    <Edge fillStyle0="1" fillStyle1="0" strokeStyle="0" edges="!0 0! 4112 4738[ 3995 4891 3888 4958[ 3939 4888 4046 4350| 3991 4284| 3921 4640[ 3840 5000 3789 5017[ 3864 5040 3987 4930[ 4049 4875 4095 4815| 4172 5055| 4254 4930| 4429 5001| 4396 4880| 4330 4869| 4374 4941| 4248 4869| 4188 4957| 4112 4738"/>
  </edges>
</DOMShape>
                                   </elements>
            </DOMFrame>
          </frames>
        </DOMLayer>
        <DOMLayer name="Layer 17">
          <frames>
            <DOMFrame index="0" motionTweenScale="false" keyMode="8192">
              <elements>
<DOMShape isFloating="true">
                                             <fills>
  <FillStyle index="1">
    <SolidColor color="#000000" alpha="1.0"/>
  </FillStyle>
</fills>
                                             <strokes/>
  <edges>
    <Edge fillStyle0="0" fillStyle1="0" strokeStyle="0" edges="!0 0! 0 0"/>
    <Edge fillStyle0="1" fillStyle1="0" strokeStyle="0" edges="!0 0! 5577 2367[ 5697 2376 5813 2420[ 6187 2562 6384 3010[ 6437 3126 6431 3585[ 6429 3815 6416 4021| 6453 4090[ 6476 3905 6485 3672[ 6503 3206 6431 2968[ 6345 2679 6066 2482[ 5784 2282 5483 2306| 5346 2292[ 5187 2276 5039 2285[ 4552 2314 4199 2601[ 3844 2889 3854 3524[ 3859 3841 3934 4101| 3971 4037[ 3902 3802 3905 3511[ 3910 2928 4268 2644[ 4626 2360 5088 2336[ 5320 2323 5480 2368| 5577 2367"/>
  </edges>
</DOMShape>
                                   </elements>
            </DOMFrame>
          </frames>
        </DOMLayer>
        <DOMLayer name="Layer 18">
          <frames>
            <DOMFrame index="0" motionTweenScale="false" keyMode="8192">
              <elements>
<DOMShape isFloating="true">
                                             <fills>
  <FillStyle index="1">
    <SolidColor color="#000000" alpha="1.0"/>
  </FillStyle>
</fills>
                                             <strokes/>
  <edges>
    <Edge fillStyle0="0" fillStyle1="0" strokeStyle="0" edges="!0 0! 0 0"/>
    <Edge fillStyle0="1" fillStyle1="0" strokeStyle="0" edges="!0 0! 5926 3620[ 5658 3279 5625 3211[ 5613 3308 5392 3637[ 5407 3612 5401 3523[ 5388 3342 5278 3012[ 5261 3014 5271 3176[ 5281 3357 5250 3416[ 5243 3416 5222 3385| 5167 3309[ 5071 3186 4950 3122[ 5071 3221 5164 3382[ 5211 3462 5233 3523[ 5312 3432 5319 3385[ 5356 3524 5340 3835| 5466 3671[ 5602 3477 5647 3325[ 5682 3449 5965 3727| 5982 3495| 6084 3706[ 6187 3930 6198 3995[ 6215 4096 6181 3830| 5943 3336| 5926 3620"/>
  </edges>
</DOMShape>
                                   </elements>
            </DOMFrame>
          </frames>
        </DOMLayer>
        <DOMLayer name="Layer 19">
          <frames>
            <DOMFrame index="0" motionTweenScale="false" keyMode="8192">
              <elements>
<DOMShape isFloating="true">
                                             <fills>
  <FillStyle index="1">
    <SolidColor color="#000000" alpha="1.0"/>
  </FillStyle>
</fills>
                                             <strokes/>
  <edges>
    <Edge fillStyle0="0" fillStyle1="0" strokeStyle="0" edges="!0 0! 0 0"/>
    <Edge fillStyle0="0" fillStyle1="1" strokeStyle="0" edges="!0 0! 4851 3510[ 4619 3822 4495 3858[ 4485 3853 4522 3622[ 4559 3395 4541 3398[ 4513 3403 4347 3761[ 4178 4126 4145 4268[ 4086 4339 4200 3926[ 4287 3753 4383 3578[ 4574 3230 4620 3222[ 4662 3216 4614 3474[ 4562 3743 4569 3750[ 4637 3716 5057 3205[ 4966 3354 4851 3510"/>
  </edges>
</DOMShape>
                                   </elements>
            </DOMFrame>
          </frames>
        </DOMLayer>
        <DOMLayer name="Layer 20">
          <frames>
            <DOMFrame index="0" motionTweenScale="false" keyMode="8192">
              <elements>
<DOMShape isFloating="true">
                                             <fills>
  <FillStyle index="1">
    <SolidColor color="#000000" alpha="1.0"/>
  </FillStyle>
</fills>
                                             <strokes/>
  <edges>
    <Edge fillStyle0="0" fillStyle1="0" strokeStyle="0" edges="!0 0! 0 0"/>
    <Edge fillStyle0="0" fillStyle1="1" strokeStyle="0" edges="!0 0! 4197 3943[ 4204 3959 4157 3972[ 4077 3993 4045 4011[ 3976 4049 3970 4120[ 3963 4193 4014 4265[ 4038 4299 4101 4357[ 4131 4388 4118 4398[ 4064 4391 4012 4352[ 3910 4275 3924 4120[ 3939 3963 4069 3938| 4197 3943"/>
  </edges>
</DOMShape>
                                   </elements>
            </DOMFrame>
          </frames>
        </DOMLayer>
        <DOMLayer name="Layer 21">
          <frames>
            <DOMFrame index="0" motionTweenScale="false" keyMode="8192">
              <elements>
<DOMShape isFloating="true">
                                             <fills>
  <FillStyle index="1">
    <SolidColor color="#000000" alpha="1.0"/>
  </FillStyle>
</fills>
                                             <strokes/>
  <edges>
    <Edge fillStyle0="0" fillStyle1="0" strokeStyle="0" edges="!0 0! 0 0"/>
    <Edge fillStyle0="1" fillStyle1="0" strokeStyle="0" edges="!0 0! 6195 3953[ 6203 3964 6232 3972[ 6313 3993 6345 4011[ 6414 4049 6419 4120[ 6426 4193 6375 4265[ 6351 4299 6289 4357[ 6269 4377 6269 4389[ 6269 4395 6272 4398| 6306 4390| 6377 4352[ 6479 4275 6465 4120[ 6450 3963 6320 3938| 6232 3936| 6192 3943| 6195 3953"/>
  </edges>
</DOMShape>
                                   </elements>
            </DOMFrame>
          </frames>
        </DOMLayer>
        <DOMLayer name="Layer 22">
          <frames>
            <DOMFrame index="0" motionTweenScale="false" keyMode="8192">
              <elements>
<DOMShape isFloating="true">
                                             <fills>
  <FillStyle index="1">
    <SolidColor color="#000000" alpha="1.0"/>
  </FillStyle>
</fills>
                                             <strokes/>
  <edges>
    <Edge fillStyle0="0" fillStyle1="0" strokeStyle="0" edges="!0 0! 0 0"/>
    <Edge fillStyle0="0" fillStyle1="1" strokeStyle="0" edges="!0 0! 4217 3892| 4197 3972[ 4174 4071 4159 4167[ 4111 4472 4161 4625[ 4217 4797 4567 4918[ 4884 5028 5210 5028[ 5540 5027 5860 4930[ 6214 4823 6249 4676[ 6281 4545 6215 4126| 6142 3733| 6182 3834[ 6228 3959 6262 4080[ 6371 4467 6318 4670[ 6260 4886 5883 4996[ 5599 5078 5222 5085[ 4880 5089 4527 4977[ 4117 4845 4070 4647[ 4027 4466 4118 4161[ 4146 4065 4184 3969| 4217 3892"/>
  </edges>
</DOMShape>
                                   </elements>
            </DOMFrame>
          </frames>
        </DOMLayer>
        <DOMLayer name="Layer 23">
          <frames>
            <DOMFrame index="0" motionTweenScale="false" keyMode="8192">
              <elements>
<DOMShape isFloating="true">
                                             <fills>
  <FillStyle index="1">
    <SolidColor color="#f4a057" alpha="1.0"/>
  </FillStyle>
</fills>
                                             <strokes/>
  <edges>
    <Edge fillStyle0="0" fillStyle1="0" strokeStyle="0" edges="!0 0! 0 0"/>
    <Edge fillStyle0="1" fillStyle1="0" strokeStyle="0" edges="!0 0! 4141 4015[ 4085 4033 4049 4098[ 4013 4162 4057 4238[ 4079 4277 4107 4301| 4191 4010| 4141 4015"/>
  </edges>
</DOMShape>
                                   </elements>
            </DOMFrame>
          </frames>
        </DOMLayer>
        <DOMLayer name="Layer 24">
          <frames>
            <DOMFrame index="0" motionTweenScale="false" keyMode="8192">
              <elements>
<DOMShape isFloating="true">
                                             <fills>
  <FillStyle index="1">
    <SolidColor color="#f4a057" alpha="1.0"/>
  </FillStyle>
</fills>
                                             <strokes/>
  <edges>
    <Edge fillStyle0="0" fillStyle1="0" strokeStyle="0" edges="!0 0! 0 0"/>
    <Edge fillStyle0="1" fillStyle1="0" strokeStyle="0" edges="!0 0! 4532 3340| 4078 4326| 4074 4383[ 4072 4453 4084 4520[ 4122 4733 4277 4830[ 4435 4927 4867 5000| 5326 5063[ 5789 5044 6072 4871[ 6213 4784 6262 4700[ 6173 4762 6012 4826[ 5690 4955 5326 4971[ 4942 4987 4617 4816[ 4495 4751 4400 4669[ 4320 4600 4286 4543[ 4237 4459 4379 3891| 4532 3340"/>
  </edges>
</DOMShape>
                                   </elements>
            </DOMFrame>
          </frames>
        </DOMLayer>
        <DOMLayer name="Layer 25">
          <frames>
            <DOMFrame index="0" motionTweenScale="false" keyMode="8192">
              <elements>
<DOMShape isFloating="true">
                                             <fills>
  <FillStyle index="1">
    <SolidColor color="#f4a057" alpha="1.0"/>
  </FillStyle>
</fills>
                                             <strokes/>
  <edges>
    <Edge fillStyle0="0" fillStyle1="0" strokeStyle="0" edges="!0 0! 0 0"/>
    <Edge fillStyle0="1" fillStyle1="0" strokeStyle="0" edges="!0 0! 5057 3205| 4544 3810| 4600 3322| 4523 3390| 4487 3607[ 4456 3831 4481 3873[ 4559 3920 4816 3567[ 4945 3391 5057 3205"/>
  </edges>
</DOMShape>
                                   </elements>
            </DOMFrame>
          </frames>
        </DOMLayer>
        <DOMLayer name="Layer 26">
          <frames>
            <DOMFrame index="0" motionTweenScale="false" keyMode="8192">
              <elements>
<DOMShape isFloating="true">
                                             <fills>
  <FillStyle index="1">
    <SolidColor color="#f4a057" alpha="1.0"/>
  </FillStyle>
</fills>
                                             <strokes/>
  <edges>
    <Edge fillStyle0="0" fillStyle1="0" strokeStyle="0" edges="!0 0! 0 0"/>
    <Edge fillStyle0="0" fillStyle1="1" strokeStyle="0" edges="!0 0! 6003 3561| 5983 3769| 5666 3444| 5305 3906| 5305 3474| 5225 3573| 5043 3204| 5234 3469| 5330 3366| 5380 3740| 5646 3286| 5953 3665| 5975 3474| 6053 3594| 6003 3561"/>
  </edges>
</DOMShape>
                                   </elements>
            </DOMFrame>
          </frames>
        </DOMLayer>
        <DOMLayer name="Layer 27">
          <frames>
            <DOMFrame index="0" motionTweenScale="false" keyMode="8192">
              <elements>
<DOMShape isFloating="true">
                                             <fills>
  <FillStyle index="1">
    <SolidColor color="#f4a057" alpha="1.0"/>
  </FillStyle>
</fills>
                                             <strokes/>
  <edges>
    <Edge fillStyle0="0" fillStyle1="0" strokeStyle="0" edges="!0 0! 0 0"/>
    <Edge fillStyle0="1" fillStyle1="0" strokeStyle="0" edges="!0 0! 6278 4251| 6333 4219[ 6385 4173 6361 4106[ 6338 4038 6281 4042| 6228 4060| 6278 4251"/>
  </edges>
</DOMShape>
                                   </elements>
            </DOMFrame>
          </frames>
        </DOMLayer>
        <DOMLayer name="Layer 28">
          <frames>
            <DOMFrame index="0" motionTweenScale="false" keyMode="8192">
              <elements>
<DOMShape isFloating="true">
                                             <fills>
  <FillStyle index="1">
    <SolidColor color="#f5be8b" alpha="1.0"/>
  </FillStyle>
</fills>
                                             <strokes/>
  <edges>
    <Edge fillStyle0="0" fillStyle1="0" strokeStyle="0" edges="!0 0! 0 0"/>
    <Edge fillStyle0="1" fillStyle1="0" strokeStyle="0" edges="!0 0! 4600 3322[ 4572 3303 4390 3631| 4215 3963| 4089 3970[ 3959 4004 3942 4140[ 3932 4221 4092 4372| 4146 4735| 4223 4784[ 4323 4844 4441 4894[ 4819 5054 5236 5057[ 5653 5060 6002 4886[ 6176 4800 6267 4712| 6285 4385| 6313 4374[ 6346 4357 6374 4333[ 6462 4257 6453 4135[ 6445 4013 6328 3976[ 6291 3964 6248 3962| 6212 3963| 5981 3445| 5940 3672| 5654 3277| 5409 3740| 5331 3300| 5260 3449| 5056 3208[ 4555 3895 4523 3827[ 4508 3793 4567 3561[ 4623 3339 4600 3322"/>
  </edges>
</DOMShape>
                                   </elements>
            </DOMFrame>
          </frames>
        </DOMLayer>
        <DOMLayer name="Layer 29">
          <frames>
            <DOMFrame index="0" motionTweenScale="false" keyMode="8192">
              <elements>
<DOMShape isFloating="true">
                                             <fills>
  <FillStyle index="1">
    <SolidColor color="#ffa800" alpha="1.0"/>
  </FillStyle>
</fills>
                                             <strokes/>
  <edges>
    <Edge fillStyle0="0" fillStyle1="0" strokeStyle="0" edges="!0 0! 0 0"/>
    <Edge fillStyle0="0" fillStyle1="1" strokeStyle="0" edges="!0 0! 5922 3247| 6261 3828| 6429 4004| 6213 3995| 5997 3511| 5953 3665| 5647 3325| 5389 3775| 5319 3317| 5234 3470| 5050 3224| 4561 3784| 4566 3326| 4214 3963| 4134 3942[ 4254 3715 4383 3491[ 4641 3042 4685 3053[ 4666 3077 4660 3351| 4658 3621| 4940 3233[ 4967 3198 4870 2987| 5191 3233| 5271 2872| 5455 3379| 5610 3079| 5883 3440| 5922 3247"/>
  </edges>
</DOMShape>
                                   </elements>
            </DOMFrame>
          </frames>
        </DOMLayer>
        <DOMLayer name="Layer 30">
          <frames>
            <DOMFrame index="0" motionTweenScale="false" keyMode="8192">
              <elements>
<DOMShape isFloating="true">
                                             <fills>
  <FillStyle index="1">
    <SolidColor color="#ffa800" alpha="1.0"/>
  </FillStyle>
</fills>
                                             <strokes/>
  <edges>
    <Edge fillStyle0="0" fillStyle1="0" strokeStyle="0" edges="!0 0! 0 0"/>
    <Edge fillStyle0="1" fillStyle1="0" strokeStyle="0" edges="!0 0! 4064 4369| 3945 4871| 4099 4748| 4192 4933| 4218 4832| 4374 4941| 4337 4849| 4064 4369"/>
  </edges>
</DOMShape>
                                   </elements>
            </DOMFrame>
          </frames>
        </DOMLayer>
        <DOMLayer name="Layer 31">
          <frames>
            <DOMFrame index="0" motionTweenScale="false" keyMode="8192">
              <elements>
<DOMShape isFloating="true">
                                             <fills>
  <FillStyle index="1">
    <SolidColor color="#ffa800" alpha="1.0"/>
  </FillStyle>
</fills>
                                             <strokes/>
  <edges>
    <Edge fillStyle0="0" fillStyle1="0" strokeStyle="0" edges="!0 0! 0 0"/>
    <Edge fillStyle0="1" fillStyle1="0" strokeStyle="0" edges="!0 0! 6318 4377| 6032 4906| 5997 5012| 6116 4911| 6191 4928| 6288 4783| 6446 4924| 6318 4377"/>
  </edges>
</DOMShape>
                                   </elements>
            </DOMFrame>
          </frames>
        </DOMLayer>
        <DOMLayer name="Layer 32">
          <frames>
            <DOMFrame index="0" motionTweenScale="false" keyMode="8192">
              <elements>
<DOMShape isFloating="true">
                                             <fills>
  <FillStyle index="1">
    <SolidColor color="#ffbf00" alpha="1.0"/>
  </FillStyle>
</fills>
                                             <strokes/>
  <edges>
    <Edge fillStyle0="0" fillStyle1="0" strokeStyle="0" edges="!5541 5157! 0 0"/>
    <Edge fillStyle0="1" fillStyle1="0" strokeStyle="0" edges="!0 0! 5483 2306[ 4855 2291 4464 2478[ 4150 2628 4001 2898[ 3894 3092 3880 3327[ 3873 3445 3887 3524| 3894 3783[ 3911 4060 3967 4154[ 4024 4247 3953 4617[ 3917 4802 3871 4968| 4107 4794| 4198 5014| 4254 4930| 4408 4984| 4396 4880| 5978 4944| 5958 5064| 6111 4979| 6168 5024| 6289 4854| 6493 4995| 6373 4312| 6439 4024[ 6459 3924 6469 3773[ 6489 3470 6439 3211[ 6369 2848 6170 2626[ 5921 2348 5483 2306"/>
  </edges>
</DOMShape>
                                   </elements>
            </DOMFrame>
          </frames>
        </DOMLayer>
        <DOMLayer name="Layer 33">
          <frames>
            <DOMFrame index="0" motionTweenScale="false" keyMode="8192">
              <elements>
<DOMShape isFloating="true">
                                             <fills>
  <FillStyle index="1">
    <SolidColor color="#000000" alpha="1.0"/>
  </FillStyle>
</fills>
                                             <strokes/>
  <edges>
    <Edge fillStyle0="0" fillStyle1="0" strokeStyle="0" edges="!0 0! 0 0"/>
    <Edge fillStyle0="1" fillStyle1="0" strokeStyle="0" edges="!0 0! 5541 5157[ 5684 5187 5730 5231[ 5792 5287 5861 5278[ 5908 5270 5923 5241[ 5937 5215 5927 5180[ 5787 5001 5413 5122[ 5413 5130 5541 5157"/>
    <Edge fillStyle0="1" fillStyle1="0" strokeStyle="0" edges="!5541 5157! 5595 5111| 5795 5121[ 5892 5161 5901 5189[ 5908 5211 5899 5228[ 5889 5245 5856 5250[ 5800 5259 5749 5210[ 5663 5129 5440 5122| 5595 5111"/>
  </edges>
</DOMShape>
                                   </elements>
            </DOMFrame>
          </frames>
        </DOMLayer>
        <DOMLayer name="Layer 34">
          <frames>
            <DOMFrame index="0" motionTweenScale="false" keyMode="8192">
              <elements>
<DOMShape isFloating="true">
                                             <fills>
  <FillStyle index="1">
    <SolidColor color="#f4a057" alpha="1.0"/>
  </FillStyle>
</fills>
                                             <strokes/>
  <edges>
    <Edge fillStyle0="0" fillStyle1="0" strokeStyle="0" edges="!0 0! 0 0"/>
    <Edge fillStyle0="1" fillStyle1="0" strokeStyle="0" edges="!0 0! 5520 5122| 5619 5129| 5754 5147[ 5782 5155 5795 5179[ 5811 5206 5834 5217[ 5881 5240 5925 5212| 5852 5136| 5748 5098| 5526 5102[ 5515 5107 5506 5111| 5520 5122"/>
  </edges>
</DOMShape>
                                   </elements>
            </DOMFrame>
          </frames>
        </DOMLayer>
        <DOMLayer name="Layer 35">
          <frames>
            <DOMFrame index="0" motionTweenScale="false" keyMode="8192">
              <elements>
<DOMShape isFloating="true">
                                             <fills>
  <FillStyle index="1">
    <SolidColor color="#f5c4a0" alpha="1.0"/>
  </FillStyle>
</fills>
                                             <strokes/>
  <edges>
    <Edge fillStyle0="0" fillStyle1="0" strokeStyle="0" edges="!5039 5146! 0 0"/>
    <Edge fillStyle0="0" fillStyle1="1" strokeStyle="0" edges="!0 0! 5420 5120| 5589 5105[ 5769 5095 5827 5124[ 5940 5181 5911 5234[ 5896 5261 5851 5264[ 5794 5270 5740 5219[ 5655 5141 5420 5120"/>
  </edges>
</DOMShape>
                                   </elements>
            </DOMFrame>
          </frames>
        </DOMLayer>
        <DOMLayer name="Layer 36">
          <frames>
            <DOMFrame index="0" motionTweenScale="false" keyMode="8192">
              <elements>
<DOMShape isFloating="true">
                                             <fills>
  <FillStyle index="1">
    <SolidColor color="#000000" alpha="1.0"/>
  </FillStyle>
</fills>
                                             <strokes/>
  <edges>
    <Edge fillStyle0="0" fillStyle1="0" strokeStyle="0" edges="!0 0! 0 0"/>
    <Edge fillStyle0="1" fillStyle1="0" strokeStyle="0" edges="!0 0! 5039 5146[ 4892 5151 4839 5186[ 4768 5232 4703 5210[ 4658 5194 4647 5164[ 4637 5136 4654 5102[ 4822 4949 5171 5132| 5039 5146"/>
    <Edge fillStyle0="1" fillStyle1="0" strokeStyle="0" edges="!5039 5146! 4993 5091[ 4836 5056 4794 5067[ 4692 5090 4678 5115[ 4668 5136 4673 5154[ 4680 5172 4711 5183[ 4765 5202 4824 5162[ 4923 5097 5143 5128| 4993 5091"/>
  </edges>
</DOMShape>
                                   </elements>
            </DOMFrame>
          </frames>
        </DOMLayer>
        <DOMLayer name="Layer 37">
          <frames>
            <DOMFrame index="0" motionTweenScale="false" keyMode="8192">
              <elements>
<DOMShape isFloating="true">
                                             <fills>
  <FillStyle index="1">
    <SolidColor color="#f4a057" alpha="1.0"/>
  </FillStyle>
</fills>
                                             <strokes/>
  <edges>
    <Edge fillStyle0="0" fillStyle1="0" strokeStyle="0" edges="!0 0! 0 0"/>
    <Edge fillStyle0="1" fillStyle1="0" strokeStyle="0" edges="!0 0! 5065 5113| 4967 5104| 4829 5098[ 4801 5101 4784 5122[ 4764 5145 4739 5153[ 4688 5168 4651 5132| 4736 5070| 4844 5051| 5063 5092| 5082 5104| 5065 5113"/>
  </edges>
</DOMShape>
                                   </elements>
            </DOMFrame>
          </frames>
        </DOMLayer>
        <DOMLayer name="Layer 38">
          <frames>
            <DOMFrame index="0" motionTweenScale="false" keyMode="8192">
              <elements>
<DOMShape isFloating="true">
                                             <fills>
  <FillStyle index="1">
    <SolidColor color="#f5c4a0" alpha="1.0"/>
  </FillStyle>
</fills>
                                             <strokes/>
  <edges>
    <Edge fillStyle0="0" fillStyle1="0" strokeStyle="0" edges="!0 0! 0 0"/>
    <Edge fillStyle0="0" fillStyle1="1" strokeStyle="0" edges="!0 0! 5164 5129| 5000 5086[ 4824 5045 4762 5064[ 4641 5101 4661 5159[ 4670 5187 4715 5199[ 4771 5213 4831 5174[ 4928 5110 5164 5129"/>
  </edges>
</DOMShape>
                                   </elements>
            </DOMFrame>
          </frames>
        </DOMLayer>
        <DOMLayer name="Layer 39">
          <frames>
            <DOMFrame index="0" motionTweenScale="false" keyMode="8192">
              <elements>
<DOMShape isFloating="true">
                                             <fills>
  <FillStyle index="1">
    <SolidColor color="#ff0000" alpha="1.0"/>
  </FillStyle>
</fills>
                                             <strokes/>
  <edges>
    <Edge fillStyle0="0" fillStyle1="0" strokeStyle="0" edges="!0 0! 0 0"/>
    <Edge fillStyle0="1" fillStyle1="0" strokeStyle="0" edges="!0 0! 5391 5991| 5331 5985| 5312 5978| 5311 5987[ 5312 5997 5322 6005| 5398 6014[ 5456 6013 5463 6003[ 5473 5992 5465 5974[ 5447 5989 5391 5991"/>
  </edges>
</DOMShape>
                                   </elements>
            </DOMFrame>
          </frames>
        </DOMLayer>
        <DOMLayer name="Layer 40">
          <frames>
            <DOMFrame index="0" motionTweenScale="false" keyMode="8192">
              <elements>
<DOMShape isFloating="true">
                                             <fills>
  <FillStyle index="1">
    <SolidColor color="#ffffff" alpha="1.0"/>
  </FillStyle>
</fills>
                                             <strokes/>
  <edges>
    <Edge fillStyle0="0" fillStyle1="0" strokeStyle="0" edges="!0 0! 0 0"/>
    <Edge fillStyle0="1" fillStyle1="0" strokeStyle="0" edges="!0 0! 5389 6014[ 5466 6012 5467 5993[ 5469 5971 5455 5945[ 5434 5907 5395 5905[ 5354 5902 5329 5938[ 5308 5968 5311 5989[ 5316 6016 5389 6014"/>
  </edges>
</DOMShape>
                                   </elements>
            </DOMFrame>
          </frames>
        </DOMLayer>
        <DOMLayer name="Layer 41">
          <frames>
            <DOMFrame index="0" motionTweenScale="false" keyMode="8192">
              <elements>
<DOMShape isFloating="true">
                                             <fills>
  <FillStyle index="1">
    <SolidColor color="#000000" alpha="1.0"/>
  </FillStyle>
</fills>
                                             <strokes/>
  <edges>
    <Edge fillStyle0="0" fillStyle1="0" strokeStyle="0" edges="!0 0! 0 0"/>
    <Edge fillStyle0="1" fillStyle1="0" strokeStyle="0" edges="!0 0! 5389 6037[ 5496 6033 5499 6007[ 5501 5977 5481 5938[ 5453 5886 5397 5882[ 5339 5879 5304 5930[ 5275 5971 5279 6001[ 5285 6039 5389 6037"/>
  </edges>
</DOMShape>
                                   </elements>
            </DOMFrame>
          </frames>
        </DOMLayer>
        <DOMLayer name="Layer 42">
          <frames>
            <DOMFrame index="0" motionTweenScale="false" keyMode="8192">
              <elements>
<DOMShape isFloating="true">
                                             <fills>
  <FillStyle index="1">
    <SolidColor color="#000000" alpha="1.0"/>
  </FillStyle>
</fills>
                                             <strokes/>
  <edges>
    <Edge fillStyle0="0" fillStyle1="0" strokeStyle="0" edges="!0 0! 0 0"/>
    <Edge fillStyle0="1" fillStyle1="0" strokeStyle="0" edges="!0 0! 5377 5070| 5365 5045| 5331 5053| 5356 5115[ 5360 5139 5341 5156[ 5320 5176 5279 5178[ 5216 5180 5197 5131[ 5191 5115 5203 5091| 5216 5070| 5186 5052| 5172 5084[ 5158 5119 5163 5135[ 5170 5161 5196 5180[ 5230 5205 5283 5202[ 5335 5200 5364 5169[ 5387 5146 5387 5117[ 5388 5098 5377 5070"/>
  </edges>
</DOMShape>
                                   </elements>
            </DOMFrame>
          </frames>
        </DOMLayer>
        <DOMLayer name="Layer 43">
          <frames>
            <DOMFrame index="0" motionTweenScale="false" keyMode="8192">
              <elements>
<DOMShape isFloating="true">
                                             <fills>
  <FillStyle index="1">
    <SolidColor color="#f4a057" alpha="1.0"/>
  </FillStyle>
</fills>
                                             <strokes/>
  <edges>
    <Edge fillStyle0="0" fillStyle1="0" strokeStyle="0" edges="!0 0! 0 0"/>
    <Edge fillStyle0="1" fillStyle1="0" strokeStyle="0" edges="!0 0! 5187 5124| 5227 5186| 5292 5190| 5361 5161| 5381 5102| 5380 5072| 5193 5067| 5187 5124"/>
  </edges>
</DOMShape>
                                   </elements>
            </DOMFrame>
          </frames>
        </DOMLayer>
        <DOMLayer name="Layer 44">
          <frames>
            <DOMFrame index="0" motionTweenScale="false" keyMode="8192">
              <elements>
<DOMShape isFloating="true">
                                             <fills>
  <FillStyle index="1">
    <SolidColor color="#000000" alpha="1.0"/>
  </FillStyle>
</fills>
                                             <strokes/>
  <edges>
    <Edge fillStyle0="0" fillStyle1="0" strokeStyle="0" edges="!0 0! 0 0"/>
    <Edge fillStyle0="1" fillStyle1="0" strokeStyle="0" edges="!0 0! 5408 5315[ 5375 5362 5374 5370[ 5372 5381 5387 5479[ 5400 5572 5393 5586[ 5386 5604 5346 5613| 5272 5619[ 5151 5610 5128 5565[ 5118 5546 5143 5463| 5171 5364[ 5171 5350 5146 5318[ 5113 5276 5099 5244[ 5080 5203 5125 5146[ 5147 5118 5173 5097| 5160 5057[ 5130 5081 5103 5115[ 5048 5183 5057 5232[ 5065 5276 5097 5312[ 5125 5344 5126 5359| 5104 5467[ 5085 5556 5096 5578[ 5111 5607 5169 5635[ 5225 5662 5266 5663[ 5307 5664 5372 5642[ 5437 5620 5441 5601[ 5444 5589 5423 5490[ 5402 5392 5407 5376| 5450 5320[ 5485 5273 5488 5221[ 5492 5165 5429 5100| 5365 5044| 5357 5102| 5408 5134[ 5458 5174 5450 5223[ 5441 5267 5408 5315"/>
  </edges>
</DOMShape>
                                   </elements>
            </DOMFrame>
          </frames>
        </DOMLayer>
        <DOMLayer name="Layer 45">
          <frames>
            <DOMFrame index="0" motionTweenScale="false" keyMode="8192">
              <elements>
<DOMShape isFloating="true">
                                             <fills>
  <FillStyle index="1">
    <SolidColor color="#dbe6eb" alpha="1.0"/>
  </FillStyle>
</fills>
                                             <strokes/>
  <edges>
    <Edge fillStyle0="0" fillStyle1="0" strokeStyle="0" edges="!0 0! 0 0"/>
    <Edge fillStyle0="1" fillStyle1="0" strokeStyle="0" edges="!0 0! 5166 5094| 5117 5142[ 5067 5195 5067 5215[ 5067 5234 5113 5305| 5159 5372| 5110 5558| 5141 5592[ 5187 5627 5267 5634[ 5347 5642 5351 5633[ 5353 5629 5339 5623[ 5272 5568 5266 5502[ 5265 5487 5324 5430[ 5387 5367 5395 5349[ 5357 5356 5311 5329| 5272 5300[ 5200 5349 5169 5322[ 5134 5293 5128 5223[ 5125 5191 5149 5156| 5173 5127| 5166 5094"/>
  </edges>
</DOMShape>
                                   </elements>
            </DOMFrame>
          </frames>
        </DOMLayer>
        <DOMLayer name="Layer 46">
          <frames>
            <DOMFrame index="0" motionTweenScale="false" keyMode="8192">
              <elements>
<DOMShape isFloating="true">
                                             <fills>
  <FillStyle index="1">
    <SolidColor color="#ffffff" alpha="1.0"/>
  </FillStyle>
</fills>
                                             <strokes/>
  <edges>
    <Edge fillStyle0="0" fillStyle1="0" strokeStyle="0" edges="!0 0! 0 0"/>
    <Edge fillStyle0="1" fillStyle1="0" strokeStyle="0" edges="!0 0! 5096 5578| 5263 5645| 5426 5601| 5391 5373| 5471 5221| 5367 5074| 5184 5069| 5074 5191| 5149 5338| 5096 5578"/>
  </edges>
</DOMShape>
                                   </elements>
            </DOMFrame>
          </frames>
        </DOMLayer>
        <DOMLayer name="Layer 47">
          <frames>
            <DOMFrame index="0" motionTweenScale="false" keyMode="8192">
              <elements>
<DOMShape isFloating="true">
                                             <fills>
  <FillStyle index="1">
    <SolidColor color="#000000" alpha="1.0"/>
  </FillStyle>
</fills>
                                             <strokes/>
  <edges>
    <Edge fillStyle0="0" fillStyle1="0" strokeStyle="0" edges="!0 0! 0 0"/>
    <Edge fillStyle0="0" fillStyle1="1" strokeStyle="0" edges="!0 0! 5318 5600| 5313 5742[ 5310 5886 5319 5899[ 5331 5915 5367 5917[ 5403 5918 5424 5903[ 5454 5882 5405 5582| 5432 5572[ 5484 5873 5443 5921[ 5415 5953 5359 5949[ 5305 5945 5294 5921[ 5285 5904 5283 5746| 5283 5591| 5318 5600"/>
  </edges>
</DOMShape>
                                   </elements>
            </DOMFrame>
          </frames>
        </DOMLayer>
        <DOMLayer name="Layer 48">
          <frames>
            <DOMFrame index="0" motionTweenScale="false" keyMode="8192">
              <elements>
<DOMShape isFloating="true">
                                             <fills>
  <FillStyle index="1">
    <SolidColor color="#004695" alpha="1.0"/>
  </FillStyle>
</fills>
                                             <strokes/>
  <edges>
    <Edge fillStyle0="0" fillStyle1="0" strokeStyle="0" edges="!0 0! 0 0"/>
    <Edge fillStyle0="0" fillStyle1="1" strokeStyle="0" edges="!0 0! 5344 5638| 5337 5717[ 5332 5801 5340 5826[ 5354 5865 5402 5893| 5318 5936| 5305 5647| 5344 5638"/>
  </edges>
</DOMShape>
                                   </elements>
            </DOMFrame>
          </frames>
        </DOMLayer>
        <DOMLayer name="Layer 49">
          <frames>
            <DOMFrame index="0" motionTweenScale="false" keyMode="8192">
              <elements>
<DOMShape isFloating="true">
                                             <fills>
  <FillStyle index="1">
    <SolidColor color="#007fff" alpha="1.0"/>
  </FillStyle>
</fills>
                                             <strokes/>
  <edges>
    <Edge fillStyle0="0" fillStyle1="0" strokeStyle="0" edges="!0 0! 0 0"/>
    <Edge fillStyle0="1" fillStyle1="0" strokeStyle="0" edges="!0 0! 5294 5589| 5305 5916| 5382 5939| 5450 5885| 5432 5572| 5294 5589"/>
  </edges>
</DOMShape>
                                   </elements>
            </DOMFrame>
          </frames>
        </DOMLayer>
        <DOMLayer name="Layer 50">
          <frames>
            <DOMFrame index="0" motionTweenScale="false" keyMode="8192">
              <elements>
<DOMShape isFloating="true">
                                             <fills>
  <FillStyle index="1">
    <SolidColor color="#ff0000" alpha="1.0"/>
  </FillStyle>
</fills>
                                             <strokes/>
  <edges>
    <Edge fillStyle0="0" fillStyle1="0" strokeStyle="0" edges="!0 0! 0 0"/>
    <Edge fillStyle0="1" fillStyle1="0" strokeStyle="0" edges="!0 0! 5233 5974[ 5214 5989 5159 5991| 5098 5985| 5080 5978| 5079 5987[ 5080 5997 5090 6005| 5166 6014[ 5223 6013 5231 6003[ 5240 5992 5233 5974"/>
  </edges>
</DOMShape>
                                   </elements>
            </DOMFrame>
          </frames>
        </DOMLayer>
        <DOMLayer name="Layer 51">
          <frames>
            <DOMFrame index="0" motionTweenScale="false" keyMode="8192">
              <elements>
<DOMShape isFloating="true">
                                             <fills>
  <FillStyle index="1">
    <SolidColor color="#ffffff" alpha="1.0"/>
  </FillStyle>
</fills>
                                             <strokes/>
  <edges>
    <Edge fillStyle0="0" fillStyle1="0" strokeStyle="0" edges="!0 0! 0 0"/>
    <Edge fillStyle0="1" fillStyle1="0" strokeStyle="0" edges="!0 0! 5096 5938[ 5076 5968 5079 5989[ 5083 6016 5157 6014[ 5234 6012 5235 5993[ 5237 5971 5223 5945[ 5202 5907 5162 5905[ 5121 5902 5096 5938"/>
  </edges>
</DOMShape>
                                   </elements>
            </DOMFrame>
          </frames>
        </DOMLayer>
        <DOMLayer name="Layer 52">
          <frames>
            <DOMFrame index="0" motionTweenScale="false" keyMode="8192">
              <elements>
<DOMShape isFloating="true">
                                             <fills>
  <FillStyle index="1">
    <SolidColor color="#000000" alpha="1.0"/>
  </FillStyle>
</fills>
                                             <strokes/>
  <edges>
    <Edge fillStyle0="0" fillStyle1="0" strokeStyle="0" edges="!0 0! 0 0"/>
    <Edge fillStyle0="1" fillStyle1="0" strokeStyle="0" edges="!0 0! 5164 5882[ 5107 5879 5072 5930[ 5043 5971 5047 6001[ 5053 6039 5157 6037[ 5264 6033 5266 6007[ 5269 5977 5249 5938[ 5221 5886 5164 5882"/>
  </edges>
</DOMShape>
                                   </elements>
            </DOMFrame>
          </frames>
        </DOMLayer>
        <DOMLayer name="Layer 53">
          <frames>
            <DOMFrame index="0" motionTweenScale="false" keyMode="8192">
              <elements>
<DOMShape isFloating="true">
                                             <fills>
  <FillStyle index="1">
    <SolidColor color="#000000" alpha="1.0"/>
  </FillStyle>
</fills>
                                             <strokes/>
  <edges>
    <Edge fillStyle0="0" fillStyle1="0" strokeStyle="0" edges="!0 0! 0 0"/>
    <Edge fillStyle0="1" fillStyle1="0" strokeStyle="0" edges="!0 0! 5104 5572| 5084 5729[ 5068 5891 5093 5921[ 5121 5953 5179 5949[ 5231 5945 5243 5921[ 5257 5893 5253 5591| 5218 5600[ 5232 5879 5218 5899[ 5206 5915 5171 5917[ 5134 5918 5113 5903[ 5094 5890 5111 5735| 5132 5582| 5104 5572"/>
  </edges>
</DOMShape>
                                   </elements>
            </DOMFrame>
          </frames>
        </DOMLayer>
        <DOMLayer name="Layer 54">
          <frames>
            <DOMFrame index="0" motionTweenScale="false" keyMode="8192">
              <elements>
<DOMShape isFloating="true">
                                             <fills>
  <FillStyle index="1">
    <SolidColor color="#003caf" alpha="1.0"/>
  </FillStyle>
</fills>
                                             <strokes/>
  <edges>
    <Edge fillStyle0="0" fillStyle1="0" strokeStyle="0" edges="!0 0! 0 0"/>
    <Edge fillStyle0="0" fillStyle1="1" strokeStyle="0" edges="!0 0! 5217 5635[ 5214 5666 5181 5697[ 5160 5717 5188 5817[ 5203 5868 5221 5914| 5087 5927| 5121 5572| 5217 5635"/>
  </edges>
</DOMShape>
                                   </elements>
            </DOMFrame>
          </frames>
        </DOMLayer>
        <DOMLayer name="Layer 55">
          <frames>
            <DOMFrame index="0" motionTweenScale="false" keyMode="8192">
              <elements>
<DOMShape isFloating="true">
                                             <fills>
  <FillStyle index="1">
    <SolidColor color="#007fff" alpha="1.0"/>
  </FillStyle>
</fills>
                                             <strokes/>
  <edges>
    <Edge fillStyle0="0" fillStyle1="0" strokeStyle="0" edges="!0 0! 0 0"/>
    <Edge fillStyle0="0" fillStyle1="1" strokeStyle="0" edges="!0 0! 5242 5589| 5231 5916| 5155 5939| 5087 5885| 5104 5572| 5242 5589"/>
  </edges>
</DOMShape>
                                   </elements>
            </DOMFrame>
          </frames>
        </DOMLayer>
        <DOMLayer name="Layer 56">
          <frames>
            <DOMFrame index="0" motionTweenScale="false" keyMode="8192">
              <elements>
<DOMShape isFloating="true">
                                             <fills/>
                                             <strokes>
  <StrokeStyle index="1">
    <SolidStroke weight="2.0" scaleMode="normal" caps="none" joints="miter">
      <fill>
        <SolidColor color="#000000"/>
      </fill>
    </SolidStroke>
  </StrokeStyle>
</strokes>
  <edges>
    <Edge fillStyle0="0" fillStyle1="0" strokeStyle="0" edges="!4421 5005! 0 0"/>
    <Edge fillStyle0="0" fillStyle1="0" strokeStyle="1" edges="!0 0! 4884 5323[ 4586 5230 4474 5200[ 4265 5143 4197 5150[ 4396 5102 4417 5006[ 4442 4998 4605 5050[ 4764 5102 4952 5177[ 5436 5371 5428 5440[ 5424 5473 5259 5433[ 5152 5407 4884 5323"/>
  </edges>
</DOMShape>
                                   </elements>
            </DOMFrame>
          </frames>
        </DOMLayer>
        <DOMLayer name="Layer 57">
          <frames>
            <DOMFrame index="0" motionTweenScale="false" keyMode="8192">
              <elements>
<DOMShape isFloating="true">
                                             <fills>
  <FillStyle index="1">
    <SolidColor color="#ffffff" alpha="1.0"/>
  </FillStyle>
  <FillStyle index="2">
    <SolidColor color="#dddddd" alpha="1.0"/>
  </FillStyle>
</fills>
                                             <strokes/>
  <edges>
    <Edge fillStyle0="0" fillStyle1="0" strokeStyle="0" edges="!0 0! 0 0"/>
    <Edge fillStyle0="0" fillStyle1="2" strokeStyle="0" edges="!0 0! 4421 5005[ 4454 5002 4604 5051[ 4764 5102 4952 5178[ 5437 5372 5429 5440[ 5424 5473 5259 5434[ 5152 5407 4884 5324| 4841 5310"/>
    <Edge fillStyle0="0" fillStyle1="1" strokeStyle="0" edges="!4841 5310[ 4577 5228 4474 5200[ 4265 5143 4197 5150[ 4396 5101 4417 5006| 4421 5005"/>
    <Edge fillStyle0="2" fillStyle1="1" strokeStyle="0" edges="!4421 5005| 4426 5083| 4513 5065[ 4484 5146 4681 5202[ 4836 5143 4951 5236[ 4974 5312 4841 5310"/>
  </edges>
</DOMShape>
                                   </elements>
            </DOMFrame>
          </frames>
        </DOMLayer>
        <DOMLayer name="Layer 58">
          <frames>
            <DOMFrame index="0" motionTweenScale="false" keyMode="8192">
              <elements>
<DOMShape isFloating="true">
                                             <fills/>
                                             <strokes>
  <StrokeStyle index="1">
    <SolidStroke weight="2.0" scaleMode="normal" caps="none" joints="miter">
      <fill>
        <SolidColor color="#000000"/>
      </fill>
    </SolidStroke>
  </StrokeStyle>
</strokes>
  <edges>
    <Edge fillStyle0="0" fillStyle1="0" strokeStyle="0" edges="!6011 5853! 0 0"/>
    <Edge fillStyle0="0" fillStyle1="0" strokeStyle="1" edges="!0 0! 5357 5516| 5596 5681[ 5844 5846 5894 5841| 5998 5850[ 6046 5858 6056 5844[ 6075 5818 5387 5478| 5357 5516"/>
  </edges>
</DOMShape>
                                   </elements>
            </DOMFrame>
          </frames>
        </DOMLayer>
        <DOMLayer name="Layer 59">
          <frames>
            <DOMFrame index="0" motionTweenScale="false" keyMode="8192">
              <elements>
<DOMShape isFloating="true">
                                             <fills>
  <FillStyle index="1">
    <SolidColor color="#ffffff" alpha="1.0"/>
  </FillStyle>
  <FillStyle index="2">
    <SolidColor color="#dddddd" alpha="1.0"/>
  </FillStyle>
</fills>
                                             <strokes/>
  <edges>
    <Edge fillStyle0="0" fillStyle1="0" strokeStyle="0" edges="!3545 5976! 0 0"/>
    <Edge fillStyle0="0" fillStyle1="2" strokeStyle="0" edges="!0 0! 6011 5853| 5997 5851| 5894 5842[ 5843 5846 5595 5683| 5357 5517| 5387 5479[ 5581 5575 5719 5646"/>
    <Edge fillStyle0="0" fillStyle1="1" strokeStyle="0" edges="!5719 5646[ 6069 5827 6056 5846[ 6047 5858 6011 5853"/>
    <Edge fillStyle0="2" fillStyle1="1" strokeStyle="0" edges="!6011 5853| 5895 5779| 5888 5821| 5693 5709| 5734 5708| 5719 5646"/>
  </edges>
</DOMShape>
                                   </elements>
            </DOMFrame>
          </frames>
        </DOMLayer>
        <DOMLayer name="Layer 60">
          <frames>
            <DOMFrame index="0" motionTweenScale="false" keyMode="8192">
              <elements>
<DOMShape isFloating="true">
                                             <fills>
  <FillStyle index="1">
    <SolidColor color="#000000" alpha="1.0"/>
  </FillStyle>
</fills>
                                             <strokes/>
  <edges>
    <Edge fillStyle0="0" fillStyle1="0" strokeStyle="0" edges="!4027 5938! 0 0"/>
    <Edge fillStyle0="1" fillStyle1="0" strokeStyle="0" edges="!0 0! 3266 5768[ 3281 5748 3307 5748[ 3325 5748 3340 5771[ 3355 5795 3355 5834[ 3355 5868 3343 5898[ 3336 5914 3317 5931[ 3277 5905 3262 5884[ 3247 5864 3247 5834[ 3247 5793 3266 5768"/>
    <Edge fillStyle0="1" fillStyle1="0" strokeStyle="0" edges="!3266 5768! 3230 5748[ 3196 5783 3195 5834[ 3195 5892 3215 5927[ 3229 5951 3260 5976[ 3215 6011 3200 6041[ 3180 6075 3180 6116[ 3180 6159 3215 6197[ 3256 6237 3314 6237[ 3359 6237 3398 6200[ 3437 6165 3437 6116[ 3437 6057 3413 6016[ 3389 5979 3355 5954[ 3391 5926 3404 5900[ 3419 5867 3420 5834[ 3420 5788 3389 5751[ 3360 5715 3307 5715[ 3263 5715 3230 5748"/>
    <Edge fillStyle0="1" fillStyle1="0" strokeStyle="0" edges="!3230 5748! 3297 5999[ 3349 6029 3369 6059[ 3384 6082 3385 6116[ 3385 6153 3361 6179[ 3340 6204 3314 6204[ 3284 6204 3267 6180[ 3247 6155 3246 6116[ 3246 6081 3263 6042[ 3273 6021 3297 5999"/>
    <Edge fillStyle0="1" fillStyle1="0" strokeStyle="0" edges="!3297 5999! 3545 5976[ 3545 6111 3590 6187[ 3622 6236 3667 6237[ 3708 6237 3744 6181[ 3789 6111 3789 5976[ 3789 5837 3744 5768[ 3709 5715 3667 5715[ 3625 5715 3590 5769[ 3545 5837 3545 5976"/>
    <Edge fillStyle0="1" fillStyle1="0" strokeStyle="0" edges="!3545 5976! 3636 5773[ 3649 5748 3667 5748[ 3682 5748 3695 5771[ 3724 5820 3724 5976[ 3724 6126 3695 6182[ 3684 6203 3667 6204[ 3647 6204 3634 6178[ 3611 6125 3610 5976[ 3610 5821 3636 5773"/>
  </edges>
</DOMShape>
                                   </elements>
            </DOMFrame>
          </frames>
        </DOMLayer>
        <DOMLayer name="Layer 61">
          <frames>
            <DOMFrame index="0" motionTweenScale="false" keyMode="8192">
              <elements>
                                        <DOMShape isFloating="true">
                                             <fills>
  <FillStyle index="1">
    <SolidColor color="#000000" alpha="1.0"/>
  </FillStyle>
</fills>
                                             <strokes/>
  <edges>
    <Edge fillStyle0="1" edges="!0 0! 1969 5648[ 1965 5648 1927 5699| 1645 5699| 1643 5696| 1586 5652| 1577 5649| 1568 5654| 1535 5693| 1514 5693| 1435 5662| 1422 5660[ 1419 5662 1419 5672| 1419 5896[ 1418 6211 1397 6291[ 1392 6295 1395 6300| 1407 6297[ 1443 6263 1473 6197| 1480 6205[ 1505 6223 1512 6241[ 1518 6254 1513 6282[ 1514 6292 1517 6293| 1580 6290[ 1602 6283 1615 6269[ 1627 6253 1627 6196| 1627 6068| 1692 6068| 1649 6143[ 1638 6160 1645 6171[ 1653 6179 1693 6182| 1741 6182| 1768 6152[ 1802 6164 1827 6178[ 1759 6262 1628 6288[ 1621 6287 1619 6292| 1628 6299[ 1791 6314 1898 6232| 1940 6278[ 1959 6301 1984 6301[ 2006 6301 2022 6286[ 2036 6272 2039 6251[ 2041 6227 2024 6208[ 2005 6186 1951 6168[ 1974 6128 1992 6068| 2041 6068| 2044 6067| 2046 6058| 1978 6002| 1966 5998[ 1962 5998 1924 6049| 1821 6049[ 1832 6019 1848 6017[ 1866 6016 1865 6002[ 1864 5990 1846 5988| 1746 5978| 1747 5965| 1747 5961| 1924 5961| 1924 5972[ 1923 5983 1933 5988| 1970 5989| 2013 5981| 2018 5965| 2018 5827[ 2017 5818 2025 5814[ 2040 5807 2040 5796| 2030 5782| 1974 5744| 1964 5740| 1957 5745| 1926 5774| 1926 5717| 2044 5717| 2047 5716| 2048 5708| 1981 5652| 1969 5648"/>
    <Edge fillStyle0="1" edges="!1969 5648! 1822 5717| 1850 5717| 1850 5779| 1822 5779| 1822 5717"/>
    <Edge fillStyle0="1" edges="!1822 5717! 1745 5779| 1663 5745[ 1659 5742 1656 5745| 1654 5751| 1654 5965[ 1654 5987 1663 5993| 1725 5995| 1702 6049| 1627 6049| 1627 5749[ 1627 5736 1639 5729| 1652 5717| 1746 5717| 1746 5779| 1745 5779"/>
    <Edge fillStyle0="1" edges="!1745 5779! 1772 5797| 1772 5942| 1747 5942| 1747 5797| 1772 5797"/>
    <Edge fillStyle0="1" edges="!1772 5797! 1924 5797| 1924 5942| 1898 5942| 1898 5797| 1924 5797"/>
    <Edge fillStyle0="1" edges="!1924 5797! 1848 5797| 1848 5942| 1822 5942| 1822 5797| 1848 5797"/>
    <Edge fillStyle0="1" edges="!1848 5797! 2110 5656| 2110 6265[ 2110 6289 2120 6297| 2163 6302| 2210 6293[ 2218 6286 2218 6265| 2218 6260| 2583 6260| 2583 6276[ 2582 6289 2590 6295| 2640 6300| 2684 6291| 2692 6276| 2692 5753[ 2691 5739 2702 5734[ 2732 5719 2703 5700| 2634 5660| 2621 5655[ 2617 5655 2612 5660| 2579 5693| 2227 5693| 2120 5649[ 2115 5646 2113 5649[ 2110 5651 2110 5656"/>
    <Edge fillStyle0="1" edges="!2110 5656! 2218 5712| 2583 5712| 2583 5847| 2558 5817| 2552 5813| 2546 5818| 2529 5854| 2516 5854| 2516 5825[ 2515 5818 2526 5812[ 2547 5800 2530 5787| 2472 5749| 2467 5747[ 2465 5747 2464 5749| 2433 5782| 2407 5782| 2409 5772[ 2410 5759 2422 5755[ 2431 5752 2431 5741[ 2430 5733 2413 5731| 2340 5725| 2332 5726| 2329 5734| 2319 5782| 2263 5782[ 2255 5781 2255 5790[ 2255 5798 2263 5800| 2316 5800| 2305 5854| 2218 5854| 2218 5712"/>
    <Edge fillStyle0="1" edges="!2218 5712! 2274 5888| 2274 5992[ 2272 6003 2282 6012| 2316 6015| 2346 6012| 2355 6006| 2359 5992| 2359 5991| 2448 5991| 2448 5997| 2451 6005| 2392 6000[ 2388 5999 2386 6003| 2384 6011| 2384 6052| 2333 6052| 2269 6022| 2263 6021[ 2260 6023 2260 6027[ 2259 6061 2246 6147[ 2243 6164 2248 6169[ 2255 6175 2288 6177| 2325 6173[ 2331 6169 2333 6152| 2333 6148| 2384 6148| 2384 6208[ 2384 6229 2392 6235| 2431 6239| 2470 6234[ 2478 6229 2479 6208| 2479 6148| 2570 6148| 2572 6147| 2573 6139| 2533 6088| 2527 6084| 2521 6089| 2501 6130| 2479 6130| 2479 6071| 2562 6071| 2564 6069| 2565 6061| 2529 6015| 2522 6011| 2517 6016| 2499 6052| 2479 6052[ 2478 6042 2486 6036[ 2505 6024 2490 6012| 2501 6010| 2531 6004[ 2537 6000 2536 5990| 2536 5940| 2554 5917[ 2554 5910 2544 5906| 2489 5880| 2477 5876[ 2474 5876 2470 5881| 2448 5905| 2353 5905| 2284 5882| 2276 5882| 2274 5888"/>
    <Edge fillStyle0="1" edges="!2274 5888! 2403 5800| 2439 5800| 2439 5854| 2394 5854| 2403 5800"/>
    <Edge fillStyle0="1" edges="!2403 5800! 2777 5782| 3003 5907| 2777 6030| 2777 6084| 3051 5934| 3051 5880| 2777 5728| 2777 5782"/>
    <Edge fillStyle0="1" edges="!2777 5782! 2583 5873| 2583 6242| 2218 6242| 2218 5873| 2583 5873"/>
    <Edge fillStyle0="1" edges="!2583 5873! 2448 5923| 2448 5971| 2359 5971| 2359 5923| 2448 5923"/>
    <Edge fillStyle0="1" edges="!2448 5923! 233 5656[ 200 5692 143 5723[ 88 5754 41 5768[ 34 5770 34 5776| 42 5782| 164 5780| 164 5859| 29 5859[ 20 5859 20 5868[ 20 5878 29 5878| 164 5878| 164 5981| 45 5980[ 31 5979 35 5991| 81 6124| 96 6125| 103 6106[ 104 6094 114 6093| 164 6077| 164 6149| 159 6163[ 146 6171 59 6162[ 51 6161 50 6166| 57 6175[ 102 6196 123 6225[ 141 6248 138 6286[ 137 6296 149 6299[ 223 6296 249 6277[ 272 6256 273 6219| 273 6028[ 317 6003 361 5970| 368 5960[ 367 5955 356 5960| 273 5973| 273 5878| 364 5878[ 381 6028 428 6134| 391 6185[ 344 6238 275 6270[ 268 6273 270 6278| 280 6280[ 398 6255 466 6201[ 541 6302 605 6304[ 631 6303 652 6284[ 672 6268 672 6239[ 671 6222 660 6201[ 644 6170 655 6056| 652 6047[ 648 6045 645 6052[ 600 6154 589 6149[ 571 6141 552 6115| 629 6001[ 635 5991 649 5991[ 666 5992 669 5982[ 672 5968 650 5958| 540 5910| 533 5909| 527 5919| 497 5997[ 484 5955 474 5878| 662 5878| 665 5877| 668 5869[ 668 5862 618 5821[ 652 5790 634 5741| 605 5703| 583 5687[ 545 5664 503 5657[ 496 5656 494 5660| 497 5666[ 524 5702 527 5772[ 527 5798 539 5817| 546 5824| 519 5859| 472 5859[ 463 5784 466 5711[ 465 5700 476 5696[ 490 5689 490 5679[ 489 5668 464 5666| 371 5655| 361 5656[ 358 5657 358 5666[ 355 5765 364 5859| 273 5859| 273 5761| 324 5754| 348 5751[ 352 5740 342 5732| 251 5654| 242 5650[ 239 5650 233 5656"/>
    <Edge fillStyle0="1" edges="!233 5656! 727 5769[ 724 5770 724 5777| 724 6249[ 724 6273 734 6281| 777 6285| 823 6277[ 831 6270 832 6249| 832 6199| 894 6199| 894 6241[ 893 6254 901 6260| 951 6265| 995 6256| 1003 6241| 1003 5962| 1060 5913[ 1076 5945 1069 6015[ 1063 6073 1110 6084[ 1131 6088 1154 6075[ 1170 6064 1178 6041[ 1186 6016 1179 5995[ 1172 5966 1137 5935[ 1110 5910 1078 5896[ 1116 5850 1136 5808| 1226 5808[ 1228 5961 1219 6058[ 1208 6145 1196 6161[ 1188 6171 1171 6171| 1099 6166[ 1093 6163 1092 6168[ 1091 6174 1097 6176[ 1160 6208 1159 6282| 1161 6290| 1167 6293[ 1255 6295 1289 6247[ 1332 6180 1334 5852[ 1334 5839 1347 5830[ 1360 5821 1360 5808[ 1359 5797 1347 5790| 1274 5740| 1266 5738[ 1261 5738 1260 5741| 1219 5790| 1146 5790| 1170 5723[ 1172 5711 1186 5705[ 1198 5698 1197 5686[ 1196 5676 1175 5675| 1071 5664| 1058 5665[ 1055 5668 1054 5677[ 1048 5831 1003 5929| 1003 5874[ 1002 5859 1013 5854[ 1045 5839 1014 5821| 945 5780| 933 5775| 923 5780| 890 5814| 853 5814| 924 5716[ 928 5709 942 5705| 958 5693| 956 5682[ 951 5677 930 5675| 827 5663[ 817 5662 819 5675[ 823 5720 811 5801| 734 5769| 727 5769"/>
    <Edge fillStyle0="1" edges="!727 5769! 894 5832| 894 5988| 832 5988| 832 5832| 894 5832"/>
    <Edge fillStyle0="1" edges="!894 5832! 1509 5870| 1536 5870| 1536 6012| 1506 6012| 1509 5889| 1509 5870"/>
    <Edge fillStyle0="1" edges="!1509 5870! 1536 5851| 1509 5851| 1509 5712| 1536 5712| 1536 5851"/>
    <Edge fillStyle0="1" edges="!1536 5851! 1536 6176| 1533 6194| 1524 6196| 1484 6194[ 1476 6192 1474 6196[ 1495 6138 1505 6030| 1536 6030| 1536 6176"/>
    <Edge fillStyle0="1" edges="!1536 6176! 894 6006| 894 6180| 832 6180| 832 6006| 894 6006"/>
    <Edge fillStyle0="1" edges="!894 6006! 3049 6146| 2777 6146| 2777 6199| 3049 6199| 3049 6146"/>
    <Edge fillStyle0="1" edges="!3049 6146! 2384 6130| 2334 6130| 2341 6071| 2384 6071| 2384 6130"/>
    <Edge fillStyle0="1" edges="!2384 6130! 1848 6145| 1776 6138| 1812 6068| 1876 6068| 1876 6073| 1848 6145"/>
    <Edge fillStyle0="1" edges="!1848 6145! 4027 5938[ 4027 5954 4038 5967[ 4049 5977 4065 5978[ 4080 5977 4089 5969[ 4099 5958 4100 5938[ 4099 5915 4076 5897[ 4041 5872 3998 5872[ 3927 5872 3890 5922[ 3851 5976 3852 6050[ 3852 6114 3889 6165[ 3931 6217 3995 6218[ 4023 6218 4052 6202[ 4080 6186 4112 6135| 4080 6135| 4038 6176[ 4018 6186 3995 6186[ 3962 6186 3937 6143[ 3914 6105 3914 6050[ 3914 5985 3932 5945[ 3953 5904 3984 5904[ 4006 5903 4016 5912[ 4026 5920 4027 5938"/>
    <Edge fillStyle0="1" edges="!4027 5938! 4241 5880| 4218 5880[ 4195 5899 4172 5908| 4172 5939[ 4178 5939 4181 5943| 4184 5965| 4184 6147| 4181 6172| 4176 6178| 4172 6178| 4172 6210| 4260 6210| 4260 6178| 4252 6178| 4243 6172| 4241 6147| 4241 5965| 4259 5919[ 4265 5908 4278 5908| 4291 5921[ 4297 5933 4297 5965| 4297 6148| 4293 6169[ 4290 6173 4285 6173| 4277 6173| 4277 6210| 4373 6210| 4373 6173| 4365 6173[ 4358 6173 4357 6169[ 4354 6164 4354 6148| 4354 5965[ 4364 5934 4373 5923[ 4379 5914 4389 5914[ 4397 5913 4404 5927| 4410 5965| 4410 6148| 4407 6165| 4398 6167| 4390 6167| 4390 6210| 4478 6210| 4478 6167| 4474 6167| 4468 6165| 4467 6148| 4467 5965[ 4466 5926 4447 5901[ 4423 5872 4394 5872[ 4366 5872 4354 5889| 4342 5911| 4337 5903[ 4314 5872 4278 5872[ 4252 5872 4241 5887| 4241 5880"/>
  </edges>
</DOMShape>
                                   </elements>
            </DOMFrame>
          </frames>
        </DOMLayer>
      </layers>
    </DOMTimeline>
  </timeline>
</DOMSymbolItem>
