<DOMSymbolItem xmlns="http://ns.adobe.com/xfl/2008/" xmlns:xsi="http://www.w3.org/2001/XMLSchema-instance" name="Symbol 47" lastModified="1635072455">
  <timeline>
    <DOMTimeline name="Symbol 47">
      <layers>
        <DOMLayer name="Script Layer" color="#9437b7">
          <frames>
            <DOMFrame index="0" duration="9" keyMode="9728">
              <elements/>
            </DOMFrame>
            <DOMFrame index="9" keyMode="9728">
              <Actionscript>
                <script><![CDATA[stop();
]]></script>
              </Actionscript>
              <elements/>
            </DOMFrame>
          </frames>
        </DOMLayer>
                    <DOMLayer name="Layer 2" color="#aa6bcf">
                         <frames>
                              <DOMFrame index="0" keyMode="9728">
  <elements>
                                        <DOMSymbolInstance libraryItemName="Symbol 44" symbolType="graphic" loop="loop">
  <matrix>
    <Matrix tx="67.85" ty="141.0" a="-1.0" d="1.0"/>
  </matrix>
  <transformationPoint>
    <Point/>
  </transformationPoint>
</DOMSymbolInstance>
                                   </elements>
</DOMFrame>
<DOMFrame index="1" keyMode="9728">
  <elements>
                                        <DOMSymbolInstance libraryItemName="Symbol 44" symbolType="graphic" loop="loop">
  <matrix>
    <Matrix tx="68.2" ty="141.2" a="-0.9794158935546875" d="0.894805908203125" b="0.195892333984375" c="-0.4423065185546875"/>
  </matrix>
  <transformationPoint>
    <Point/>
  </transformationPoint>
</DOMSymbolInstance>
                                   </elements>
</DOMFrame>
<DOMFrame index="2" keyMode="9728">
  <elements>
                                        <DOMSymbolInstance libraryItemName="Symbol 44" symbolType="graphic" loop="loop">
  <matrix>
    <Matrix tx="68.25" ty="141.6" a="-0.928131103515625" d="0.6461639404296875" b="0.366424560546875" c="-0.75970458984375"/>
  </matrix>
  <transformationPoint>
    <Point/>
  </transformationPoint>
</DOMSymbolInstance>
                                   </elements>
</DOMFrame>
<DOMFrame index="3" keyMode="9728">
  <elements>
                                        <DOMSymbolInstance libraryItemName="Symbol 44" symbolType="graphic" loop="loop">
  <matrix>
    <Matrix tx="68.3" ty="142.15" a="-0.8607330322265625" d="0.3459930419921875" b="0.503387451171875" c="-0.935546875"/>
  </matrix>
  <transformationPoint>
    <Point/>
  </transformationPoint>
</DOMSymbolInstance>
                                   </elements>
</DOMFrame>
<DOMFrame index="4" keyMode="9728">
  <elements>
                                        <DOMSymbolInstance libraryItemName="Symbol 44" symbolType="graphic" loop="loop">
  <matrix>
    <Matrix tx="68.05" ty="142.6" a="-0.7872314453125" d="0.0568695068359375" b="0.61114501953125" c="-0.9963836669921875"/>
  </matrix>
  <transformationPoint>
    <Point/>
  </transformationPoint>
</DOMSymbolInstance>
                                   </elements>
</DOMFrame>
<DOMFrame index="5" keyMode="9728">
  <elements>
                                        <DOMSymbolInstance libraryItemName="Symbol 44" symbolType="graphic" loop="loop">
  <matrix>
    <Matrix tx="67.85" ty="142.95" a="-0.718353271484375" d="-0.1823577880859375" b="0.6903076171875" c="-0.980499267578125"/>
  </matrix>
  <transformationPoint>
    <Point/>
  </transformationPoint>
</DOMSymbolInstance>
                                   </elements>
</DOMFrame>
<DOMFrame index="6" keyMode="9728">
  <elements>
                                        <DOMSymbolInstance libraryItemName="Symbol 44" symbolType="graphic" loop="loop">
  <matrix>
    <Matrix tx="67.55" ty="143.3" a="-0.658477783203125" d="-0.3624114990234375" b="0.7473602294921875" c="-0.9283447265625"/>
  </matrix>
  <transformationPoint>
    <Point/>
  </transformationPoint>
</DOMSymbolInstance>
                                   </elements>
</DOMFrame>
<DOMFrame index="7" keyMode="9728">
  <elements>
                                        <DOMSymbolInstance libraryItemName="Symbol 44" symbolType="graphic" loop="loop">
  <matrix>
    <Matrix tx="67.35" ty="143.45" a="-0.614410400390625" d="-0.4843292236328125" b="0.7838134765625" c="-0.870452880859375"/>
  </matrix>
  <transformationPoint>
    <Point/>
  </transformationPoint>
</DOMSymbolInstance>
                                   </elements>
</DOMFrame>
<DOMFrame index="8" keyMode="9728">
  <elements>
                                        <DOMSymbolInstance libraryItemName="Symbol 44" symbolType="graphic" loop="loop">
  <matrix>
    <Matrix tx="67.2" ty="143.6" a="-0.5864715576171875" d="-0.554443359375" b="0.80487060546875" c="-0.827301025390625"/>
  </matrix>
  <transformationPoint>
    <Point/>
  </transformationPoint>
</DOMSymbolInstance>
                                   </elements>
</DOMFrame>
<DOMFrame index="9" keyMode="9728">
  <elements>
                                        <DOMSymbolInstance libraryItemName="Symbol 44" symbolType="graphic" loop="loop">
  <matrix>
    <Matrix tx="67.2" ty="143.65" a="-0.5775299072265625" d="-0.5775299072265625" b="0.8131561279296875" c="-0.8131561279296875"/>
  </matrix>
  <transformationPoint>
    <Point/>
  </transformationPoint>
</DOMSymbolInstance>
                                   </elements>
</DOMFrame>
                         </frames>
                    </DOMLayer>
                    <DOMLayer name="Layer 3" color="#f27fac">
                         <frames>
                              <DOMFrame index="0" keyMode="9728">
  <elements>
                                        <DOMSymbolInstance libraryItemName="Symbol 44" symbolType="graphic" loop="loop">
  <matrix>
    <Matrix tx="82.75" ty="141.0"/>
  </matrix>
  <transformationPoint>
    <Point/>
  </transformationPoint>
</DOMSymbolInstance>
                                   </elements>
</DOMFrame>
<DOMFrame index="1" keyMode="9728">
  <elements>
                                        <DOMSymbolInstance libraryItemName="Symbol 44" symbolType="graphic" loop="loop">
  <matrix>
    <Matrix tx="82.05" ty="140.85" a="0.997222900390625" d="0.8264312744140625" b="0.0618438720703125" c="0.55914306640625"/>
  </matrix>
  <transformationPoint>
    <Point/>
  </transformationPoint>
</DOMSymbolInstance>
                                   </elements>
</DOMFrame>
<DOMFrame index="2" keyMode="9728">
  <elements>
                                        <DOMSymbolInstance libraryItemName="Symbol 44" symbolType="graphic" loop="loop">
  <matrix>
    <Matrix tx="81.65" ty="141.15" a="0.9913482666015625" d="0.4342498779296875" b="0.1182403564453125" c="0.8979949951171875"/>
  </matrix>
  <transformationPoint>
    <Point/>
  </transformationPoint>
</DOMSymbolInstance>
                                   </elements>
</DOMFrame>
<DOMFrame index="3" keyMode="9728">
  <elements>
                                        <DOMSymbolInstance libraryItemName="Symbol 44" symbolType="graphic" loop="loop">
  <matrix>
    <Matrix tx="81.65" ty="141.5" a="0.9832916259765625" d="-9.918212890625E-4" b="0.169158935546875" c="0.998260498046875"/>
  </matrix>
  <transformationPoint>
    <Point/>
  </transformationPoint>
</DOMSymbolInstance>
                                   </elements>
</DOMFrame>
<DOMFrame index="4" keyMode="9728">
  <elements>
                                        <DOMSymbolInstance libraryItemName="Symbol 44" symbolType="graphic" loop="loop">
  <matrix>
    <Matrix tx="81.9" ty="141.85" a="0.9752044677734375" d="-0.3779754638671875" b="0.208160400390625" c="0.9222564697265625"/>
  </matrix>
  <transformationPoint>
    <Point/>
  </transformationPoint>
</DOMSymbolInstance>
                                   </elements>
</DOMFrame>
<DOMFrame index="5" keyMode="9728">
  <elements>
                                        <DOMSymbolInstance libraryItemName="Symbol 44" symbolType="graphic" loop="loop">
  <matrix>
    <Matrix tx="82.25" ty="142.1" a="0.966949462890625" d="-0.644775390625" b="0.2418060302734375" c="0.75897216796875"/>
  </matrix>
  <transformationPoint>
    <Point/>
  </transformationPoint>
</DOMSymbolInstance>
                                   </elements>
</DOMFrame>
<DOMFrame index="6" keyMode="9728">
  <elements>
                                        <DOMSymbolInstance libraryItemName="Symbol 44" symbolType="graphic" loop="loop">
  <matrix>
    <Matrix tx="82.7" ty="142.2" a="0.959930419921875" d="-0.8096160888671875" b="0.2670745849609375" c="0.5795745849609375"/>
  </matrix>
  <transformationPoint>
    <Point/>
  </transformationPoint>
</DOMSymbolInstance>
                                   </elements>
</DOMFrame>
<DOMFrame index="7" keyMode="9728">
  <elements>
                                        <DOMSymbolInstance libraryItemName="Symbol 44" symbolType="graphic" loop="loop">
  <matrix>
    <Matrix tx="82.95" ty="142.2" a="0.95477294921875" d="-0.898284912109375" b="0.2841033935546875" c="0.4296722412109375"/>
  </matrix>
  <transformationPoint>
    <Point/>
  </transformationPoint>
</DOMSymbolInstance>
                                   </elements>
</DOMFrame>
<DOMFrame index="8" keyMode="9728">
  <elements>
                                        <DOMSymbolInstance libraryItemName="Symbol 44" symbolType="graphic" loop="loop">
  <matrix>
    <Matrix tx="83.2" ty="142.15" a="0.950958251953125" d="-0.9385223388671875" b="0.296142578125" c="0.3331756591796875"/>
  </matrix>
  <transformationPoint>
    <Point/>
  </transformationPoint>
</DOMSymbolInstance>
                                   </elements>
</DOMFrame>
<DOMFrame index="9" keyMode="9728">
  <elements>
                                        <DOMSymbolInstance libraryItemName="Symbol 44" symbolType="graphic" loop="loop">
  <matrix>
    <Matrix tx="83.25" ty="142.2" a="0.9502716064453125" d="-0.9502716064453125" b="0.3012542724609375" c="0.3012542724609375"/>
  </matrix>
  <transformationPoint>
    <Point/>
  </transformationPoint>
</DOMSymbolInstance>
                                   </elements>
</DOMFrame>
                         </frames>
                    </DOMLayer>
                    <DOMLayer name="Layer 4" color="#6e7ead">
                         <frames>
                              <DOMFrame index="0" keyMode="9728">
  <elements>
                                        <DOMSymbolInstance libraryItemName="Symbol 45" symbolType="graphic" loop="loop">
  <matrix>
    <Matrix tx="0.0" ty="0.0"/>
  </matrix>
  <transformationPoint>
    <Point/>
  </transformationPoint>
</DOMSymbolInstance>
                                   </elements>
</DOMFrame>
<DOMFrame index="1" keyMode="9728">
  <elements>
                                        <DOMSymbolInstance libraryItemName="Symbol 45" symbolType="graphic" loop="loop">
  <matrix>
    <Matrix tx="-3.7" ty="2.1" a="0.9994354248046875" d="0.9994354248046875" b="-0.0272369384765625" c="0.0272369384765625"/>
  </matrix>
  <transformationPoint>
    <Point/>
  </transformationPoint>
</DOMSymbolInstance>
                                   </elements>
</DOMFrame>
<DOMFrame index="2" keyMode="9728">
  <elements>
                                        <DOMSymbolInstance libraryItemName="Symbol 45" symbolType="graphic" loop="loop">
  <matrix>
    <Matrix tx="-7.7" ty="4.55" a="0.9980010986328125" d="0.9980010986328125" b="-0.0568084716796875" c="0.0568084716796875"/>
  </matrix>
  <transformationPoint>
    <Point/>
  </transformationPoint>
</DOMSymbolInstance>
                                   </elements>
</DOMFrame>
<DOMFrame index="3" keyMode="9728">
  <elements>
                                        <DOMSymbolInstance libraryItemName="Symbol 45" symbolType="graphic" loop="loop">
  <matrix>
    <Matrix tx="-10.65" ty="6.4" a="0.9963531494140625" d="0.9963531494140625" b="-0.0789337158203125" c="0.0789337158203125"/>
  </matrix>
  <transformationPoint>
    <Point/>
  </transformationPoint>
</DOMSymbolInstance>
                                   </elements>
</DOMFrame>
<DOMFrame index="4" keyMode="9728">
  <elements>
                                        <DOMSymbolInstance libraryItemName="Symbol 45" symbolType="graphic" loop="loop">
  <matrix>
    <Matrix tx="-13.05" ty="8.0" a="0.994659423828125" d="0.994659423828125" b="-0.0968475341796875" c="0.0968475341796875"/>
  </matrix>
  <transformationPoint>
    <Point/>
  </transformationPoint>
</DOMSymbolInstance>
                                   </elements>
</DOMFrame>
<DOMFrame index="5" keyMode="9728">
  <elements>
                                        <DOMSymbolInstance libraryItemName="Symbol 45" symbolType="graphic" loop="loop">
  <matrix>
    <Matrix tx="-15.2" ty="9.5" a="0.9927520751953125" d="0.9927520751953125" b="-0.113861083984375" c="0.113861083984375"/>
  </matrix>
  <transformationPoint>
    <Point/>
  </transformationPoint>
</DOMSymbolInstance>
                                   </elements>
</DOMFrame>
<DOMFrame index="6" keyMode="9728">
  <elements>
                                        <DOMSymbolInstance libraryItemName="Symbol 45" symbolType="graphic" loop="loop">
  <matrix>
    <Matrix tx="-16.85" ty="10.65" a="0.9911041259765625" d="0.9911041259765625" b="-0.126708984375" c="0.126708984375"/>
  </matrix>
  <transformationPoint>
    <Point/>
  </transformationPoint>
</DOMSymbolInstance>
                                   </elements>
</DOMFrame>
<DOMFrame index="7" keyMode="9728">
  <elements>
                                        <DOMSymbolInstance libraryItemName="Symbol 45" symbolType="graphic" loop="loop">
  <matrix>
    <Matrix tx="-18.0" ty="11.5" a="0.989898681640625" d="0.989898681640625" b="-0.1353912353515625" c="0.1353912353515625"/>
  </matrix>
  <transformationPoint>
    <Point/>
  </transformationPoint>
</DOMSymbolInstance>
                                   </elements>
</DOMFrame>
<DOMFrame index="8" keyMode="9728">
  <elements>
                                        <DOMSymbolInstance libraryItemName="Symbol 45" symbolType="graphic" loop="loop">
  <matrix>
    <Matrix tx="-18.55" ty="11.95" a="0.989227294921875" d="0.989227294921875" b="-0.1399688720703125" c="0.1399688720703125"/>
  </matrix>
  <transformationPoint>
    <Point/>
  </transformationPoint>
</DOMSymbolInstance>
                                   </elements>
</DOMFrame>
<DOMFrame index="9" keyMode="9728">
  <elements>
                                        <DOMSymbolInstance libraryItemName="Symbol 45" symbolType="graphic" loop="loop">
  <matrix>
    <Matrix tx="-19.15" ty="12.25" a="0.9890594482421875" d="0.9890594482421875" b="-0.144287109375" c="0.144287109375"/>
  </matrix>
  <transformationPoint>
    <Point/>
  </transformationPoint>
</DOMSymbolInstance>
                                   </elements>
</DOMFrame>
                         </frames>
                    </DOMLayer>
                    <DOMLayer name="Layer 5" color="#da89ab">
                         <frames>
                              <DOMFrame index="0" keyMode="9728">
  <elements>
                                        <DOMSymbolInstance libraryItemName="Symbol 45" symbolType="graphic" loop="loop">
  <matrix>
    <Matrix tx="0.0" ty="0.0"/>
  </matrix>
  <transformationPoint>
    <Point/>
  </transformationPoint>
</DOMSymbolInstance>
                                   </elements>
</DOMFrame>
<DOMFrame index="1" keyMode="9728">
  <elements>
                                        <DOMSymbolInstance libraryItemName="Symbol 45" symbolType="graphic" loop="loop">
  <matrix>
    <Matrix tx="-3.7" ty="2.1" a="0.9994354248046875" d="0.9994354248046875" b="-0.0272369384765625" c="0.0272369384765625"/>
  </matrix>
  <transformationPoint>
    <Point/>
  </transformationPoint>
</DOMSymbolInstance>
                                   </elements>
</DOMFrame>
<DOMFrame index="2" keyMode="9728">
  <elements>
                                        <DOMSymbolInstance libraryItemName="Symbol 45" symbolType="graphic" loop="loop">
  <matrix>
    <Matrix tx="-7.7" ty="4.55" a="0.9980010986328125" d="0.9980010986328125" b="-0.0568084716796875" c="0.0568084716796875"/>
  </matrix>
  <transformationPoint>
    <Point/>
  </transformationPoint>
</DOMSymbolInstance>
                                   </elements>
</DOMFrame>
<DOMFrame index="3" keyMode="9728">
  <elements>
                                        <DOMSymbolInstance libraryItemName="Symbol 45" symbolType="graphic" loop="loop">
  <matrix>
    <Matrix tx="-10.65" ty="6.4" a="0.9963531494140625" d="0.9963531494140625" b="-0.0789337158203125" c="0.0789337158203125"/>
  </matrix>
  <transformationPoint>
    <Point/>
  </transformationPoint>
</DOMSymbolInstance>
                                   </elements>
</DOMFrame>
<DOMFrame index="4" keyMode="9728">
  <elements>
                                        <DOMSymbolInstance libraryItemName="Symbol 45" symbolType="graphic" loop="loop">
  <matrix>
    <Matrix tx="-13.05" ty="8.0" a="0.994659423828125" d="0.994659423828125" b="-0.0968475341796875" c="0.0968475341796875"/>
  </matrix>
  <transformationPoint>
    <Point/>
  </transformationPoint>
</DOMSymbolInstance>
                                   </elements>
</DOMFrame>
<DOMFrame index="5" keyMode="9728">
  <elements>
                                        <DOMSymbolInstance libraryItemName="Symbol 45" symbolType="graphic" loop="loop">
  <matrix>
    <Matrix tx="-15.2" ty="9.5" a="0.9927520751953125" d="0.9927520751953125" b="-0.113861083984375" c="0.113861083984375"/>
  </matrix>
  <transformationPoint>
    <Point/>
  </transformationPoint>
</DOMSymbolInstance>
                                   </elements>
</DOMFrame>
<DOMFrame index="6" keyMode="9728">
  <elements>
                                        <DOMSymbolInstance libraryItemName="Symbol 45" symbolType="graphic" loop="loop">
  <matrix>
    <Matrix tx="-16.85" ty="10.65" a="0.9911041259765625" d="0.9911041259765625" b="-0.126708984375" c="0.126708984375"/>
  </matrix>
  <transformationPoint>
    <Point/>
  </transformationPoint>
</DOMSymbolInstance>
                                   </elements>
</DOMFrame>
<DOMFrame index="7" keyMode="9728">
  <elements>
                                        <DOMSymbolInstance libraryItemName="Symbol 45" symbolType="graphic" loop="loop">
  <matrix>
    <Matrix tx="-18.0" ty="11.5" a="0.989898681640625" d="0.989898681640625" b="-0.1353912353515625" c="0.1353912353515625"/>
  </matrix>
  <transformationPoint>
    <Point/>
  </transformationPoint>
</DOMSymbolInstance>
                                   </elements>
</DOMFrame>
<DOMFrame index="8" keyMode="9728">
  <elements>
                                        <DOMSymbolInstance libraryItemName="Symbol 45" symbolType="graphic" loop="loop">
  <matrix>
    <Matrix tx="-18.55" ty="11.95" a="0.989227294921875" d="0.989227294921875" b="-0.1399688720703125" c="0.1399688720703125"/>
  </matrix>
  <transformationPoint>
    <Point/>
  </transformationPoint>
</DOMSymbolInstance>
                                   </elements>
</DOMFrame>
<DOMFrame index="9" keyMode="9728">
  <elements>
                                        <DOMSymbolInstance libraryItemName="Symbol 45" symbolType="graphic" loop="loop">
  <matrix>
    <Matrix tx="-19.15" ty="12.25" a="0.9890594482421875" d="0.9890594482421875" b="-0.144287109375" c="0.144287109375"/>
  </matrix>
  <transformationPoint>
    <Point/>
  </transformationPoint>
</DOMSymbolInstance>
                                   </elements>
</DOMFrame>
                         </frames>
                    </DOMLayer>
                    <DOMLayer name="Layer 6" color="#b38f7b">
                         <frames>
                              <DOMFrame index="0" duration="10" keyMode="9728">
  <elements>
                                        <DOMSymbolInstance libraryItemName="Symbol 43" symbolType="graphic" loop="loop">
  <matrix>
    <Matrix tx="75.1" ty="162.9"/>
  </matrix>
  <transformationPoint>
    <Point/>
  </transformationPoint>
</DOMSymbolInstance>
                                   </elements>
</DOMFrame>
                         </frames>
                    </DOMLayer>
                    <DOMLayer name="Layer 7" color="#a86b8f">
                         <frames>
                              <DOMFrame index="0" keyMode="9728">
  <elements>
                                        <DOMSymbolInstance libraryItemName="Symbol 42" symbolType="graphic" loop="loop">
  <matrix>
    <Matrix tx="65.05" ty="164.5"/>
  </matrix>
  <transformationPoint>
    <Point/>
  </transformationPoint>
</DOMSymbolInstance>
                                   </elements>
</DOMFrame>
<DOMFrame index="1" keyMode="9728">
  <elements>
                                        <DOMSymbolInstance libraryItemName="Symbol 42" symbolType="graphic" loop="loop">
  <matrix>
    <Matrix tx="65.75" ty="163.15" a="0.9787445068359375" d="0.9787445068359375" b="0.200286865234375" c="-0.200286865234375"/>
  </matrix>
  <transformationPoint>
    <Point/>
  </transformationPoint>
</DOMSymbolInstance>
                                   </elements>
</DOMFrame>
<DOMFrame index="2" keyMode="9728">
  <elements>
                                        <DOMSymbolInstance libraryItemName="Symbol 42" symbolType="graphic" loop="loop">
  <matrix>
    <Matrix tx="66.75" ty="162.0" a="0.9252777099609375" d="0.9252777099609375" b="0.37469482421875" c="-0.37469482421875"/>
  </matrix>
  <transformationPoint>
    <Point/>
  </transformationPoint>
</DOMSymbolInstance>
                                   </elements>
</DOMFrame>
<DOMFrame index="3" keyMode="9728">
  <elements>
                                        <DOMSymbolInstance libraryItemName="Symbol 42" symbolType="graphic" loop="loop">
  <matrix>
    <Matrix tx="67.65" ty="161.3" a="0.8546600341796875" d="0.8546600341796875" b="0.5147857666015625" c="-0.5147857666015625"/>
  </matrix>
  <transformationPoint>
    <Point/>
  </transformationPoint>
</DOMSymbolInstance>
                                   </elements>
</DOMFrame>
<DOMFrame index="4" keyMode="9728">
  <elements>
                                        <DOMSymbolInstance libraryItemName="Symbol 42" symbolType="graphic" loop="loop">
  <matrix>
    <Matrix tx="68.55" ty="160.7" a="0.779388427734375" d="0.779388427734375" b="0.6223297119140625" c="-0.6223297119140625"/>
  </matrix>
  <transformationPoint>
    <Point/>
  </transformationPoint>
</DOMSymbolInstance>
                                   </elements>
</DOMFrame>
<DOMFrame index="5" keyMode="9728">
  <elements>
                                        <DOMSymbolInstance libraryItemName="Symbol 42" symbolType="graphic" loop="loop">
  <matrix>
    <Matrix tx="69.35" ty="160.35" a="0.70672607421875" d="0.70672607421875" b="0.7034454345703125" c="-0.7034454345703125"/>
  </matrix>
  <transformationPoint>
    <Point/>
  </transformationPoint>
</DOMSymbolInstance>
                                   </elements>
</DOMFrame>
<DOMFrame index="6" keyMode="9728">
  <elements>
                                        <DOMSymbolInstance libraryItemName="Symbol 42" symbolType="graphic" loop="loop">
  <matrix>
    <Matrix tx="69.95" ty="160.25" a="0.6455078125" d="0.6455078125" b="0.7598724365234375" c="-0.7598724365234375"/>
  </matrix>
  <transformationPoint>
    <Point/>
  </transformationPoint>
</DOMSymbolInstance>
                                   </elements>
</DOMFrame>
<DOMFrame index="7" keyMode="9728">
  <elements>
                                        <DOMSymbolInstance libraryItemName="Symbol 42" symbolType="graphic" loop="loop">
  <matrix>
    <Matrix tx="70.4" ty="160.05" a="0.5979156494140625" d="0.5979156494140625" b="0.7978057861328125" c="-0.7978057861328125"/>
  </matrix>
  <transformationPoint>
    <Point/>
  </transformationPoint>
</DOMSymbolInstance>
                                   </elements>
</DOMFrame>
<DOMFrame index="8" keyMode="9728">
  <elements>
                                        <DOMSymbolInstance libraryItemName="Symbol 42" symbolType="graphic" loop="loop">
  <matrix>
    <Matrix tx="70.65" ty="160.0" a="0.5693511962890625" d="0.5693511962890625" b="0.8184051513671875" c="-0.8184051513671875"/>
  </matrix>
  <transformationPoint>
    <Point/>
  </transformationPoint>
</DOMSymbolInstance>
                                   </elements>
</DOMFrame>
<DOMFrame index="9" keyMode="9728">
  <elements>
                                        <DOMSymbolInstance libraryItemName="Symbol 42" symbolType="graphic" loop="loop">
  <matrix>
    <Matrix tx="70.75" ty="159.9" a="0.560028076171875" d="0.560028076171875" b="0.826629638671875" c="-0.826629638671875"/>
  </matrix>
  <transformationPoint>
    <Point/>
  </transformationPoint>
</DOMSymbolInstance>
                                   </elements>
</DOMFrame>
                         </frames>
                    </DOMLayer>
                    <DOMLayer name="Layer 8" color="#22fd76" current="true" isSelected="true">
                         <frames>
                              <DOMFrame index="0" keyMode="9728">
  <elements>
                                        <DOMSymbolInstance libraryItemName="Symbol 38" centerPoint3DX="631.8" centerPoint3DY="669.25">
  <matrix>
    <Matrix tx="27.0" ty="64.45" a="0.10589599609375" d="0.10589599609375"/>
  </matrix>
  <transformationPoint>
    <Point/>
  </transformationPoint>
</DOMSymbolInstance>
                                   </elements>
</DOMFrame>
<DOMFrame index="1" keyMode="9728">
  <elements>
                                        <DOMSymbolInstance libraryItemName="Symbol 38" centerPoint3DX="619.35" centerPoint3DY="656.3">
  <matrix>
    <Matrix tx="14.55" ty="51.5" a="0.131195068359375" d="0.131195068359375"/>
  </matrix>
  <transformationPoint>
    <Point/>
  </transformationPoint>
</DOMSymbolInstance>
                                   </elements>
</DOMFrame>
<DOMFrame index="2" keyMode="9728">
  <elements>
                                        <DOMSymbolInstance libraryItemName="Symbol 38" centerPoint3DX="606.9" centerPoint3DY="643.45">
  <matrix>
    <Matrix tx="2.1" ty="38.65" a="0.1565093994140625" d="0.1565093994140625"/>
  </matrix>
  <transformationPoint>
    <Point/>
  </transformationPoint>
</DOMSymbolInstance>
                                   </elements>
</DOMFrame>
<DOMFrame index="3" keyMode="9728">
  <elements>
                                        <DOMSymbolInstance libraryItemName="Symbol 38" centerPoint3DX="594.45" centerPoint3DY="630.5">
  <matrix>
    <Matrix tx="-10.35" ty="25.7" a="0.1818084716796875" d="0.1818084716796875"/>
  </matrix>
  <transformationPoint>
    <Point/>
  </transformationPoint>
</DOMSymbolInstance>
                                   </elements>
</DOMFrame>
<DOMFrame index="4" keyMode="9728">
  <elements>
                                        <DOMSymbolInstance libraryItemName="Symbol 38" centerPoint3DX="582.0" centerPoint3DY="617.6">
  <matrix>
    <Matrix tx="-22.8" ty="12.8" a="0.207122802734375" d="0.207122802734375"/>
  </matrix>
  <transformationPoint>
    <Point/>
  </transformationPoint>
</DOMSymbolInstance>
                                   </elements>
</DOMFrame>
<DOMFrame index="5" keyMode="9728">
  <elements>
                                        <DOMSymbolInstance libraryItemName="Symbol 38" centerPoint3DX="569.55" centerPoint3DY="604.7">
  <matrix>
    <Matrix tx="-35.25" ty="-0.1" a="0.232421875" d="0.232421875"/>
  </matrix>
  <transformationPoint>
    <Point/>
  </transformationPoint>
</DOMSymbolInstance>
                                   </elements>
</DOMFrame>
<DOMFrame index="6" keyMode="9728">
  <elements>
                                        <DOMSymbolInstance libraryItemName="Symbol 38" centerPoint3DX="557.1" centerPoint3DY="591.8">
  <matrix>
    <Matrix tx="-47.7" ty="-13.0" a="0.2577362060546875" d="0.2577362060546875"/>
  </matrix>
  <transformationPoint>
    <Point/>
  </transformationPoint>
</DOMSymbolInstance>
                                   </elements>
</DOMFrame>
<DOMFrame index="7" keyMode="9728">
  <elements>
                                        <DOMSymbolInstance libraryItemName="Symbol 38" centerPoint3DX="544.65" centerPoint3DY="578.85">
  <matrix>
    <Matrix tx="-60.15" ty="-25.95" a="0.2830352783203125" d="0.2830352783203125"/>
  </matrix>
  <transformationPoint>
    <Point/>
  </transformationPoint>
</DOMSymbolInstance>
                                   </elements>
</DOMFrame>
<DOMFrame index="8" keyMode="9728">
  <elements>
                                        <DOMSymbolInstance libraryItemName="Symbol 38" centerPoint3DX="532.2" centerPoint3DY="565.95">
  <matrix>
    <Matrix tx="-72.6" ty="-38.85" a="0.308349609375" d="0.308349609375"/>
  </matrix>
  <transformationPoint>
    <Point/>
  </transformationPoint>
</DOMSymbolInstance>
                                   </elements>
</DOMFrame>
<DOMFrame index="9" keyMode="9728">
  <elements>
                                        <DOMSymbolInstance libraryItemName="Symbol 38" centerPoint3DX="519.7" centerPoint3DY="553.05">
  <matrix>
    <Matrix tx="-85.1" ty="-51.75" a="0.333648681640625" d="0.333648681640625"/>
  </matrix>
  <transformationPoint>
    <Point/>
  </transformationPoint>
</DOMSymbolInstance>
                                   </elements>
</DOMFrame>
                         </frames>
                    </DOMLayer>
      </layers>
    </DOMTimeline>
  </timeline>
</DOMSymbolItem>
