<DOMSymbolItem xmlns="http://ns.adobe.com/xfl/2008/" xmlns:xsi="http://www.w3.org/2001/XMLSchema-instance" name="Symbol 197" lastModified="1635072455" symbolType="graphic">
  <timeline>
    <DOMTimeline name="Symbol 197" currentFrame="0">
      <layers>
        <DOMLayer name="Layer 1">
          <frames>
            <DOMFrame index="0" motionTweenScale="false" keyMode="8192">
              <elements>
<DOMShape isFloating="true">
                                             <fills>
  <FillStyle index="1">
    <SolidColor color="#000000"/>
  </FillStyle>
</fills>
                                             <strokes/>
  <edges>
    <Edge fillStyle0="0" fillStyle1="0" strokeStyle="0" edges="!4923 3439! 0 0"/>
    <Edge fillStyle0="1" fillStyle1="0" strokeStyle="0" edges="!0 0! 5456 4212| 5437 5716| 5338 5683| 5396 4212| 5456 4212"/>
  </edges>
</DOMShape>
                                   </elements>
            </DOMFrame>
          </frames>
        </DOMLayer>
        <DOMLayer name="Layer 2">
          <frames>
            <DOMFrame index="0" motionTweenScale="false" keyMode="8192">
              <elements>
<DOMShape isFloating="true">
                                             <fills>
  <FillStyle index="1">
    <SolidColor color="#aa0000"/>
  </FillStyle>
  <FillStyle index="2">
    <SolidColor color="#ff6666"/>
  </FillStyle>
</fills>
                                             <strokes/>
  <edges>
    <Edge fillStyle0="0" fillStyle1="0" strokeStyle="0" edges="!0 0! 0 0"/>
    <Edge fillStyle0="0" fillStyle1="1" strokeStyle="0" edges="!0 0! 4923 3439| 4840 3439| 4891 3186[ 5739 2988 6587 3205| 6670 3429| 6596 3430"/>
    <Edge fillStyle0="0" fillStyle1="2" strokeStyle="0" edges="!6596 3430[ 5733 3622 4923 3439"/>
    <Edge fillStyle0="1" fillStyle1="2" strokeStyle="0" edges="!4923 3439[ 5759 3223 6596 3430"/>
  </edges>
</DOMShape>
                                   </elements>
            </DOMFrame>
          </frames>
        </DOMLayer>
        <DOMLayer name="Layer 3">
          <frames>
            <DOMFrame index="0" motionTweenScale="false" keyMode="8192">
              <elements>
<DOMShape isFloating="true">
                                             <fills>
  <FillStyle index="1">
    <SolidColor color="#ffa800"/>
  </FillStyle>
</fills>
                                             <strokes/>
  <edges>
    <Edge fillStyle0="0" fillStyle1="0" strokeStyle="0" edges="!0 0! 0 0"/>
    <Edge fillStyle0="1" fillStyle1="0" strokeStyle="0" edges="!0 0! 6006 2138[ 5424 1989 5051 2198[ 4753 2365 4602 2750[ 4495 3026 4472 3383[ 4460 3561 4470 3685| 4524 3665[ 4526 3542 4551 3365[ 4601 3012 4717 2742[ 4880 2364 5154 2207[ 5496 2011 5992 2173[ 6283 2065 6484 2273[ 6645 2440 6741 2801[ 6810 3058 6839 3387[ 6854 3552 6855 3665| 6938 3700[ 6937 3587 6922 3422[ 6891 3092 6818 2829[ 6715 2461 6541 2281[ 6323 2056 6006 2138"/>
  </edges>
</DOMShape>
                                   </elements>
            </DOMFrame>
          </frames>
        </DOMLayer>
        <DOMLayer name="Layer 4">
          <frames>
            <DOMFrame index="0" motionTweenScale="false" keyMode="8192">
              <elements>
<DOMShape isFloating="true">
                                             <fills>
  <FillStyle index="1">
    <SolidColor color="#f69c6b"/>
  </FillStyle>
</fills>
                                             <strokes/>
  <edges>
    <Edge fillStyle0="0" fillStyle1="0" strokeStyle="0" edges="!0 0! 0 0"/>
    <Edge fillStyle0="1" fillStyle1="0" strokeStyle="0" edges="!0 0! 5815 4008| 5797 4088| 5854 4062| 5815 4008"/>
  </edges>
</DOMShape>
                                   </elements>
            </DOMFrame>
          </frames>
        </DOMLayer>
        <DOMLayer name="Layer 5">
          <frames>
            <DOMFrame index="0" motionTweenScale="false" keyMode="8192">
              <elements>
<DOMShape isFloating="true">
                                             <fills>
  <FillStyle index="1">
    <SolidColor color="#000000"/>
  </FillStyle>
</fills>
                                             <strokes/>
  <edges>
    <Edge fillStyle0="0" fillStyle1="0" strokeStyle="0" edges="!0 0! 0 0"/>
    <Edge fillStyle0="0" fillStyle1="1" strokeStyle="0" edges="!0 0! 5655 4250| 5709 4263[ 5789 4275 5908 4268[ 6133 4255 6158 4194[ 6165 4177 6113 4165| 6150 4168[ 6188 4174 6191 4194[ 6193 4222 6112 4255[ 6022 4290 5915 4290[ 5819 4290 5727 4270| 5655 4250"/>
  </edges>
</DOMShape>
                                   </elements>
            </DOMFrame>
          </frames>
        </DOMLayer>
        <DOMLayer name="Layer 6">
          <frames>
            <DOMFrame index="0" motionTweenScale="false" keyMode="8192">
              <elements>
<DOMShape isFloating="true">
                                             <fills>
  <FillStyle index="1">
    <SolidColor color="#000000"/>
  </FillStyle>
</fills>
                                             <strokes/>
  <edges>
    <Edge fillStyle0="0" fillStyle1="0" strokeStyle="0" edges="!0 0! 0 0"/>
    <Edge fillStyle0="1" fillStyle1="0" strokeStyle="0" edges="!0 0! 5446 4235[ 5446 4259 5530 4268| 5582 4264[ 5605 4257 5603 4246[ 5601 4239 5592 4242| 5526 4250[ 5482 4250 5457 4234| 5448 4228[ 5446 4227 5446 4235"/>
  </edges>
</DOMShape>
                                   </elements>
            </DOMFrame>
          </frames>
        </DOMLayer>
        <DOMLayer name="Layer 7">
          <frames>
            <DOMFrame index="0" motionTweenScale="false" keyMode="8192">
              <elements>
<DOMShape isFloating="true">
                                             <fills>
  <FillStyle index="1">
    <SolidColor color="#000000"/>
  </FillStyle>
</fills>
                                             <strokes/>
  <edges>
    <Edge fillStyle0="0" fillStyle1="0" strokeStyle="0" edges="!0 0! 0 0"/>
    <Edge fillStyle0="0" fillStyle1="1" strokeStyle="0" edges="!0 0! 5286 3751[ 5286 3810 5250 3810[ 5236 3810 5225 3793[ 5215 3775 5215 3751[ 5215 3691 5250 3691[ 5286 3691 5286 3751"/>
  </edges>
</DOMShape>
                                   </elements>
            </DOMFrame>
          </frames>
        </DOMLayer>
        <DOMLayer name="Layer 8">
          <frames>
            <DOMFrame index="0" motionTweenScale="false" keyMode="8192">
              <elements>
<DOMShape isFloating="true">
                                             <fills>
  <FillStyle index="1">
    <SolidColor color="#000000"/>
  </FillStyle>
</fills>
                                             <strokes/>
  <edges>
    <Edge fillStyle0="0" fillStyle1="0" strokeStyle="0" edges="!0 0! 0 0"/>
    <Edge fillStyle0="0" fillStyle1="1" strokeStyle="0" edges="!0 0! 4973 3459[ 5050 3406 5156 3410[ 5327 3417 5383 3477[ 5394 3497 5357 3488[ 5232 3441 5156 3436[ 5061 3429 4980 3471| 4918 3514| 4931 3497| 4973 3459"/>
  </edges>
</DOMShape>
                                   </elements>
            </DOMFrame>
          </frames>
        </DOMLayer>
        <DOMLayer name="Layer 9">
          <frames>
            <DOMFrame index="0" motionTweenScale="false" keyMode="8192">
              <elements>
<DOMShape isFloating="true">
                                             <fills>
  <FillStyle index="1">
    <SolidColor color="#000000"/>
  </FillStyle>
</fills>
                                             <strokes/>
  <edges>
    <Edge fillStyle0="0" fillStyle1="0" strokeStyle="0" edges="!0 0! 0 0"/>
    <Edge fillStyle0="1" fillStyle1="0" strokeStyle="0" edges="!0 0! 6186 3677[ 6151 3677 6151 3737[ 6151 3797 6186 3797[ 6222 3797 6222 3737[ 6222 3677 6186 3677"/>
  </edges>
</DOMShape>
                                   </elements>
            </DOMFrame>
          </frames>
        </DOMLayer>
        <DOMLayer name="Layer 10">
          <frames>
            <DOMFrame index="0" motionTweenScale="false" keyMode="8192">
              <elements>
<DOMShape isFloating="true">
                                             <fills>
  <FillStyle index="1">
    <SolidColor color="#000000"/>
  </FillStyle>
</fills>
                                             <strokes/>
  <edges>
    <Edge fillStyle0="0" fillStyle1="0" strokeStyle="0" edges="!0 0! 0 0"/>
    <Edge fillStyle0="1" fillStyle1="0" strokeStyle="0" edges="!0 0! 6055 3463| 6053 3472| 6080 3474| 6166 3447[ 6234 3425 6280 3422[ 6375 3415 6456 3457[ 6497 3478 6519 3500[ 6502 3473 6463 3445[ 6387 3392 6280 3397[ 6173 3401 6103 3432| 6055 3463"/>
  </edges>
</DOMShape>
                                   </elements>
            </DOMFrame>
          </frames>
        </DOMLayer>
        <DOMLayer name="Layer 11">
          <frames>
            <DOMFrame index="0" motionTweenScale="false" keyMode="8192">
              <elements>
<DOMShape isFloating="true">
                                             <fills>
  <FillStyle index="1">
    <SolidColor color="#000000"/>
  </FillStyle>
</fills>
                                             <strokes/>
  <edges>
    <Edge fillStyle0="0" fillStyle1="0" strokeStyle="0" edges="!0 0! 0 0"/>
    <Edge fillStyle0="0" fillStyle1="1" strokeStyle="0" edges="!0 0! 6840 4056| 6895 3991| 6965 4347[ 7046 4706 7097 4723[ 7022 4747 6905 4658| 6802 4565| 6693 4745| 6633 4658| 6464 4777| 6490 4587| 6556 4576| 6519 4691| 6644 4603| 6698 4663| 6791 4494| 6860 4559[ 6934 4625 6998 4665[ 6947 4595 6840 4056"/>
  </edges>
</DOMShape>
                                   </elements>
            </DOMFrame>
          </frames>
        </DOMLayer>
        <DOMLayer name="Layer 12">
          <frames>
            <DOMFrame index="0" motionTweenScale="false" keyMode="8192">
              <elements>
<DOMShape isFloating="true">
                                             <fills>
  <FillStyle index="1">
    <SolidColor color="#000000"/>
  </FillStyle>
</fills>
                                             <strokes/>
  <edges>
    <Edge fillStyle0="0" fillStyle1="0" strokeStyle="0" edges="!0 0! 0 0"/>
    <Edge fillStyle0="1" fillStyle1="0" strokeStyle="0" edges="!0 0! 4634 4417[ 4517 4570 4410 4637[ 4461 4567 4568 4029| 4513 3963| 4443 4319[ 4362 4679 4311 4696[ 4386 4719 4509 4609[ 4571 4554 4617 4494| 4694 4734| 4776 4609| 4951 4680| 4918 4559| 4852 4548| 4896 4620| 4770 4548| 4710 4636| 4634 4417"/>
  </edges>
</DOMShape>
                                   </elements>
            </DOMFrame>
          </frames>
        </DOMLayer>
        <DOMLayer name="Layer 13">
          <frames>
            <DOMFrame index="0" motionTweenScale="false" keyMode="8192">
              <elements>
<DOMShape isFloating="true">
                                             <fills>
  <FillStyle index="1">
    <SolidColor color="#000000"/>
  </FillStyle>
</fills>
                                             <strokes/>
  <edges>
    <Edge fillStyle0="0" fillStyle1="0" strokeStyle="0" edges="!0 0! 0 0"/>
    <Edge fillStyle0="1" fillStyle1="0" strokeStyle="0" edges="!0 0! 6099 2046[ 6219 2055 6335 2099[ 6709 2241 6906 2689[ 6959 2805 6953 3264[ 6951 3494 6938 3700| 6975 3769[ 6998 3584 7007 3351[ 7025 2885 6953 2647[ 6867 2358 6588 2161[ 6306 1961 6005 1985| 5868 1971[ 5709 1955 5561 1964[ 5074 1993 4721 2280[ 4366 2568 4376 3203[ 4381 3520 4456 3780| 4493 3716[ 4424 3481 4427 3190[ 4432 2607 4790 2323[ 5148 2039 5610 2015[ 5842 2002 6002 2047| 6099 2046"/>
  </edges>
</DOMShape>
                                   </elements>
            </DOMFrame>
          </frames>
        </DOMLayer>
        <DOMLayer name="Layer 14">
          <frames>
            <DOMFrame index="0" motionTweenScale="false" keyMode="8192">
              <elements>
<DOMShape isFloating="true">
                                             <fills>
  <FillStyle index="1">
    <SolidColor color="#000000"/>
  </FillStyle>
</fills>
                                             <strokes/>
  <edges>
    <Edge fillStyle0="0" fillStyle1="0" strokeStyle="0" edges="!0 0! 0 0"/>
    <Edge fillStyle0="1" fillStyle1="0" strokeStyle="0" edges="!0 0! 6448 3299[ 6180 2958 6147 2890[ 6135 2987 5914 3316[ 5929 3291 5923 3202[ 5910 3021 5800 2691[ 5783 2693 5793 2855[ 5803 3036 5772 3095[ 5765 3095 5744 3064| 5689 2988[ 5593 2865 5472 2801[ 5593 2900 5686 3061[ 5733 3141 5755 3202[ 5834 3111 5841 3064[ 5878 3203 5862 3514| 5988 3350[ 6124 3156 6169 3004[ 6204 3128 6487 3406| 6504 3174| 6606 3385[ 6709 3609 6720 3674[ 6737 3775 6703 3509| 6465 3015| 6448 3299"/>
  </edges>
</DOMShape>
                                   </elements>
            </DOMFrame>
          </frames>
        </DOMLayer>
        <DOMLayer name="Layer 15">
          <frames>
            <DOMFrame index="0" motionTweenScale="false" keyMode="8192">
              <elements>
<DOMShape isFloating="true">
                                             <fills>
  <FillStyle index="1">
    <SolidColor color="#000000"/>
  </FillStyle>
</fills>
                                             <strokes/>
  <edges>
    <Edge fillStyle0="0" fillStyle1="0" strokeStyle="0" edges="!0 0! 0 0"/>
    <Edge fillStyle0="0" fillStyle1="1" strokeStyle="0" edges="!0 0! 5373 3189[ 5141 3501 5017 3537[ 5007 3532 5044 3301[ 5081 3074 5063 3077[ 5035 3082 4869 3440[ 4700 3805 4667 3947[ 4608 4018 4722 3605[ 4809 3432 4905 3257[ 5096 2909 5142 2901[ 5184 2895 5136 3153[ 5084 3422 5091 3429[ 5159 3395 5579 2884[ 5488 3033 5373 3189"/>
  </edges>
</DOMShape>
                                   </elements>
            </DOMFrame>
          </frames>
        </DOMLayer>
        <DOMLayer name="Layer 16">
          <frames>
            <DOMFrame index="0" motionTweenScale="false" keyMode="8192">
              <elements>
<DOMShape isFloating="true">
                                             <fills>
  <FillStyle index="1">
    <SolidColor color="#000000"/>
  </FillStyle>
</fills>
                                             <strokes/>
  <edges>
    <Edge fillStyle0="0" fillStyle1="0" strokeStyle="0" edges="!0 0! 0 0"/>
    <Edge fillStyle0="0" fillStyle1="1" strokeStyle="0" edges="!0 0! 4719 3622[ 4726 3638 4679 3651[ 4599 3672 4567 3690[ 4498 3728 4492 3799[ 4485 3872 4536 3944[ 4560 3978 4623 4036[ 4653 4067 4640 4077[ 4586 4070 4534 4031[ 4432 3954 4446 3799[ 4461 3642 4591 3617| 4719 3622"/>
  </edges>
</DOMShape>
                                   </elements>
            </DOMFrame>
          </frames>
        </DOMLayer>
        <DOMLayer name="Layer 17">
          <frames>
            <DOMFrame index="0" motionTweenScale="false" keyMode="8192">
              <elements>
<DOMShape isFloating="true">
                                             <fills>
  <FillStyle index="1">
    <SolidColor color="#000000"/>
  </FillStyle>
</fills>
                                             <strokes/>
  <edges>
    <Edge fillStyle0="0" fillStyle1="0" strokeStyle="0" edges="!0 0! 0 0"/>
    <Edge fillStyle0="1" fillStyle1="0" strokeStyle="0" edges="!0 0! 6717 3632[ 6725 3643 6754 3651[ 6835 3672 6867 3690[ 6936 3728 6941 3799[ 6948 3872 6897 3944[ 6873 3978 6811 4036[ 6791 4056 6791 4068[ 6791 4074 6794 4077| 6828 4069[ 6867 4055 6899 4031[ 7001 3954 6987 3799[ 6972 3642 6842 3617| 6754 3615| 6714 3622| 6717 3632"/>
  </edges>
</DOMShape>
                                   </elements>
            </DOMFrame>
          </frames>
        </DOMLayer>
        <DOMLayer name="Layer 18">
          <frames>
            <DOMFrame index="0" motionTweenScale="false" keyMode="8192">
              <elements>
<DOMShape isFloating="true">
                                             <fills>
  <FillStyle index="1">
    <SolidColor color="#000000"/>
  </FillStyle>
</fills>
                                             <strokes/>
  <edges>
    <Edge fillStyle0="0" fillStyle1="0" strokeStyle="0" edges="!0 0! 0 0"/>
    <Edge fillStyle0="0" fillStyle1="1" strokeStyle="0" edges="!0 0! 4739 3571| 4719 3651[ 4696 3750 4681 3846[ 4633 4151 4683 4304[ 4739 4476 5089 4597[ 5406 4707 5732 4707[ 6062 4706 6382 4609[ 6736 4502 6771 4355[ 6803 4224 6737 3805| 6664 3412| 6704 3513[ 6750 3638 6784 3759[ 6893 4146 6840 4349[ 6782 4565 6405 4675[ 6121 4757 5744 4764[ 5402 4768 5049 4656[ 4639 4524 4592 4326[ 4549 4145 4640 3840[ 4668 3744 4706 3648| 4739 3571"/>
  </edges>
</DOMShape>
                                   </elements>
            </DOMFrame>
          </frames>
        </DOMLayer>
        <DOMLayer name="Layer 19">
          <frames>
            <DOMFrame index="0" motionTweenScale="false" keyMode="8192">
              <elements>
<DOMShape isFloating="true">
                                             <fills>
  <FillStyle index="1">
    <SolidColor color="#f4a057"/>
  </FillStyle>
</fills>
                                             <strokes/>
  <edges>
    <Edge fillStyle0="0" fillStyle1="0" strokeStyle="0" edges="!0 0! 0 0"/>
    <Edge fillStyle0="1" fillStyle1="0" strokeStyle="0" edges="!0 0! 4663 3694[ 4607 3712 4571 3777[ 4535 3841 4579 3917[ 4601 3956 4629 3980| 4713 3689| 4663 3694"/>
  </edges>
</DOMShape>
                                   </elements>
            </DOMFrame>
          </frames>
        </DOMLayer>
        <DOMLayer name="Layer 20">
          <frames>
            <DOMFrame index="0" motionTweenScale="false" keyMode="8192">
              <elements>
<DOMShape isFloating="true">
                                             <fills>
  <FillStyle index="1">
    <SolidColor color="#f4a057"/>
  </FillStyle>
</fills>
                                             <strokes/>
  <edges>
    <Edge fillStyle0="0" fillStyle1="0" strokeStyle="0" edges="!0 0! 0 0"/>
    <Edge fillStyle0="1" fillStyle1="0" strokeStyle="0" edges="!0 0! 5054 3019| 4600 4005| 4596 4062[ 4594 4132 4606 4199[ 4644 4412 4799 4509[ 4957 4606 5389 4679| 5848 4742[ 6311 4723 6594 4550[ 6735 4463 6784 4379[ 6695 4441 6534 4505[ 6212 4634 5848 4650[ 5464 4666 5139 4495[ 5017 4430 4922 4348[ 4842 4279 4808 4222[ 4759 4138 4901 3570| 5054 3019"/>
  </edges>
</DOMShape>
                                   </elements>
            </DOMFrame>
          </frames>
        </DOMLayer>
        <DOMLayer name="Layer 21">
          <frames>
            <DOMFrame index="0" motionTweenScale="false" keyMode="8192">
              <elements>
<DOMShape isFloating="true">
                                             <fills>
  <FillStyle index="1">
    <SolidColor color="#f4a057"/>
  </FillStyle>
</fills>
                                             <strokes/>
  <edges>
    <Edge fillStyle0="0" fillStyle1="0" strokeStyle="0" edges="!0 0! 0 0"/>
    <Edge fillStyle0="1" fillStyle1="0" strokeStyle="0" edges="!0 0! 5579 2884| 5066 3489| 5122 3001| 5045 3069| 5009 3286[ 4978 3510 5003 3552[ 5081 3599 5338 3246[ 5467 3070 5579 2884"/>
  </edges>
</DOMShape>
                                   </elements>
            </DOMFrame>
          </frames>
        </DOMLayer>
        <DOMLayer name="Layer 22">
          <frames>
            <DOMFrame index="0" motionTweenScale="false" keyMode="8192">
              <elements>
<DOMShape isFloating="true">
                                             <fills>
  <FillStyle index="1">
    <SolidColor color="#f4a057"/>
  </FillStyle>
</fills>
                                             <strokes/>
  <edges>
    <Edge fillStyle0="0" fillStyle1="0" strokeStyle="0" edges="!0 0! 0 0"/>
    <Edge fillStyle0="0" fillStyle1="1" strokeStyle="0" edges="!0 0! 6525 3240| 6505 3448| 6188 3123| 5827 3585| 5827 3153| 5747 3252| 5565 2883| 5756 3148| 5852 3045| 5902 3419| 6168 2965| 6475 3344| 6497 3153| 6575 3273| 6525 3240"/>
  </edges>
</DOMShape>
                                   </elements>
            </DOMFrame>
          </frames>
        </DOMLayer>
        <DOMLayer name="Layer 23">
          <frames>
            <DOMFrame index="0" motionTweenScale="false" keyMode="8192">
              <elements>
<DOMShape isFloating="true">
                                             <fills>
  <FillStyle index="1">
    <SolidColor color="#f4a057"/>
  </FillStyle>
</fills>
                                             <strokes/>
  <edges>
    <Edge fillStyle0="0" fillStyle1="0" strokeStyle="0" edges="!0 0! 0 0"/>
    <Edge fillStyle0="1" fillStyle1="0" strokeStyle="0" edges="!0 0! 6800 3930| 6855 3898[ 6907 3852 6883 3785[ 6860 3717 6803 3721| 6750 3739| 6800 3930"/>
  </edges>
</DOMShape>
                                   </elements>
            </DOMFrame>
          </frames>
        </DOMLayer>
        <DOMLayer name="Layer 24">
          <frames>
            <DOMFrame index="0" motionTweenScale="false" keyMode="8192">
              <elements>
<DOMShape isFloating="true">
                                             <fills>
  <FillStyle index="1">
    <SolidColor color="#f5be8b"/>
  </FillStyle>
</fills>
                                             <strokes/>
  <edges>
    <Edge fillStyle0="0" fillStyle1="0" strokeStyle="0" edges="!0 0! 0 0"/>
    <Edge fillStyle0="1" fillStyle1="0" strokeStyle="0" edges="!0 0! 5122 3001[ 5094 2982 4912 3310[ 4822 3474 4737 3642| 4611 3649[ 4481 3683 4464 3819[ 4454 3900 4614 4051| 4668 4414| 4745 4463[ 4845 4523 4963 4573[ 5341 4733 5758 4736[ 6175 4739 6524 4565[ 6698 4479 6789 4391| 6807 4064| 6835 4053| 6896 4012[ 6984 3936 6975 3814[ 6967 3692 6850 3655| 6770 3641| 6734 3642| 6503 3124| 6462 3351| 6176 2956| 5931 3419| 5853 2979| 5782 3128| 5578 2887[ 5077 3574 5045 3506[ 5030 3472 5089 3240[ 5145 3018 5122 3001"/>
  </edges>
</DOMShape>
                                   </elements>
            </DOMFrame>
          </frames>
        </DOMLayer>
        <DOMLayer name="Layer 25">
          <frames>
            <DOMFrame index="0" motionTweenScale="false" keyMode="8192">
              <elements>
<DOMShape isFloating="true">
                                             <fills>
  <FillStyle index="1">
    <SolidColor color="#ffa800"/>
  </FillStyle>
</fills>
                                             <strokes/>
  <edges>
    <Edge fillStyle0="0" fillStyle1="0" strokeStyle="0" edges="!0 0! 0 0"/>
    <Edge fillStyle0="0" fillStyle1="1" strokeStyle="0" edges="!0 0! 6444 2926| 6783 3507| 6951 3683| 6735 3674| 6519 3190| 6475 3344| 6169 3004| 5911 3454| 5841 2996| 5756 3149| 5572 2903| 5083 3463| 5088 3005| 4736 3642| 4656 3621[ 4776 3394 4905 3170[ 5163 2721 5207 2732[ 5188 2756 5182 3030| 5180 3300| 5462 2912[ 5489 2877 5392 2666| 5713 2912| 5793 2551| 5977 3058| 6132 2758| 6405 3119| 6444 2926"/>
  </edges>
</DOMShape>
                                   </elements>
            </DOMFrame>
          </frames>
        </DOMLayer>
        <DOMLayer name="Layer 26">
          <frames>
            <DOMFrame index="0" motionTweenScale="false" keyMode="8192">
              <elements>
<DOMShape isFloating="true">
                                             <fills>
  <FillStyle index="1">
    <SolidColor color="#ffa800"/>
  </FillStyle>
</fills>
                                             <strokes/>
  <edges>
    <Edge fillStyle0="0" fillStyle1="0" strokeStyle="0" edges="!0 0! 0 0"/>
    <Edge fillStyle0="1" fillStyle1="0" strokeStyle="0" edges="!0 0! 4586 4048| 4467 4550| 4621 4427| 4714 4612| 4740 4511| 4896 4620| 4859 4528| 4586 4048"/>
  </edges>
</DOMShape>
                                   </elements>
            </DOMFrame>
          </frames>
        </DOMLayer>
        <DOMLayer name="Layer 27">
          <frames>
            <DOMFrame index="0" motionTweenScale="false" keyMode="8192">
              <elements>
<DOMShape isFloating="true">
                                             <fills>
  <FillStyle index="1">
    <SolidColor color="#ffa800"/>
  </FillStyle>
</fills>
                                             <strokes/>
  <edges>
    <Edge fillStyle0="0" fillStyle1="0" strokeStyle="0" edges="!0 0! 0 0"/>
    <Edge fillStyle0="1" fillStyle1="0" strokeStyle="0" edges="!0 0! 6840 4056| 6554 4585| 6519 4691| 6638 4590| 6713 4607| 6810 4462| 6968 4603| 6840 4056"/>
  </edges>
</DOMShape>
                                   </elements>
            </DOMFrame>
          </frames>
        </DOMLayer>
        <DOMLayer name="Layer 28">
          <frames>
            <DOMFrame index="0" motionTweenScale="false" keyMode="8192">
              <elements>
<DOMShape isFloating="true">
                                             <fills>
  <FillStyle index="1">
    <SolidColor color="#ffbf00"/>
  </FillStyle>
</fills>
                                             <strokes/>
  <edges>
    <Edge fillStyle0="0" fillStyle1="0" strokeStyle="0" edges="!0 0! 0 0"/>
    <Edge fillStyle0="1" fillStyle1="0" strokeStyle="0" edges="!0 0! 6005 1985[ 5377 1970 4986 2157[ 4672 2307 4523 2577[ 4416 2771 4402 3006[ 4395 3124 4409 3203| 4416 3462[ 4433 3739 4489 3833[ 4546 3926 4475 4296[ 4439 4481 4393 4647| 4629 4473| 4720 4693| 4776 4609| 4930 4663| 4918 4559| 6500 4623| 6480 4743| 6633 4658| 6690 4703| 6811 4533| 7015 4674| 6895 3991| 6961 3703[ 6981 3603 6991 3452[ 7011 3149 6961 2890[ 6891 2527 6692 2305[ 6443 2027 6005 1985"/>
  </edges>
</DOMShape>
                                   </elements>
            </DOMFrame>
          </frames>
        </DOMLayer>
        <DOMLayer name="Layer 29">
          <frames>
            <DOMFrame index="0" motionTweenScale="false" keyMode="8192">
              <elements>
<DOMShape isFloating="true">
                                             <fills>
  <FillStyle index="1">
    <SolidColor color="#000000"/>
  </FillStyle>
</fills>
                                             <strokes/>
  <edges>
    <Edge fillStyle0="0" fillStyle1="0" strokeStyle="0" edges="!0 0! 0 0"/>
    <Edge fillStyle0="1" fillStyle1="0" strokeStyle="0" edges="!0 0! 5913 4749| 5901 4724| 5867 4732| 5892 4794[ 5896 4818 5877 4835[ 5856 4855 5815 4857[ 5752 4859 5733 4810[ 5727 4794 5739 4770| 5752 4749| 5722 4731| 5708 4763[ 5694 4798 5699 4814[ 5706 4840 5732 4859[ 5766 4884 5819 4881[ 5871 4879 5900 4848[ 5923 4825 5923 4796[ 5924 4777 5913 4749"/>
  </edges>
</DOMShape>
                                   </elements>
            </DOMFrame>
          </frames>
        </DOMLayer>
        <DOMLayer name="Layer 30">
          <frames>
            <DOMFrame index="0" motionTweenScale="false" keyMode="8192">
              <elements>
<DOMShape isFloating="true">
                                             <fills>
  <FillStyle index="1">
    <SolidColor color="#f4a057"/>
  </FillStyle>
</fills>
                                             <strokes/>
  <edges>
    <Edge fillStyle0="0" fillStyle1="0" strokeStyle="0" edges="!0 0! 0 0"/>
    <Edge fillStyle0="1" fillStyle1="0" strokeStyle="0" edges="!0 0! 5723 4803| 5763 4865| 5828 4869| 5897 4840| 5917 4781| 5916 4751| 5729 4746| 5723 4803"/>
  </edges>
</DOMShape>
                                   </elements>
            </DOMFrame>
          </frames>
        </DOMLayer>
        <DOMLayer name="Layer 31">
          <frames>
            <DOMFrame index="0" motionTweenScale="false" keyMode="8192">
              <elements>
<DOMShape isFloating="true">
                                             <fills>
  <FillStyle index="1">
    <SolidColor color="#000000"/>
  </FillStyle>
</fills>
                                             <strokes/>
  <edges>
    <Edge fillStyle0="0" fillStyle1="0" strokeStyle="0" edges="!0 0! 0 0"/>
    <Edge fillStyle0="1" fillStyle1="0" strokeStyle="0" edges="!0 0! 5944 4994| 5910 5049[ 5908 5060 5923 5158[ 5936 5251 5929 5265[ 5922 5283 5882 5292| 5808 5298[ 5687 5289 5664 5244[ 5654 5225 5679 5142| 5707 5043[ 5707 5029 5682 4997[ 5649 4955 5635 4923[ 5616 4882 5661 4825[ 5683 4797 5709 4776| 5696 4736[ 5666 4760 5639 4794[ 5584 4862 5593 4911[ 5601 4955 5633 4991[ 5661 5023 5662 5038| 5640 5146[ 5621 5235 5632 5257[ 5647 5286 5705 5314[ 5761 5341 5802 5342[ 5843 5343 5908 5321[ 5973 5299 5977 5280[ 5980 5268 5959 5169[ 5938 5071 5943 5055| 5986 4999[ 6021 4952 6024 4900[ 6028 4844 5965 4779| 5901 4723| 5893 4781| 5944 4813[ 5994 4853 5986 4902[ 5977 4946 5944 4994"/>
  </edges>
</DOMShape>
                                   </elements>
            </DOMFrame>
          </frames>
        </DOMLayer>
        <DOMLayer name="Layer 32">
          <frames>
            <DOMFrame index="0" motionTweenScale="false" keyMode="8192">
              <elements>
<DOMShape isFloating="true">
                                             <fills>
  <FillStyle index="1">
    <SolidColor color="#dbe6eb"/>
  </FillStyle>
</fills>
                                             <strokes/>
  <edges>
    <Edge fillStyle0="0" fillStyle1="0" strokeStyle="0" edges="!0 0! 0 0"/>
    <Edge fillStyle0="1" fillStyle1="0" strokeStyle="0" edges="!0 0! 5702 4773| 5653 4821[ 5603 4874 5603 4894[ 5603 4913 5649 4984| 5695 5051| 5646 5237| 5677 5271[ 5723 5306 5803 5313[ 5883 5321 5887 5312[ 5889 5308 5875 5302[ 5808 5247 5802 5181[ 5801 5166 5860 5109[ 5923 5046 5931 5028[ 5893 5035 5847 5008| 5808 4979[ 5736 5028 5705 5001[ 5670 4972 5664 4902[ 5661 4870 5685 4835| 5709 4806| 5702 4773"/>
  </edges>
</DOMShape>
                                   </elements>
            </DOMFrame>
          </frames>
        </DOMLayer>
        <DOMLayer name="Layer 33">
          <frames>
            <DOMFrame index="0" motionTweenScale="false" keyMode="8192">
              <elements>
<DOMShape isFloating="true">
                                             <fills>
  <FillStyle index="1">
    <SolidColor color="#ffffff"/>
  </FillStyle>
</fills>
                                             <strokes/>
  <edges>
    <Edge fillStyle0="0" fillStyle1="0" strokeStyle="0" edges="!0 0! 0 0"/>
    <Edge fillStyle0="1" fillStyle1="0" strokeStyle="0" edges="!0 0! 5632 5257| 5799 5324| 5962 5280| 5927 5052| 6007 4900| 5903 4753| 5720 4748| 5610 4870| 5685 5017| 5632 5257"/>
  </edges>
</DOMShape>
                                   </elements>
            </DOMFrame>
          </frames>
        </DOMLayer>
        <DOMLayer name="Layer 34">
          <frames>
            <DOMFrame index="0" motionTweenScale="false" keyMode="8192">
              <elements>
<DOMShape isFloating="true">
                                             <fills>
  <FillStyle index="1">
    <SolidColor color="#ff0000"/>
  </FillStyle>
</fills>
                                             <strokes/>
  <edges>
    <Edge fillStyle0="0" fillStyle1="0" strokeStyle="0" edges="!0 0! 0 0"/>
    <Edge fillStyle0="1" fillStyle1="0" strokeStyle="0" edges="!0 0! 5769 5653[ 5750 5668 5695 5670| 5634 5664| 5616 5657| 5615 5666[ 5616 5676 5626 5684| 5702 5693[ 5759 5692 5767 5682[ 5776 5671 5769 5653"/>
  </edges>
</DOMShape>
                                   </elements>
            </DOMFrame>
          </frames>
        </DOMLayer>
        <DOMLayer name="Layer 35">
          <frames>
            <DOMFrame index="0" motionTweenScale="false" keyMode="8192">
              <elements>
<DOMShape isFloating="true">
                                             <fills>
  <FillStyle index="1">
    <SolidColor color="#ffffff"/>
  </FillStyle>
</fills>
                                             <strokes/>
  <edges>
    <Edge fillStyle0="0" fillStyle1="0" strokeStyle="0" edges="!0 0! 0 0"/>
    <Edge fillStyle0="1" fillStyle1="0" strokeStyle="0" edges="!0 0! 5632 5617[ 5612 5647 5615 5668[ 5619 5695 5693 5693[ 5770 5691 5771 5672[ 5773 5650 5759 5624[ 5738 5586 5698 5584[ 5657 5581 5632 5617"/>
  </edges>
</DOMShape>
                                   </elements>
            </DOMFrame>
          </frames>
        </DOMLayer>
        <DOMLayer name="Layer 36">
          <frames>
            <DOMFrame index="0" motionTweenScale="false" keyMode="8192">
              <elements>
<DOMShape isFloating="true">
                                             <fills>
  <FillStyle index="1">
    <SolidColor color="#000000"/>
  </FillStyle>
</fills>
                                             <strokes/>
  <edges>
    <Edge fillStyle0="0" fillStyle1="0" strokeStyle="0" edges="!0 0! 0 0"/>
    <Edge fillStyle0="1" fillStyle1="0" strokeStyle="0" edges="!0 0! 5700 5561[ 5643 5558 5608 5609[ 5579 5650 5583 5680[ 5589 5718 5693 5716[ 5800 5712 5802 5686[ 5805 5656 5785 5617[ 5757 5565 5700 5561"/>
  </edges>
</DOMShape>
                                   </elements>
            </DOMFrame>
          </frames>
        </DOMLayer>
        <DOMLayer name="Layer 37">
          <frames>
            <DOMFrame index="0" motionTweenScale="false" keyMode="8192">
              <elements>
<DOMShape isFloating="true">
                                             <fills>
  <FillStyle index="1">
    <SolidColor color="#000000"/>
  </FillStyle>
</fills>
                                             <strokes/>
  <edges>
    <Edge fillStyle0="0" fillStyle1="0" strokeStyle="0" edges="!0 0! 0 0"/>
    <Edge fillStyle0="1" fillStyle1="0" strokeStyle="0" edges="!0 0! 5640 5251| 5620 5408[ 5604 5570 5629 5600[ 5657 5632 5715 5628[ 5767 5624 5779 5600[ 5793 5572 5789 5270| 5754 5279[ 5768 5558 5754 5578[ 5742 5594 5707 5596[ 5670 5597 5649 5582[ 5630 5569 5647 5414| 5668 5261| 5640 5251"/>
  </edges>
</DOMShape>
                                   </elements>
            </DOMFrame>
          </frames>
        </DOMLayer>
        <DOMLayer name="Layer 38">
          <frames>
            <DOMFrame index="0" motionTweenScale="false" keyMode="8192">
              <elements>
<DOMShape isFloating="true">
                                             <fills>
  <FillStyle index="1">
    <SolidColor color="#003caf"/>
  </FillStyle>
</fills>
                                             <strokes/>
  <edges>
    <Edge fillStyle0="0" fillStyle1="0" strokeStyle="0" edges="!0 0! 0 0"/>
    <Edge fillStyle0="0" fillStyle1="1" strokeStyle="0" edges="!0 0! 5753 5314[ 5750 5345 5717 5376[ 5696 5396 5724 5496| 5757 5593| 5623 5606| 5657 5251| 5753 5314"/>
  </edges>
</DOMShape>
                                   </elements>
            </DOMFrame>
          </frames>
        </DOMLayer>
        <DOMLayer name="Layer 39">
          <frames>
            <DOMFrame index="0" motionTweenScale="false" keyMode="8192">
              <elements>
<DOMShape isFloating="true">
                                             <fills>
  <FillStyle index="1">
    <SolidColor color="#007fff"/>
  </FillStyle>
</fills>
                                             <strokes/>
  <edges>
    <Edge fillStyle0="0" fillStyle1="0" strokeStyle="0" edges="!5666 4851! 0 0"/>
    <Edge fillStyle0="0" fillStyle1="1" strokeStyle="0" edges="!0 0! 5778 5268| 5767 5595| 5691 5618| 5623 5564| 5640 5251| 5778 5268"/>
  </edges>
</DOMShape>
                                   </elements>
            </DOMFrame>
          </frames>
        </DOMLayer>
        <DOMLayer name="Layer 40">
          <frames>
            <DOMFrame index="0" motionTweenScale="false" keyMode="8192">
              <elements>
<DOMShape isFloating="true">
                                             <fills>
  <FillStyle index="1">
    <SolidColor color="#000000"/>
  </FillStyle>
</fills>
                                             <strokes/>
  <edges>
    <Edge fillStyle0="0" fillStyle1="0" strokeStyle="0" edges="!0 0! 0 0"/>
    <Edge fillStyle0="1" fillStyle1="0" strokeStyle="0" edges="!0 0! 5666 4851[ 5554 4945 5535 5005[ 5507 5086 5442 5110| 5371 5107[ 5345 5091 5338 5055[ 5376 4831 5761 4758[ 5765 4765 5666 4851"/>
    <Edge fillStyle0="1" fillStyle1="0" strokeStyle="0" edges="!5666 4851! 5596 4836[ 5451 4906 5425 4939[ 5359 5022 5365 5050[ 5370 5073 5385 5083| 5433 5082[ 5487 5064 5508 4996[ 5546 4883 5737 4772| 5596 4836"/>
  </edges>
</DOMShape>
                                   </elements>
            </DOMFrame>
          </frames>
        </DOMLayer>
        <DOMLayer name="Layer 41">
          <frames>
            <DOMFrame index="0" motionTweenScale="false" keyMode="8192">
              <elements>
<DOMShape isFloating="true">
                                             <fills>
  <FillStyle index="1">
    <SolidColor color="#f4a057"/>
  </FillStyle>
</fills>
                                             <strokes/>
  <edges>
    <Edge fillStyle0="0" fillStyle1="0" strokeStyle="0" edges="!0 0! 0 0"/>
    <Edge fillStyle0="1" fillStyle1="0" strokeStyle="0" edges="!0 0! 5666 4811| 5584 4863[ 5496 4919 5472 4944[ 5453 4963 5452 4991[ 5451 5022 5436 5043[ 5404 5086 5354 5082| 5381 4981| 5455 4898| 5651 4795| 5673 4793| 5666 4811"/>
  </edges>
</DOMShape>
                                   </elements>
            </DOMFrame>
          </frames>
        </DOMLayer>
        <DOMLayer name="Layer 42">
          <frames>
            <DOMFrame index="0" motionTweenScale="false" keyMode="8192">
              <elements>
<DOMShape isFloating="true">
                                             <fills>
  <FillStyle index="1">
    <SolidColor color="#f5c4a0"/>
  </FillStyle>
</fills>
                                             <strokes/>
  <edges>
    <Edge fillStyle0="0" fillStyle1="0" strokeStyle="0" edges="!5984 4891! 0 0"/>
    <Edge fillStyle0="0" fillStyle1="1" strokeStyle="0" edges="!0 0! 5754 4760| 5599 4827[ 5436 4905 5398 4958[ 5327 5061 5378 5095| 5445 5093[ 5497 5069 5521 5000[ 5558 4891 5754 4760"/>
  </edges>
</DOMShape>
                                   </elements>
            </DOMFrame>
          </frames>
        </DOMLayer>
        <DOMLayer name="Layer 43">
          <frames>
            <DOMFrame index="0" motionTweenScale="false" keyMode="8192">
              <elements>
<DOMShape isFloating="true">
                                             <fills>
  <FillStyle index="1">
    <SolidColor color="#000000"/>
  </FillStyle>
</fills>
                                             <strokes/>
  <edges>
    <Edge fillStyle0="0" fillStyle1="0" strokeStyle="0" edges="!0 0! 0 0"/>
    <Edge fillStyle0="1" fillStyle1="0" strokeStyle="0" edges="!0 0! 5984 4891[ 6031 5030 6017 5092[ 5999 5174 6042 5229[ 6073 5265 6105 5264[ 6136 5264 6160 5237[ 6244 5025 5950 4763[ 5944 4767 5984 4891"/>
    <Edge fillStyle0="1" fillStyle1="0" strokeStyle="0" edges="!5984 4891! 6052 4914[ 6139 5049 6144 5092[ 6159 5196 6139 5218[ 6123 5235 6104 5236[ 6086 5236 6064 5210[ 6028 5168 6045 5098[ 6071 4982 5964 4787| 6052 4914"/>
  </edges>
</DOMShape>
                                   </elements>
            </DOMFrame>
          </frames>
        </DOMLayer>
        <DOMLayer name="Layer 44">
          <frames>
            <DOMFrame index="0" motionTweenScale="false" keyMode="8192">
              <elements>
<DOMShape isFloating="true">
                                             <fills>
  <FillStyle index="1">
    <SolidColor color="#f4a057"/>
  </FillStyle>
</fills>
                                             <strokes/>
  <edges>
    <Edge fillStyle0="0" fillStyle1="0" strokeStyle="0" edges="!0 0! 0 0"/>
    <Edge fillStyle0="1" fillStyle1="0" strokeStyle="0" edges="!0 0! 6005 4858| 6049 4946[ 6094 5040 6102 5072[ 6109 5099 6096 5123[ 6081 5151 6082 5176[ 6087 5229 6132 5252| 6162 5151| 6141 5042| 6026 4852| 6008 4840| 6005 4858"/>
  </edges>
</DOMShape>
                                   </elements>
            </DOMFrame>
          </frames>
        </DOMLayer>
        <DOMLayer name="Layer 45">
          <frames>
            <DOMFrame index="0" motionTweenScale="false" keyMode="8192">
              <elements>
<DOMShape isFloating="true">
                                             <fills>
  <FillStyle index="1">
    <SolidColor color="#f5c4a0"/>
  </FillStyle>
</fills>
                                             <strokes/>
  <edges>
    <Edge fillStyle0="0" fillStyle1="0" strokeStyle="0" edges="!0 0! 0 0"/>
    <Edge fillStyle0="0" fillStyle1="1" strokeStyle="0" edges="!0 0! 5955 4768| 6054 4906[ 6153 5057 6158 5122[ 6166 5248 6105 5250[ 6076 5251 6048 5214[ 6015 5166 6031 5095[ 6057 4982 5955 4768"/>
  </edges>
</DOMShape>
                                   </elements>
            </DOMFrame>
          </frames>
        </DOMLayer>
        <DOMLayer name="Layer 46">
          <frames>
            <DOMFrame index="0" motionTweenScale="false" keyMode="8192">
              <elements>
<DOMShape isFloating="true">
                                             <fills>
  <FillStyle index="1">
    <SolidColor color="#ff0000"/>
  </FillStyle>
</fills>
                                             <strokes/>
  <edges>
    <Edge fillStyle0="0" fillStyle1="0" strokeStyle="0" edges="!0 0! 0 0"/>
    <Edge fillStyle0="1" fillStyle1="0" strokeStyle="0" edges="!0 0! 5894 5516| 5834 5510| 5815 5503| 5814 5512[ 5815 5522 5825 5530| 5901 5539[ 5959 5538 5966 5528[ 5976 5517 5968 5499[ 5950 5514 5894 5516"/>
  </edges>
</DOMShape>
                                   </elements>
            </DOMFrame>
          </frames>
        </DOMLayer>
        <DOMLayer name="Layer 47">
          <frames>
            <DOMFrame index="0" motionTweenScale="false" keyMode="8192">
              <elements>
<DOMShape isFloating="true">
                                             <fills>
  <FillStyle index="1">
    <SolidColor color="#ffffff"/>
  </FillStyle>
</fills>
                                             <strokes/>
  <edges>
    <Edge fillStyle0="0" fillStyle1="0" strokeStyle="0" edges="!0 0! 0 0"/>
    <Edge fillStyle0="1" fillStyle1="0" strokeStyle="0" edges="!0 0! 5892 5539[ 5969 5537 5970 5518[ 5972 5496 5958 5470[ 5937 5432 5898 5430[ 5857 5427 5832 5463[ 5811 5493 5814 5514[ 5819 5541 5892 5539"/>
  </edges>
</DOMShape>
                                   </elements>
            </DOMFrame>
          </frames>
        </DOMLayer>
        <DOMLayer name="Layer 48">
          <frames>
            <DOMFrame index="0" motionTweenScale="false" keyMode="8192">
              <elements>
<DOMShape isFloating="true">
                                             <fills>
  <FillStyle index="1">
    <SolidColor color="#000000"/>
  </FillStyle>
</fills>
                                             <strokes/>
  <edges>
    <Edge fillStyle0="0" fillStyle1="0" strokeStyle="0" edges="!0 0! 0 0"/>
    <Edge fillStyle0="1" fillStyle1="0" strokeStyle="0" edges="!0 0! 5892 5562[ 5999 5558 6002 5532[ 6004 5502 5984 5463[ 5956 5411 5900 5407[ 5842 5404 5807 5455[ 5778 5496 5782 5526[ 5788 5564 5892 5562"/>
  </edges>
</DOMShape>
                                   </elements>
            </DOMFrame>
          </frames>
        </DOMLayer>
        <DOMLayer name="Layer 49">
          <frames>
            <DOMFrame index="0" motionTweenScale="false" keyMode="8192">
              <elements>
<DOMShape isFloating="true">
                                             <fills>
  <FillStyle index="1">
    <SolidColor color="#000000"/>
  </FillStyle>
</fills>
                                             <strokes/>
  <edges>
    <Edge fillStyle0="0" fillStyle1="0" strokeStyle="0" edges="!0 0! 0 0"/>
    <Edge fillStyle0="0" fillStyle1="1" strokeStyle="0" edges="!0 0! 5821 5125| 5816 5267[ 5813 5411 5822 5424[ 5834 5440 5870 5442[ 5906 5443 5927 5428[ 5957 5407 5908 5107| 5935 5097[ 5987 5398 5946 5446[ 5918 5478 5862 5474[ 5808 5470 5797 5446[ 5788 5429 5786 5271| 5786 5116| 5821 5125"/>
  </edges>
</DOMShape>
                                   </elements>
            </DOMFrame>
          </frames>
        </DOMLayer>
        <DOMLayer name="Layer 50">
          <frames>
            <DOMFrame index="0" motionTweenScale="false" keyMode="8192">
              <elements>
<DOMShape isFloating="true">
                                             <fills>
  <FillStyle index="1">
    <SolidColor color="#004695"/>
  </FillStyle>
</fills>
                                             <strokes/>
  <edges>
    <Edge fillStyle0="0" fillStyle1="0" strokeStyle="0" edges="!0 0! 0 0"/>
    <Edge fillStyle0="0" fillStyle1="1" strokeStyle="0" edges="!0 0! 5847 5163| 5840 5242[ 5835 5326 5843 5351[ 5857 5390 5905 5418| 5821 5461| 5808 5172| 5847 5163"/>
  </edges>
</DOMShape>
                                   </elements>
            </DOMFrame>
          </frames>
        </DOMLayer>
        <DOMLayer name="Layer 51">
          <frames>
            <DOMFrame index="0" motionTweenScale="false" keyMode="8192">
              <elements>
                                        <DOMShape isFloating="true">
                                             <fills>
  <FillStyle index="1">
    <SolidColor color="#007fff"/>
  </FillStyle>
</fills>
                                             <strokes/>
  <edges>
    <Edge fillStyle0="1" edges="!0 0! 5797 5114| 5808 5441| 5885 5464| 5953 5410| 5935 5097| 5797 5114"/>
  </edges>
</DOMShape>
                                   </elements>
            </DOMFrame>
          </frames>
        </DOMLayer>
      </layers>
    </DOMTimeline>
  </timeline>
</DOMSymbolItem>
