<DOMSymbolItem xmlns="http://ns.adobe.com/xfl/2008/" xmlns:xsi="http://www.w3.org/2001/XMLSchema-instance" name="Symbol 86" lastModified="1635072455" symbolType="graphic">
  <timeline>
    <DOMTimeline name="Symbol 86" currentFrame="0">
      <layers>
        <DOMLayer name="Layer 1">
          <frames>
            <DOMFrame index="0" motionTweenScale="false" keyMode="8192">
              <elements>
                                        <DOMShape isFloating="true">
                                             <fills>
  <FillStyle index="1">
    <SolidColor color="#ffffff"/>
  </FillStyle>
  <FillStyle index="2">
    <SolidColor color="#000000"/>
  </FillStyle>
</fills>
                                             <strokes/>
  <edges>
    <Edge fillStyle0="1" edges="!0 0! 2929 -2668| 3020 -2757[ 4455 -4130 6449 -4130[ 8442 -4130 9878 -2757| 9969 -2668[ 11430 -1207 11430 851[ 11430 2909 9969 4370[ 8506 5831 6449 5832[ 4391 5831 2929 4370[ 2688 4129 2487 3872[ 1468 2570 1468 851[ 1468 -868 2487 -2170[ 2688 -2427 2929 -2668"/>
    <Edge fillStyle0="0" fillStyle1="2" edges="!2929 -2668! 6431 -7687[ 9951 -7688 12451 -5188[ 14950 -2688 14951 832[ 14950 4352 12451 6852[ 9951 9351 6431 9351[ 2911 9351 412 6852[ -2088 4352 -2088 832[ -2088 -2688 412 -5188[ 2911 -7688 6431 -7687"/>
    <Edge fillStyle0="2" fillStyle1="1" edges="!6431 -7687! 6436 -4889[ 8802 -4890 10483 -3209[ 10703 -2989 10894 -2757[ 12162 -1219 12163 837[ 12162 3203 10483 4884[ 8802 6563 6436 6563[ 4138 6563 2487 4979| 2390 4884[ 710 3203 710 837[ 710 -1529 2390 -3209[ 4070 -4890 6436 -4889"/>
  </edges>
</DOMShape>
                                   </elements>
            </DOMFrame>
          </frames>
        </DOMLayer>
      </layers>
    </DOMTimeline>
  </timeline>
</DOMSymbolItem>
