<DOMSymbolItem xmlns="http://ns.adobe.com/xfl/2008/" xmlns:xsi="http://www.w3.org/2001/XMLSchema-instance" name="Symbol 70" lastModified="1635072455" symbolType="graphic">
  <timeline>
    <DOMTimeline name="Symbol 70" currentFrame="0">
      <layers>
        <DOMLayer name="Layer 1">
          <frames>
            <DOMFrame index="0" motionTweenScale="false" keyMode="8192">
              <elements>
                                        <DOMShape isFloating="true">
                                             <fills>
  <FillStyle index="1">
    <SolidColor color="#ffffff"/>
  </FillStyle>
  <FillStyle index="2">
    <SolidColor color="#000000"/>
  </FillStyle>
</fills>
                                             <strokes/>
  <edges>
    <Edge fillStyle1="2" edges="!0 0! 6431 -7687[ 9951 -7688 12451 -5188[ 14950 -2688 14951 832[ 14950 4352 12451 6852[ 9951 9351 6431 9351[ 2911 9351 412 6852[ -2088 4352 -2088 832[ -2088 -2688 412 -5188[ 2911 -7688 6431 -7687"/>
    <Edge fillStyle0="2" fillStyle1="1" edges="!6431 -7687! 6578 980[ 6523 1034 6446 1034[ 6369 1034 6314 980[ 6259 925 6259 848[ 6259 770 6314 715[ 6369 660 6446 661[ 6523 660 6578 715[ 6633 770 6633 848[ 6633 925 6578 980"/>
    <Edge fillStyle0="1" fillStyle1="0" edges="!6578 980! 6562 963[ 6514 1010 6447 1011[ 6379 1010 6332 963[ 6284 915 6284 848[ 6284 781 6332 733[ 6379 685 6447 685[ 6514 685 6562 733[ 6609 781 6609 848[ 6609 915 6562 963"/>
  </edges>
</DOMShape>
                                   </elements>
            </DOMFrame>
          </frames>
        </DOMLayer>
      </layers>
    </DOMTimeline>
  </timeline>
</DOMSymbolItem>
