<DOMSymbolItem xmlns="http://ns.adobe.com/xfl/2008/" xmlns:xsi="http://www.w3.org/2001/XMLSchema-instance" name="Symbol 141" lastModified="1635072455" symbolType="graphic">
  <timeline>
    <DOMTimeline name="Symbol 141" currentFrame="0">
      <layers>
        <DOMLayer name="Layer 1">
          <frames>
            <DOMFrame index="0" motionTweenScale="false" keyMode="8192">
              <elements>
<DOMShape isFloating="true">
                                             <fills>
  <FillStyle index="1">
    <SolidColor color="#999999"/>
  </FillStyle>
  <FillStyle index="2">
    <SolidColor color="#000000"/>
  </FillStyle>
</fills>
                                             <strokes/>
  <edges>
    <Edge fillStyle0="0" fillStyle1="0" strokeStyle="0" edges="!6177 4582! 0 0"/>
    <Edge fillStyle0="1" fillStyle1="2" strokeStyle="0" edges="!0 0! 4740 4253[ 4733 4296 4769 4364[ 4814 4447 4934 4489[ 5046 4528 5140 4507| 5239 4475| 5220 4500[ 5176 4558 5031 4572| 4924 4576"/>
    <Edge fillStyle0="1" fillStyle1="0" strokeStyle="0" edges="!4924 4576[ 4805 4543 4768 4442[ 4723 4320 4738 4261| 4740 4253"/>
    <Edge fillStyle0="2" fillStyle1="0" strokeStyle="0" edges="!4740 4253| 4746 4237"/>
    <Edge fillStyle0="2" fillStyle1="1" strokeStyle="0" edges="!4746 4237[ 4751 4225 4763 4214"/>
    <Edge fillStyle0="2" fillStyle1="0" strokeStyle="0" edges="!4763 4214[ 4789 4188 4849 4160[ 4913 4130 5090 4138| 5253 4150[ 5293 4157 5331 4179[ 5407 4221 5406 4293[ 5406 4347 5366 4391[ 5325 4478 5271 4529[ 5236 4563 5157 4576"/>
    <Edge fillStyle0="2" fillStyle1="1" strokeStyle="0" edges="!5157 4576| 5047 4585| 4938 4580"/>
    <Edge fillStyle0="2" fillStyle1="0" strokeStyle="0" edges="!4938 4580| 4894 4574| 4924 4576"/>
    <Edge fillStyle0="0" fillStyle1="1" strokeStyle="0" edges="!4924 4576! 4763 4214| 4754 4211| 4746 4237"/>
    <Edge fillStyle0="1" fillStyle1="0" strokeStyle="0" edges="!4746 4237! 5157 4576[ 5095 4604 4975 4587| 4938 4580"/>
  </edges>
</DOMShape>
                                   </elements>
            </DOMFrame>
          </frames>
        </DOMLayer>
        <DOMLayer name="Layer 2">
          <frames>
            <DOMFrame index="0" motionTweenScale="false" keyMode="8192">
              <elements>
<DOMShape isFloating="true">
                                             <fills>
  <FillStyle index="1">
    <SolidColor color="#999999"/>
  </FillStyle>
  <FillStyle index="2">
    <SolidColor color="#000000"/>
  </FillStyle>
</fills>
                                             <strokes/>
  <edges>
    <Edge fillStyle0="0" fillStyle1="0" strokeStyle="0" edges="!5156 6219! 0 0"/>
    <Edge fillStyle0="1" fillStyle1="2" strokeStyle="0" edges="!0 0! 6330 4239| 6346 4260"/>
    <Edge fillStyle0="1" fillStyle1="0" strokeStyle="0" edges="!6346 4260| 6338 4237| 6330 4239"/>
    <Edge fillStyle0="2" fillStyle1="0" strokeStyle="0" edges="!6330 4239[ 6305 4214 6249 4188[ 6188 4159 6020 4166| 5864 4178[ 5827 4184 5791 4205[ 5718 4245 5719 4314[ 5720 4364 5758 4407[ 5796 4489 5847 4538[ 5881 4570 5956 4583"/>
    <Edge fillStyle0="2" fillStyle1="1" strokeStyle="0" edges="!5956 4583| 6059 4591| 6163 4586"/>
    <Edge fillStyle0="2" fillStyle1="0" strokeStyle="0" edges="!6163 4586| 6205 4581| 6177 4582"/>
    <Edge fillStyle0="2" fillStyle1="1" strokeStyle="0" edges="!6177 4582| 6075 4579[ 5937 4565 5896 4511| 5878 4486[ 5920 4504 5972 4516[ 6061 4536 6168 4500[ 6282 4460 6324 4381[ 6359 4316 6351 4276"/>
    <Edge fillStyle0="2" fillStyle1="0" strokeStyle="0" edges="!6351 4276| 6346 4260"/>
    <Edge fillStyle0="0" fillStyle1="1" strokeStyle="0" edges="!6346 4260! 6351 4276| 6353 4283[ 6368 4339 6325 4455[ 6289 4551 6177 4582"/>
    <Edge fillStyle0="0" fillStyle1="1" strokeStyle="0" edges="!6177 4582! 6163 4586| 6128 4593[ 6015 4608 5956 4583"/>
  </edges>
</DOMShape>
                                   </elements>
            </DOMFrame>
          </frames>
        </DOMLayer>
        <DOMLayer name="Layer 3">
          <frames>
            <DOMFrame index="0" motionTweenScale="false" keyMode="8192">
              <elements>
<DOMShape isFloating="true">
                                             <fills>
  <FillStyle index="1">
    <SolidColor color="#000000"/>
  </FillStyle>
</fills>
                                             <strokes/>
  <edges>
    <Edge fillStyle0="0" fillStyle1="0" strokeStyle="0" edges="!0 0! 0 0"/>
    <Edge fillStyle0="1" fillStyle1="0" strokeStyle="0" edges="!0 0! 5156 6219[ 5172 6242 5266 6250[ 5337 6256 5401 6252[ 5497 6247 5512 6217[ 5524 6193 5520 6151[ 5515 6102 5491 6065[ 5437 5981 5312 5988[ 5193 5995 5154 6073[ 5135 6111 5139 6159[ 5142 6198 5156 6219"/>
    <Edge fillStyle0="1" fillStyle1="0" strokeStyle="0" edges="!5156 6219! 5186 6089[ 5216 6030 5314 6025[ 5417 6020 5461 6085[ 5480 6114 5484 6153[ 5487 6184 5480 6200[ 5463 6218 5336 6217[ 5208 6216 5186 6198| 5186 6199[ 5177 6185 5175 6156[ 5172 6118 5186 6089"/>
  </edges>
</DOMShape>
                                   </elements>
            </DOMFrame>
          </frames>
        </DOMLayer>
        <DOMLayer name="Layer 4">
          <frames>
            <DOMFrame index="0" motionTweenScale="false" keyMode="8192">
              <elements>
<DOMShape isFloating="true">
                                             <fills>
  <FillStyle index="1">
    <SolidColor color="#181818"/>
  </FillStyle>
</fills>
                                             <strokes/>
  <edges>
    <Edge fillStyle0="0" fillStyle1="0" strokeStyle="0" edges="!0 0! 0 0"/>
    <Edge fillStyle0="0" fillStyle1="1" strokeStyle="0" edges="!0 0! 5162 6101| 5207 6137[ 5262 6173 5314 6179[ 5397 6188 5490 6127| 5497 6228| 5290 6251| 5174 6216| 5162 6101"/>
  </edges>
</DOMShape>
                                   </elements>
            </DOMFrame>
          </frames>
        </DOMLayer>
        <DOMLayer name="Layer 5">
          <frames>
            <DOMFrame index="0" motionTweenScale="false" keyMode="8192">
              <elements>
<DOMShape isFloating="true">
                                             <fills>
  <FillStyle index="1">
    <SolidColor color="#565656"/>
  </FillStyle>
</fills>
                                             <strokes/>
  <edges>
    <Edge fillStyle0="0" fillStyle1="0" strokeStyle="0" edges="!5901 6064! 0 0"/>
    <Edge fillStyle0="1" fillStyle1="0" strokeStyle="0" edges="!0 0! 5172 6209[ 5188 6233 5333 6235[ 5480 6238 5495 6209[ 5520 6159 5484 6089[ 5438 6000 5313 6006[ 5189 6013 5163 6100[ 5143 6166 5172 6209"/>
  </edges>
</DOMShape>
                                   </elements>
            </DOMFrame>
          </frames>
        </DOMLayer>
        <DOMLayer name="Layer 6">
          <frames>
            <DOMFrame index="0" motionTweenScale="false" keyMode="8192">
              <elements>
<DOMShape isFloating="true">
                                             <fills>
  <FillStyle index="1">
    <SolidColor color="#000000"/>
  </FillStyle>
</fills>
                                             <strokes/>
  <edges>
    <Edge fillStyle0="0" fillStyle1="0" strokeStyle="0" edges="!0 0! 0 0"/>
    <Edge fillStyle0="1" fillStyle1="0" strokeStyle="0" edges="!0 0! 5901 6064[ 5847 5978 5718 5985[ 5597 5991 5557 6072[ 5537 6111 5541 6160[ 5545 6200 5559 6221[ 5575 6245 5672 6254[ 5743 6260 5809 6256[ 5908 6249 5922 6219[ 5935 6194 5931 6151[ 5927 6102 5901 6064"/>
    <Edge fillStyle0="1" fillStyle1="0" strokeStyle="0" edges="!5901 6064! 5889 6202[ 5870 6220 5742 6219[ 5612 6218 5589 6199| 5590 6200[ 5581 6186 5578 6156[ 5576 6118 5590 6088[ 5620 6028 5721 6023[ 5826 6017 5870 6084[ 5890 6114 5894 6153[ 5898 6187 5889 6202"/>
  </edges>
</DOMShape>
                                   </elements>
            </DOMFrame>
          </frames>
        </DOMLayer>
        <DOMLayer name="Layer 7">
          <frames>
            <DOMFrame index="0" motionTweenScale="false" keyMode="8192">
              <elements>
<DOMShape isFloating="true">
                                             <fills>
  <FillStyle index="1">
    <SolidColor color="#181818"/>
  </FillStyle>
</fills>
                                             <strokes/>
  <edges>
    <Edge fillStyle0="0" fillStyle1="0" strokeStyle="0" edges="!0 0! 0 0"/>
    <Edge fillStyle0="0" fillStyle1="1" strokeStyle="0" edges="!0 0! 5908 6231| 5695 6254| 5578 6218| 5564 6100| 5610 6137[ 5667 6174 5720 6180[ 5805 6189 5901 6127| 5908 6231"/>
  </edges>
</DOMShape>
                                   </elements>
            </DOMFrame>
          </frames>
        </DOMLayer>
        <DOMLayer name="Layer 8">
          <frames>
            <DOMFrame index="0" motionTweenScale="false" keyMode="8192">
              <elements>
<DOMShape isFloating="true">
                                             <fills>
  <FillStyle index="1">
    <SolidColor color="#565656"/>
  </FillStyle>
</fills>
                                             <strokes/>
  <edges>
    <Edge fillStyle0="0" fillStyle1="0" strokeStyle="0" edges="!0 0! 0 0"/>
    <Edge fillStyle0="1" fillStyle1="0" strokeStyle="0" edges="!0 0! 5894 6088[ 5847 5997 5719 6004[ 5592 6011 5565 6100[ 5545 6167 5574 6211[ 5591 6236 5740 6238[ 5891 6240 5906 6211[ 5931 6160 5894 6088"/>
  </edges>
</DOMShape>
                                   </elements>
            </DOMFrame>
          </frames>
        </DOMLayer>
        <DOMLayer name="Layer 9">
          <frames>
            <DOMFrame index="0" motionTweenScale="false" keyMode="8192">
              <elements>
<DOMShape isFloating="true">
                                             <fills>
  <FillStyle index="1">
    <SolidColor color="#000000"/>
  </FillStyle>
</fills>
                                             <strokes/>
  <edges>
    <Edge fillStyle0="0" fillStyle1="0" strokeStyle="0" edges="!0 0! 0 0"/>
    <Edge fillStyle0="0" fillStyle1="1" strokeStyle="0" edges="!0 0! 5685 5358| 5710 5318| 5716 5299| 5765 5319| 5754 5340| 5717 5386[ 5648 5451 5545 5448[ 5442 5445 5382 5376[ 5363 5355 5351 5329| 5343 5308| 5392 5295| 5397 5314| 5419 5354[ 5463 5412 5550 5414[ 5636 5417 5685 5358"/>
  </edges>
</DOMShape>
                                   </elements>
            </DOMFrame>
          </frames>
        </DOMLayer>
        <DOMLayer name="Layer 10">
          <frames>
            <DOMFrame index="0" motionTweenScale="false" keyMode="8192">
              <elements>
<DOMShape isFloating="true">
                                             <fills>
  <FillStyle index="1">
    <SolidColor color="#b2b2b2"/>
  </FillStyle>
</fills>
                                             <strokes/>
  <edges>
    <Edge fillStyle0="0" fillStyle1="0" strokeStyle="0" edges="!0 0! 0 0"/>
    <Edge fillStyle0="1" fillStyle1="0" strokeStyle="0" edges="!0 0! 5328 3882| 5366 3895[ 5404 3910 5411 3920[ 5422 3935 5406 4011[ 5443 3923 5435 3905[ 5430 3893 5379 3886| 5328 3882"/>
  </edges>
</DOMShape>
                                   </elements>
            </DOMFrame>
          </frames>
        </DOMLayer>
        <DOMLayer name="Layer 11">
          <frames>
            <DOMFrame index="0" motionTweenScale="false" keyMode="8192">
              <elements>
<DOMShape isFloating="true">
                                             <fills>
  <FillStyle index="1">
    <SolidColor color="#b2b2b2"/>
  </FillStyle>
</fills>
                                             <strokes/>
  <edges>
    <Edge fillStyle0="0" fillStyle1="0" strokeStyle="0" edges="!0 0! 0 0"/>
    <Edge fillStyle0="0" fillStyle1="1" strokeStyle="0" edges="!0 0! 5532 4997[ 5549 4984 5572 4970[ 5618 4943 5647 4944[ 5695 4946 5739 5039[ 5677 4983 5645 4977| 5577 4985| 5532 4997"/>
  </edges>
</DOMShape>
                                   </elements>
            </DOMFrame>
          </frames>
        </DOMLayer>
        <DOMLayer name="Layer 12">
          <frames>
            <DOMFrame index="0" motionTweenScale="false" keyMode="8192">
              <elements>
<DOMShape isFloating="true">
                                             <fills>
  <FillStyle index="1">
    <SolidColor color="#b2b2b2"/>
  </FillStyle>
</fills>
                                             <strokes/>
  <edges>
    <Edge fillStyle0="0" fillStyle1="0" strokeStyle="0" edges="!0 0! 0 0"/>
    <Edge fillStyle0="1" fillStyle1="0" strokeStyle="0" edges="!0 0! 5957 4679| 5988 4671[ 6022 4667 6036 4686[ 6056 4716 6052 4794[ 6085 4694 6055 4667| 5994 4663| 5957 4679"/>
  </edges>
</DOMShape>
                                   </elements>
            </DOMFrame>
          </frames>
        </DOMLayer>
        <DOMLayer name="Layer 13">
          <frames>
            <DOMFrame index="0" motionTweenScale="false" keyMode="8192">
              <elements>
<DOMShape isFloating="true">
                                             <fills>
  <FillStyle index="1">
    <SolidColor color="#000000"/>
  </FillStyle>
</fills>
                                             <strokes/>
  <edges>
    <Edge fillStyle0="0" fillStyle1="0" strokeStyle="0" edges="!0 0! 0 0"/>
    <Edge fillStyle0="1" fillStyle1="0" strokeStyle="0" edges="!0 0! 6523 4430| 6496 4436| 6520 4483| 6548 4486| 6523 4430"/>
  </edges>
</DOMShape>
                                   </elements>
            </DOMFrame>
          </frames>
        </DOMLayer>
        <DOMLayer name="Layer 14">
          <frames>
            <DOMFrame index="0" motionTweenScale="false" keyMode="8192">
              <elements>
<DOMShape isFloating="true">
                                             <fills>
  <FillStyle index="1">
    <SolidColor color="#000000"/>
  </FillStyle>
</fills>
                                             <strokes/>
  <edges>
    <Edge fillStyle0="0" fillStyle1="0" strokeStyle="0" edges="!0 0! 0 0"/>
    <Edge fillStyle0="1" fillStyle1="0" strokeStyle="0" edges="!0 0! 6598 4415| 6563 4422| 6594 4481| 6629 4485| 6598 4415"/>
  </edges>
</DOMShape>
                                   </elements>
            </DOMFrame>
          </frames>
        </DOMLayer>
        <DOMLayer name="Layer 15">
          <frames>
            <DOMFrame index="0" motionTweenScale="false" keyMode="8192">
              <elements>
<DOMShape isFloating="true">
                                             <fills>
  <FillStyle index="1">
    <SolidColor color="#000000"/>
  </FillStyle>
</fills>
                                             <strokes/>
  <edges>
    <Edge fillStyle0="0" fillStyle1="0" strokeStyle="0" edges="!0 0! 0 0"/>
    <Edge fillStyle0="0" fillStyle1="1" strokeStyle="0" edges="!0 0! 4620 4469| 4648 4473| 4626 4522| 4599 4527| 4620 4469"/>
  </edges>
</DOMShape>
                                   </elements>
            </DOMFrame>
          </frames>
        </DOMLayer>
        <DOMLayer name="Layer 16">
          <frames>
            <DOMFrame index="0" motionTweenScale="false" keyMode="8192">
              <elements>
<DOMShape isFloating="true">
                                             <fills>
  <FillStyle index="1">
    <SolidColor color="#000000"/>
  </FillStyle>
</fills>
                                             <strokes/>
  <edges>
    <Edge fillStyle0="0" fillStyle1="0" strokeStyle="0" edges="!0 0! 0 0"/>
    <Edge fillStyle0="0" fillStyle1="1" strokeStyle="0" edges="!0 0! 4544 4460| 4579 4465| 4553 4525| 4518 4533| 4544 4460"/>
  </edges>
</DOMShape>
                                   </elements>
            </DOMFrame>
          </frames>
        </DOMLayer>
        <DOMLayer name="Layer 17">
          <frames>
            <DOMFrame index="0" motionTweenScale="false" keyMode="8192">
              <elements>
<DOMShape isFloating="true">
                                             <fills>
  <FillStyle index="1">
    <SolidColor color="#000000"/>
  </FillStyle>
</fills>
                                             <strokes/>
  <edges>
    <Edge fillStyle0="0" fillStyle1="0" strokeStyle="0" edges="!0 0! 0 0"/>
    <Edge fillStyle0="0" fillStyle1="1" strokeStyle="0" edges="!0 0! 5831 4889| 5618 4878| 5457 4880[ 5456 4872 5623 4859[ 5796 4845 5847 4859[ 5924 4879 5976 4959[ 5987 4975 5954 5000[ 5968 4979 5925 4943[ 5884 4908 5831 4889"/>
  </edges>
</DOMShape>
                                   </elements>
            </DOMFrame>
          </frames>
        </DOMLayer>
        <DOMLayer name="Layer 18">
          <frames>
            <DOMFrame index="0" motionTweenScale="false" keyMode="8192">
              <elements>
<DOMShape isFloating="true">
                                             <fills>
  <FillStyle index="1">
    <SolidColor color="#000000"/>
  </FillStyle>
</fills>
                                             <strokes/>
  <edges>
    <Edge fillStyle0="0" fillStyle1="0" strokeStyle="0" edges="!0 0! 0 0"/>
    <Edge fillStyle0="1" fillStyle1="0" strokeStyle="0" edges="!0 0! 5265 4906| 5319 4903| 5365 4906[ 5393 4901 5397 4882| 5362 4890| 5314 4882| 5256 4877[ 5235 4882 5216 4929| 5200 4974| 5219 4945[ 5241 4915 5265 4906"/>
  </edges>
</DOMShape>
                                   </elements>
            </DOMFrame>
          </frames>
        </DOMLayer>
        <DOMLayer name="Layer 19">
          <frames>
            <DOMFrame index="0" motionTweenScale="false" keyMode="8192">
              <elements>
<DOMShape isFloating="true">
                                             <fills>
  <FillStyle index="1">
    <SolidColor color="#000000"/>
  </FillStyle>
</fills>
                                             <strokes/>
  <edges>
    <Edge fillStyle0="0" fillStyle1="0" strokeStyle="0" edges="!0 0! 0 0"/>
    <Edge fillStyle0="1" fillStyle1="0" strokeStyle="0" edges="!0 0! 5578 4462| 5579 4516| 5624 4574| 5588 4656| 5686 4584| 5578 4462"/>
  </edges>
</DOMShape>
                                   </elements>
            </DOMFrame>
          </frames>
        </DOMLayer>
        <DOMLayer name="Layer 20">
          <frames>
            <DOMFrame index="0" motionTweenScale="false" keyMode="8192">
              <elements>
<DOMShape isFloating="true">
                                             <fills>
  <FillStyle index="1">
    <SolidColor color="#000000"/>
  </FillStyle>
</fills>
                                             <strokes/>
  <edges>
    <Edge fillStyle0="0" fillStyle1="0" strokeStyle="0" edges="!0 0! 0 0"/>
    <Edge fillStyle0="1" fillStyle1="0" strokeStyle="0" edges="!0 0! 4704 3783| 4763 3882[ 4841 3991 4938 4036[ 5043 4086 5176 4093[ 5296 4099 5310 4077[ 5318 4062 5284 4008| 5249 3956[ 5278 4016 5246 4026[ 5148 4062 4989 3990[ 4904 3953 4795 3864| 4704 3783"/>
  </edges>
</DOMShape>
                                   </elements>
            </DOMFrame>
          </frames>
        </DOMLayer>
        <DOMLayer name="Layer 21">
          <frames>
            <DOMFrame index="0" motionTweenScale="false" keyMode="8192">
              <elements>
<DOMShape isFloating="true">
                                             <fills>
  <FillStyle index="1">
    <SolidColor color="#000000"/>
  </FillStyle>
</fills>
                                             <strokes/>
  <edges>
    <Edge fillStyle0="0" fillStyle1="0" strokeStyle="0" edges="!0 0! 0 0"/>
    <Edge fillStyle0="1" fillStyle1="0" strokeStyle="0" edges="!0 0! 5684 4046| 5715 4074[ 5758 4100 5807 4091[ 5854 4082 5969 3984[ 6096 3876 6118 3865[ 6183 3835 6327 3849[ 6169 3771 6105 3802[ 6074 3815 5960 3921[ 5846 4026 5808 4043[ 5762 4064 5719 4057| 5684 4046"/>
  </edges>
</DOMShape>
                                   </elements>
            </DOMFrame>
          </frames>
        </DOMLayer>
        <DOMLayer name="Layer 22">
          <frames>
            <DOMFrame index="0" motionTweenScale="false" keyMode="8192">
              <elements>
<DOMShape isFloating="true">
                                             <fills>
  <FillStyle index="1">
    <SolidColor color="#000000"/>
  </FillStyle>
</fills>
                                             <strokes/>
  <edges>
    <Edge fillStyle0="0" fillStyle1="0" strokeStyle="0" edges="!0 0! 0 0"/>
    <Edge fillStyle0="1" fillStyle1="0" strokeStyle="0" edges="!0 0! 6468 2391[ 6461 2458 6287 2732[ 6211 2543 6122 2355[ 5946 1980 5886 1987[ 5903 2068 5708 2221| 5487 1840| 5254 2239| 5184 2153[ 5114 2061 5114 2034[ 5074 2029 4840 2395[ 4723 2579 4614 2763[ 4586 2729 4560 2679[ 4509 2578 4521 2496[ 4439 2515 4357 2943[ 4317 3157 4292 3367[ 4120 3304 4062 3216[ 4048 3231 4073 3383| 4138 3724[ 4239 4253 4224 4403[ 4229 4387 4273 4349| 4315 4315| 4217 3794[ 4156 3489 4121 3378[ 4149 3397 4198 3418[ 4270 3449 4348 3472[ 4374 3265 4407 3054[ 4474 2633 4511 2617[ 4496 2718 4643 2922| 4851 2538[ 5062 2152 5082 2148[ 5069 2188 5160 2267[ 5205 2306 5253 2337| 5489 1976| 5690 2357[ 5933 2157 5917 2094[ 5946 2093 6109 2496| 6267 2900[ 6497 2574 6490 2498[ 6573 2734 6616 3131[ 6638 3329 6643 3480| 6777 3404[ 6915 3329 6933 3336[ 6840 3413 6801 3890[ 6781 4128 6780 4350| 6835 4453[ 6835 4213 6858 3942[ 6907 3400 7034 3243[ 6993 3207 6842 3275| 6699 3349[ 6680 3129 6641 2900[ 6564 2440 6468 2391"/>
  </edges>
</DOMShape>
                                   </elements>
            </DOMFrame>
          </frames>
        </DOMLayer>
        <DOMLayer name="Layer 23">
          <frames>
            <DOMFrame index="0" motionTweenScale="false" keyMode="8192">
              <elements>
<DOMShape isFloating="true">
                                             <fills>
  <FillStyle index="1">
    <SolidColor color="#000000"/>
  </FillStyle>
</fills>
                                             <strokes/>
  <edges>
    <Edge fillStyle0="0" fillStyle1="0" strokeStyle="0" edges="!0 0! 0 0"/>
    <Edge fillStyle0="0" fillStyle1="1" strokeStyle="0" edges="!0 0! 6522 3625| 6596 3953| 6428 3686| 6216 3839| 6111 3584| 5962 3669| 6142 3444| 6235 3663| 6414 3541| 6522 3625"/>
  </edges>
</DOMShape>
                                   </elements>
            </DOMFrame>
          </frames>
        </DOMLayer>
        <DOMLayer name="Layer 24">
          <frames>
            <DOMFrame index="0" motionTweenScale="false" keyMode="8192">
              <elements>
<DOMShape isFloating="true">
                                             <fills>
  <FillStyle index="1">
    <SolidColor color="#000000"/>
  </FillStyle>
</fills>
                                             <strokes/>
  <edges>
    <Edge fillStyle0="0" fillStyle1="0" strokeStyle="0" edges="!0 0! 0 0"/>
    <Edge fillStyle0="1" fillStyle1="0" strokeStyle="0" edges="!0 0! 5059 3697| 5303 3465[ 5553 3234 5592 3244[ 5545 3322 5632 3558| 5855 3445| 5942 3572| 5968 3527| 5867 3334| 5709 3432[ 5644 3185 5674 3112[ 5564 3122 5198 3446[ 5016 3608 4859 3762| 5059 3697"/>
  </edges>
</DOMShape>
                                   </elements>
            </DOMFrame>
          </frames>
        </DOMLayer>
        <DOMLayer name="Layer 25">
          <frames>
            <DOMFrame index="0" motionTweenScale="false" keyMode="8192">
              <elements>
<DOMShape isFloating="true">
                                             <fills>
  <FillStyle index="1">
    <SolidColor color="#000000"/>
  </FillStyle>
</fills>
                                             <strokes/>
  <edges>
    <Edge fillStyle0="0" fillStyle1="0" strokeStyle="0" edges="!0 0! 0 0"/>
    <Edge fillStyle0="1" fillStyle1="0" strokeStyle="0" edges="!0 0! 4655 3454[ 4555 3360 4538 3364[ 4535 3630 4429 4083| 4595 3488| 4775 3689| 4925 3354| 5055 3532| 5107 3488| 4927 3219| 4751 3549| 4655 3454"/>
  </edges>
</DOMShape>
                                   </elements>
            </DOMFrame>
          </frames>
        </DOMLayer>
        <DOMLayer name="Layer 26">
          <frames>
            <DOMFrame index="0" motionTweenScale="false" keyMode="8192">
              <elements>
<DOMShape isFloating="true">
                                             <fills>
  <FillStyle index="1">
    <SolidColor color="#000000"/>
  </FillStyle>
</fills>
                                             <strokes/>
  <edges>
    <Edge fillStyle0="0" fillStyle1="0" strokeStyle="0" edges="!0 0! 0 0"/>
    <Edge fillStyle0="0" fillStyle1="1" strokeStyle="0" edges="!0 0! 4413 4307[ 4452 4346 4409 4376[ 4360 4378 4311 4393[ 4214 4422 4217 4486[ 4223 4587 4348 4738[ 4304 4717 4259 4676[ 4168 4594 4159 4495[ 4150 4389 4266 4326[ 4311 4303 4355 4297[ 4399 4291 4413 4307"/>
  </edges>
</DOMShape>
                                   </elements>
            </DOMFrame>
          </frames>
        </DOMLayer>
        <DOMLayer name="Layer 27">
          <frames>
            <DOMFrame index="0" motionTweenScale="false" keyMode="8192">
              <elements>
<DOMShape isFloating="true">
                                             <fills>
  <FillStyle index="1">
    <SolidColor color="#000000"/>
  </FillStyle>
</fills>
                                             <strokes/>
  <edges>
    <Edge fillStyle0="0" fillStyle1="0" strokeStyle="0" edges="!0 0! 0 0"/>
    <Edge fillStyle0="1" fillStyle1="0" strokeStyle="0" edges="!0 0! 6664 4311[ 6653 4325 6671 4340| 6721 4369[ 6804 4417 6806 4472[ 6808 4574 6707 4738[ 6746 4713 6785 4667[ 6863 4576 6864 4477[ 6866 4370 6779 4319[ 6745 4298 6711 4296[ 6678 4295 6664 4311"/>
  </edges>
</DOMShape>
                                   </elements>
            </DOMFrame>
          </frames>
        </DOMLayer>
        <DOMLayer name="Layer 28">
          <frames>
            <DOMFrame index="0" motionTweenScale="false" keyMode="8192">
              <elements>
<DOMShape isFloating="true">
                                             <fills>
  <FillStyle index="1">
    <SolidColor color="#000000"/>
  </FillStyle>
</fills>
                                             <strokes/>
  <edges>
    <Edge fillStyle0="0" fillStyle1="0" strokeStyle="0" edges="!0 0! 0 0"/>
    <Edge fillStyle0="0" fillStyle1="1" strokeStyle="0" edges="!0 0! 6568 3795[ 6622 4004 6662 4194[ 6790 4805 6728 5011[ 6665 5221 6144 5310| 5761 5353[ 5608 5361 5524 5358[ 5206 5342 4909 5273[ 4394 5152 4340 4924[ 4286 4700 4420 4073[ 4462 3876 4517 3664| 4564 3490| 4464 4119[ 4374 4776 4418 4926[ 4464 5087 4856 5186[ 5169 5265 5536 5274[ 5919 5284 6193 5241[ 6566 5183 6643 5034[ 6714 4896 6625 4247[ 6598 4044 6557 3814| 6522 3625| 6568 3795"/>
  </edges>
</DOMShape>
                                   </elements>
            </DOMFrame>
          </frames>
        </DOMLayer>
        <DOMLayer name="Layer 29">
          <frames>
            <DOMFrame index="0" motionTweenScale="false" keyMode="8192">
              <elements>
<DOMShape isFloating="true">
                                             <fills>
  <FillStyle index="1">
    <SolidColor color="#b2b2b2"/>
  </FillStyle>
</fills>
                                             <strokes/>
  <edges>
    <Edge fillStyle0="0" fillStyle1="0" strokeStyle="0" edges="!0 0! 0 0"/>
    <Edge fillStyle0="0" fillStyle1="1" strokeStyle="0" edges="!0 0! 4389 4434| 4338 4639[ 4264 4572 4272 4504[ 4278 4462 4334 4444| 4389 4434"/>
  </edges>
</DOMShape>
                                   </elements>
            </DOMFrame>
          </frames>
        </DOMLayer>
        <DOMLayer name="Layer 30">
          <frames>
            <DOMFrame index="0" motionTweenScale="false" keyMode="8192">
              <elements>
<DOMShape isFloating="true">
                                             <fills>
  <FillStyle index="1">
    <SolidColor color="#b2b2b2"/>
  </FillStyle>
</fills>
                                             <strokes/>
  <edges>
    <Edge fillStyle0="0" fillStyle1="0" strokeStyle="0" edges="!0 0! 0 0"/>
    <Edge fillStyle0="1" fillStyle1="0" strokeStyle="0" edges="!0 0! 6675 4433| 6713 4599[ 6769 4516 6755 4477[ 6746 4452 6709 4440| 6675 4433"/>
  </edges>
</DOMShape>
                                   </elements>
            </DOMFrame>
          </frames>
        </DOMLayer>
        <DOMLayer name="Layer 31">
          <frames>
            <DOMFrame index="0" motionTweenScale="false" keyMode="8192">
              <elements>
<DOMShape isFloating="true">
                                             <fills>
  <FillStyle index="1">
    <SolidColor color="#b2b2b2"/>
  </FillStyle>
</fills>
                                             <strokes/>
  <edges>
    <Edge fillStyle0="0" fillStyle1="0" strokeStyle="0" edges="!0 0! 0 0"/>
    <Edge fillStyle0="0" fillStyle1="1" strokeStyle="0" edges="!0 0! 4841 3772| 5616 3150| 5648 3497| 5866 3378| 5942 3572| 5836 3488| 5737 3529[ 5634 3576 5616 3605[ 5599 3612 5562 3474[ 5525 3339 5533 3311[ 5537 3295 5298 3501| 5057 3710| 4841 3772"/>
  </edges>
</DOMShape>
                                   </elements>
            </DOMFrame>
          </frames>
        </DOMLayer>
        <DOMLayer name="Layer 32">
          <frames>
            <DOMFrame index="0" motionTweenScale="false" keyMode="8192">
              <elements>
<DOMShape isFloating="true">
                                             <fills>
  <FillStyle index="1">
    <SolidColor color="#b2b2b2"/>
  </FillStyle>
</fills>
                                             <strokes/>
  <edges>
    <Edge fillStyle0="0" fillStyle1="0" strokeStyle="0" edges="!0 0! 0 0"/>
    <Edge fillStyle0="1" fillStyle1="0" strokeStyle="0" edges="!0 0! 4764 3574| 4560 3409| 4521 3789| 4615 3538| 4785 3732| 4920 3424| 5051 3530| 5086 3481| 4917 3264| 4764 3574"/>
  </edges>
</DOMShape>
                                   </elements>
            </DOMFrame>
          </frames>
        </DOMLayer>
        <DOMLayer name="Layer 33">
          <frames>
            <DOMFrame index="0" motionTweenScale="false" keyMode="8192">
              <elements>
<DOMShape isFloating="true">
                                             <fills>
  <FillStyle index="1">
    <SolidColor color="#b2b2b2"/>
  </FillStyle>
</fills>
                                             <strokes/>
  <edges>
    <Edge fillStyle0="0" fillStyle1="0" strokeStyle="0" edges="!0 0! 0 0"/>
    <Edge fillStyle0="0" fillStyle1="1" strokeStyle="0" edges="!0 0! 6572 3836| 6625 4067| 6414 3740| 6190 3887| 6102 3648| 5964 3663| 6145 3518| 6223 3730| 6432 3590| 6572 3836"/>
  </edges>
</DOMShape>
                                   </elements>
            </DOMFrame>
          </frames>
        </DOMLayer>
        <DOMLayer name="Layer 34">
          <frames>
            <DOMFrame index="0" motionTweenScale="false" keyMode="8192">
              <elements>
<DOMShape isFloating="true">
                                             <fills>
  <FillStyle index="1">
    <SolidColor color="#b2b2b2"/>
  </FillStyle>
</fills>
                                             <strokes/>
  <edges>
    <Edge fillStyle0="0" fillStyle1="0" strokeStyle="0" edges="!0 0! 0 0"/>
    <Edge fillStyle0="1" fillStyle1="0" strokeStyle="0" edges="!0 0! 5581 4453| 5580 4516| 5668 4604| 5588 4670| 5714 4602| 5581 4453"/>
  </edges>
</DOMShape>
                                   </elements>
            </DOMFrame>
          </frames>
        </DOMLayer>
        <DOMLayer name="Layer 35">
          <frames>
            <DOMFrame index="0" motionTweenScale="false" keyMode="8192">
              <elements>
<DOMShape isFloating="true">
                                             <fills>
  <FillStyle index="1">
    <SolidColor color="#b2b2b2"/>
  </FillStyle>
</fills>
                                             <strokes/>
  <edges>
    <Edge fillStyle0="0" fillStyle1="0" strokeStyle="0" edges="!0 0! 0 0"/>
    <Edge fillStyle0="1" fillStyle1="0" strokeStyle="0" edges="!0 0! 4543 3618| 4446 4196[ 4355 4790 4379 4866| 4399 4936[ 4407 4964 4418 4983[ 4443 5020 4577 5127[ 4737 5277 5289 5309[ 5566 5325 5810 5310[ 5709 5159 5651 5141[ 5619 5132 5557 5155[ 5480 5183 5445 5186| 5300 5170[ 5177 5148 5055 5111[ 4712 5008 4614 4857[ 4520 4712 4522 4151[ 4523 3975 4533 3779| 4543 3618"/>
  </edges>
</DOMShape>
                                   </elements>
            </DOMFrame>
          </frames>
        </DOMLayer>
        <DOMLayer name="Layer 36">
          <frames>
            <DOMFrame index="0" motionTweenScale="false" keyMode="8192">
              <elements>
<DOMShape isFloating="true">
                                             <fills>
  <FillStyle index="1">
    <SolidColor color="#b2b2b2"/>
  </FillStyle>
</fills>
                                             <strokes/>
  <edges>
    <Edge fillStyle0="0" fillStyle1="0" strokeStyle="0" edges="!0 0! 0 0"/>
    <Edge fillStyle0="1" fillStyle1="0" strokeStyle="0" edges="!0 0! 6055 5293[ 6461 5251 6669 5077[ 6710 4975 6687 4827| 6664 4737| 6667 4775[ 6665 4866 6600 4945[ 6391 5199 5625 5242[ 5632 5271 5691 5300| 5797 5305| 6055 5293"/>
  </edges>
</DOMShape>
                                   </elements>
            </DOMFrame>
          </frames>
        </DOMLayer>
        <DOMLayer name="Layer 37">
          <frames>
            <DOMFrame index="0" motionTweenScale="false" keyMode="8192">
              <elements>
<DOMShape isFloating="true">
                                             <fills>
  <FillStyle index="1">
    <SolidColor color="#cfcfcf"/>
  </FillStyle>
</fills>
                                             <strokes/>
  <edges>
    <Edge fillStyle0="0" fillStyle1="0" strokeStyle="0" edges="!0 0! 0 0"/>
    <Edge fillStyle0="1" fillStyle1="0" strokeStyle="0" edges="!0 0! 6406 3590| 6248 3709| 6132 3519| 6020 3620| 5864 3367| 5689 3460| 5616 3150| 5126 3518| 4934 3255| 4787 3562| 4746 3569| 4583 3413| 4524 3663| 4396 4330[ 4354 4336 4308 4352[ 4216 4387 4198 4444[ 4181 4502 4261 4632[ 4300 4698 4343 4751| 4384 4959| 4410 5014[ 4455 5080 4551 5135[ 4861 5311 5571 5309[ 6281 5307 6559 5158[ 6646 5111 6678 5055| 6695 5009| 6715 4702[ 6746 4686 6777 4651[ 6838 4583 6832 4497[ 6826 4411 6746 4364| 6690 4340| 6666 4335| 6551 3752| 6406 3590"/>
  </edges>
</DOMShape>
                                   </elements>
            </DOMFrame>
          </frames>
        </DOMLayer>
        <DOMLayer name="Layer 38">
          <frames>
            <DOMFrame index="0" motionTweenScale="false" keyMode="8192">
              <elements>
<DOMShape isFloating="true">
                                             <fills>
  <FillStyle index="1">
    <SolidColor color="#000000"/>
  </FillStyle>
</fills>
                                             <strokes/>
  <edges>
    <Edge fillStyle0="0" fillStyle1="0" strokeStyle="0" edges="!0 0! 0 0"/>
    <Edge fillStyle0="0" fillStyle1="1" strokeStyle="0" edges="!0 0! 6691 3649| 6697 4322| 4413 4307| 4295 3717| 4404 3749| 4494 3243| 4718 3476| 5008 2792| 5204 3262| 5477 2614| 5690 3056| 5950 2786| 6215 3405| 6449 3164| 6558 3698| 6691 3649"/>
  </edges>
</DOMShape>
                                   </elements>
            </DOMFrame>
          </frames>
        </DOMLayer>
        <DOMLayer name="Layer 39">
          <frames>
            <DOMFrame index="0" motionTweenScale="false" keyMode="8192">
              <elements>
<DOMShape isFloating="true">
                                             <fills>
  <FillStyle index="1">
    <SolidColor color="#000000"/>
  </FillStyle>
</fills>
                                             <strokes/>
  <edges>
    <Edge fillStyle0="0" fillStyle1="0" strokeStyle="0" edges="!0 0! 0 0"/>
    <Edge fillStyle0="1" fillStyle1="0" strokeStyle="0" edges="!0 0! 6373 3492| 6265 3631| 6101 3367| 5995 3538| 5824 3294| 5730 3419| 5683 3093| 5114 3473| 4893 2860| 4726 3207[ 4670 3168 4616 3107[ 4507 2985 4516 2873[ 4462 2871 4386 3593[ 4348 3955 4320 4317| 4399 4289| 4571 3474| 4752 3620| 4905 3364| 5114 3568| 5604 3231| 5677 3513| 5854 3437| 6006 3640| 6132 3565| 6235 3738| 6415 3654| 6540 3839| 6647 4272| 6765 4322| 6798 4177| 6664 4156| 6559 3595| 6373 3492"/>
  </edges>
</DOMShape>
                                   </elements>
            </DOMFrame>
          </frames>
        </DOMLayer>
        <DOMLayer name="Layer 40">
          <frames>
            <DOMFrame index="0" motionTweenScale="false" keyMode="8192">
              <elements>
<DOMShape isFloating="true">
                                             <fills>
  <FillStyle index="1">
    <SolidColor color="#000000"/>
  </FillStyle>
</fills>
                                             <strokes/>
  <edges>
    <Edge fillStyle0="0" fillStyle1="0" strokeStyle="0" edges="!0 0! 0 0"/>
    <Edge fillStyle0="0" fillStyle1="1" strokeStyle="0" edges="!0 0! 6779 3523| 6741 4199| 6655 4164| 6568 3652| 6779 3523"/>
  </edges>
</DOMShape>
                                   </elements>
            </DOMFrame>
          </frames>
        </DOMLayer>
        <DOMLayer name="Layer 41">
          <frames>
            <DOMFrame index="0" motionTweenScale="false" keyMode="8192">
              <elements>
<DOMShape isFloating="true">
                                             <fills>
  <FillStyle index="1">
    <SolidColor color="#000000"/>
  </FillStyle>
</fills>
                                             <strokes/>
  <edges>
    <Edge fillStyle0="0" fillStyle1="0" strokeStyle="0" edges="!0 0! 0 0"/>
    <Edge fillStyle0="1" fillStyle1="0" strokeStyle="0" edges="!0 0! 6489 2827[ 6407 3085 6096 3529| 6304 3680| 6596 3663[ 6538 2840 6489 2827"/>
  </edges>
</DOMShape>
                                   </elements>
            </DOMFrame>
          </frames>
        </DOMLayer>
        <DOMLayer name="Layer 42">
          <frames>
            <DOMFrame index="0" motionTweenScale="false" keyMode="8192">
              <elements>
<DOMShape isFloating="true">
                                             <fills>
  <FillStyle index="1">
    <SolidColor color="#000000"/>
  </FillStyle>
</fills>
                                             <strokes/>
  <edges>
    <Edge fillStyle0="0" fillStyle1="0" strokeStyle="0" edges="!0 0! 0 0"/>
    <Edge fillStyle0="0" fillStyle1="1" strokeStyle="0" edges="!0 0! 5088 2433[ 5036 2577 5242 2946[ 5346 3130 5459 3285| 5132 3474| 4904 3349| 4798 3524| 4684 3439[ 4752 3216 4835 2978[ 5003 2503 5088 2433"/>
  </edges>
</DOMShape>
                                   </elements>
            </DOMFrame>
          </frames>
        </DOMLayer>
        <DOMLayer name="Layer 43">
          <frames>
            <DOMFrame index="0" motionTweenScale="false" keyMode="8192">
              <elements>
<DOMShape isFloating="true">
                                             <fills>
  <FillStyle index="1">
    <SolidColor color="#000000"/>
  </FillStyle>
</fills>
                                             <strokes/>
  <edges>
    <Edge fillStyle0="0" fillStyle1="0" strokeStyle="0" edges="!0 0! 0 0"/>
    <Edge fillStyle0="0" fillStyle1="1" strokeStyle="0" edges="!0 0! 5655 3468| 5182 3135| 5478 2259| 5833 3373| 5655 3468"/>
  </edges>
</DOMShape>
                                   </elements>
            </DOMFrame>
          </frames>
        </DOMLayer>
        <DOMLayer name="Layer 44">
          <frames>
            <DOMFrame index="0" motionTweenScale="false" keyMode="8192">
              <elements>
<DOMShape isFloating="true">
                                             <fills>
  <FillStyle index="1">
    <SolidColor color="#000000"/>
  </FillStyle>
</fills>
                                             <strokes/>
  <edges>
    <Edge fillStyle0="0" fillStyle1="0" strokeStyle="0" edges="!0 0! 0 0"/>
    <Edge fillStyle0="0" fillStyle1="1" strokeStyle="0" edges="!0 0! 6145 2959[ 6221 3227 6283 3490| 5980 3584| 5587 3140[ 5678 3011 5765 2854[ 5941 2541 5923 2402[ 5994 2423 6145 2959"/>
  </edges>
</DOMShape>
                                   </elements>
            </DOMFrame>
          </frames>
        </DOMLayer>
        <DOMLayer name="Layer 45">
          <frames>
            <DOMFrame index="0" motionTweenScale="false" keyMode="8192">
              <elements>
<DOMShape isFloating="true">
                                             <fills>
  <FillStyle index="1">
    <SolidColor color="#000000"/>
  </FillStyle>
</fills>
                                             <strokes/>
  <edges>
    <Edge fillStyle0="0" fillStyle1="0" strokeStyle="0" edges="!0 0! 0 0"/>
    <Edge fillStyle0="0" fillStyle1="1" strokeStyle="0" edges="!0 0! 4443 3709| 4357 4240| 4230 3602| 4443 3709"/>
  </edges>
</DOMShape>
                                   </elements>
            </DOMFrame>
          </frames>
        </DOMLayer>
        <DOMLayer name="Layer 46">
          <frames>
            <DOMFrame index="0" motionTweenScale="false" keyMode="8192">
              <elements>
<DOMShape isFloating="true">
                                             <fills>
  <FillStyle index="1">
    <SolidColor color="#000000"/>
  </FillStyle>
</fills>
                                             <strokes/>
  <edges>
    <Edge fillStyle0="0" fillStyle1="0" strokeStyle="0" edges="!0 0! 0 0"/>
    <Edge fillStyle0="0" fillStyle1="1" strokeStyle="0" edges="!0 0! 6620 2942[ 6651 3168 6669 3389[ 7005 3272 6971 3298[ 6895 3356 6845 3873[ 6820 4131 6809 4378| 4266 4357| 4100 3320| 4313 3441| 4490 2553| 4640 2834| 5076 2106| 5250 2277| 5510 1914| 5707 2260| 5924 2052| 6288 2801| 6368 2637[ 6456 2472 6492 2465[ 6557 2489 6620 2942"/>
  </edges>
</DOMShape>
                                   </elements>
            </DOMFrame>
          </frames>
        </DOMLayer>
        <DOMLayer name="Layer 47">
          <frames>
            <DOMFrame index="0" motionTweenScale="false" keyMode="8192">
              <elements>
<DOMShape isFloating="true">
                                             <fills>
  <FillStyle index="1">
    <SolidColor color="#000000"/>
  </FillStyle>
</fills>
                                             <strokes/>
  <edges>
    <Edge fillStyle0="0" fillStyle1="0" strokeStyle="0" edges="!0 0! 0 0"/>
    <Edge fillStyle0="0" fillStyle1="1" strokeStyle="0" edges="!0 0! 5291 5172| 5314 5184| 5275 5426[ 5240 5675 5265 5705[ 5315 5762 5576 5777[ 5779 5789 5821 5714[ 5840 5681 5768 5208| 5791 5191[ 5884 5707 5877 5746[ 5870 5780 5795 5805[ 5706 5834 5576 5827[ 5237 5810 5207 5736[ 5190 5697 5239 5431| 5291 5172"/>
  </edges>
</DOMShape>
                                   </elements>
            </DOMFrame>
          </frames>
        </DOMLayer>
        <DOMLayer name="Layer 48">
          <frames>
            <DOMFrame index="0" motionTweenScale="false" keyMode="8192">
              <elements>
<DOMShape isFloating="true">
                                             <fills>
  <FillStyle index="1">
    <SolidColor color="#b2b2b2"/>
  </FillStyle>
</fills>
                                             <strokes/>
  <edges>
    <Edge fillStyle0="0" fillStyle1="0" strokeStyle="0" edges="!0 0! 0 0"/>
    <Edge fillStyle0="0" fillStyle1="1" strokeStyle="0" edges="!0 0! 5372 5293| 5728 5316| 5721 5335| 5696 5375[ 5647 5434 5559 5438[ 5471 5442 5413 5368[ 5394 5344 5381 5316| 5372 5293"/>
  </edges>
</DOMShape>
                                   </elements>
            </DOMFrame>
          </frames>
        </DOMLayer>
        <DOMLayer name="Layer 49">
          <frames>
            <DOMFrame index="0" motionTweenScale="false" keyMode="8192">
              <elements>
<DOMShape isFloating="true">
                                             <fills>
  <FillStyle index="1">
    <SolidColor color="#000000"/>
  </FillStyle>
</fills>
                                             <strokes/>
  <edges>
    <Edge fillStyle0="0" fillStyle1="0" strokeStyle="0" edges="!0 0! 0 0"/>
    <Edge fillStyle0="0" fillStyle1="1" strokeStyle="0" edges="!0 0! 5539 5506[ 5522 5532 5538 5563[ 5553 5593 5539 5611[ 5525 5629 5499 5619[ 5480 5612 5480 5640[ 5480 5668 5518 5662[ 5567 5654 5590 5674[ 5637 5716 5620 5804| 5291 5779| 5221 5714| 5283 5224| 5372 5203| 5691 5287| 5539 5506"/>
  </edges>
</DOMShape>
                                   </elements>
            </DOMFrame>
          </frames>
        </DOMLayer>
        <DOMLayer name="Layer 50">
          <frames>
            <DOMFrame index="0" motionTweenScale="false" keyMode="8192">
              <elements>
<DOMShape isFloating="true">
                                             <fills>
  <FillStyle index="1">
    <SolidColor color="#393939"/>
  </FillStyle>
</fills>
                                             <strokes/>
  <edges>
    <Edge fillStyle0="0" fillStyle1="0" strokeStyle="0" edges="!5233 5679! 0 0"/>
    <Edge fillStyle0="0" fillStyle1="1" strokeStyle="0" edges="!0 0! 5293 5180| 5791 5201| 5846 5758| 5530 5811| 5221 5714| 5293 5180"/>
  </edges>
</DOMShape>
                                   </elements>
            </DOMFrame>
          </frames>
        </DOMLayer>
        <DOMLayer name="Layer 51">
          <frames>
            <DOMFrame index="0" motionTweenScale="false" keyMode="8192">
              <elements>
<DOMShape isFloating="true">
                                             <fills>
  <FillStyle index="1">
    <SolidColor color="#000000"/>
  </FillStyle>
</fills>
                                             <strokes/>
  <edges>
    <Edge fillStyle0="0" fillStyle1="0" strokeStyle="0" edges="!0 0! 0 0"/>
    <Edge fillStyle0="1" fillStyle1="0" strokeStyle="0" edges="!0 0! 5233 5679[ 5149 6002 5173 6051[ 5197 6098 5413 6096[ 5529 6093 5543 6070| 5545 6074[ 5562 6102 5711 6101[ 5898 6100 5916 6071[ 5932 6041 5861 5698| 5858 5683| 5237 5663| 5233 5679"/>
    <Edge fillStyle0="1" fillStyle1="0" strokeStyle="0" edges="!5233 5679! 5825 5723[ 5881 5998 5880 6047| 5732 6060| 5578 6050| 5579 6053| 5576 6049| 5578 6050[ 5567 6024 5573 5903| 5532 5899| 5508 6048| 5356 6055[ 5228 6051 5209 6032[ 5193 5992 5269 5705| 5825 5723"/>
  </edges>
</DOMShape>
                                   </elements>
            </DOMFrame>
          </frames>
        </DOMLayer>
        <DOMLayer name="Layer 52">
          <frames>
            <DOMFrame index="0" motionTweenScale="false" keyMode="8192">
              <elements>
<DOMShape isFloating="true">
                                             <fills>
  <FillStyle index="1">
    <SolidColor color="#e1e1e1"/>
  </FillStyle>
</fills>
                                             <strokes/>
  <edges>
    <Edge fillStyle0="0" fillStyle1="0" strokeStyle="0" edges="!0 0! 0 0"/>
    <Edge fillStyle0="0" fillStyle1="1" strokeStyle="0" edges="!0 0! 5243 5768| 5838 5775| 5859 5825| 5823 5810| 5831 5822[ 5835 5836 5819 5853[ 5795 5882 5737 5843[ 5745 5903 5720 5899[ 5711 5898 5697 5870[ 5686 5844 5660 5846[ 5635 5848 5632 5861[ 5627 5875 5609 5878[ 5585 5882 5574 5870| 5567 5857| 5539 5882| 5560 5907| 5510 6071| 5250 6067[ 5225 6032 5228 5996[ 5230 5981 5251 5981[ 5271 5982 5271 5953[ 5271 5920 5257 5840| 5243 5768"/>
  </edges>
</DOMShape>
                                   </elements>
            </DOMFrame>
          </frames>
        </DOMLayer>
        <DOMLayer name="Layer 53">
          <frames>
            <DOMFrame index="0" motionTweenScale="false" keyMode="8192">
              <elements>
<DOMShape isFloating="true">
                                             <fills>
  <FillStyle index="1">
    <SolidColor color="#ffffff"/>
  </FillStyle>
</fills>
                                             <strokes/>
  <edges>
    <Edge fillStyle0="0" fillStyle1="0" strokeStyle="0" edges="!6223 5555! 0 0"/>
    <Edge fillStyle0="1" fillStyle1="0" strokeStyle="0" edges="!0 0! 5214 5846[ 5178 6014 5191 6041[ 5206 6072 5362 6075[ 5515 6079 5524 6060| 5553 5902| 5551 5973[ 5551 6046 5562 6064[ 5575 6083 5732 6080[ 5888 6077 5898 6060[ 5911 6039 5841 5703| 5253 5684| 5214 5846"/>
  </edges>
</DOMShape>
                                   </elements>
            </DOMFrame>
          </frames>
        </DOMLayer>
        <DOMLayer name="Layer 54">
          <frames>
            <DOMFrame index="0" motionTweenScale="false" keyMode="8192">
              <elements>
<DOMShape isFloating="true">
                                             <fills>
  <FillStyle index="1">
    <SolidColor color="#000000"/>
  </FillStyle>
</fills>
                                             <strokes/>
  <edges>
    <Edge fillStyle0="0" fillStyle1="0" strokeStyle="0" edges="!0 0! 0 0"/>
    <Edge fillStyle0="1" fillStyle1="0" strokeStyle="0" edges="!0 0! 6223 5555[ 6190 5459 5963 5289| 5728 5128| 5840 5294[ 5953 5480 5958 5585[ 5963 5716 6049 5776[ 6108 5819 6157 5803[ 6201 5789 6225 5742[ 6262 5669 6223 5555"/>
    <Edge fillStyle0="1" fillStyle1="0" strokeStyle="0" edges="!6223 5555! 5876 5303| 5758 5158| 5953 5312[ 6152 5480 6182 5569[ 6215 5667 6187 5723[ 6171 5754 6143 5763[ 6116 5772 6074 5742[ 6004 5692 6000 5583[ 5996 5470 5876 5303"/>
  </edges>
</DOMShape>
                                   </elements>
            </DOMFrame>
          </frames>
        </DOMLayer>
        <DOMLayer name="Layer 55">
          <frames>
            <DOMFrame index="0" motionTweenScale="false" keyMode="8192">
              <elements>
<DOMShape isFloating="true">
                                             <fills>
  <FillStyle index="1">
    <SolidColor color="#b2b2b2"/>
  </FillStyle>
</fills>
                                             <strokes/>
  <edges>
    <Edge fillStyle0="0" fillStyle1="0" strokeStyle="0" edges="!0 0! 0 0"/>
    <Edge fillStyle0="1" fillStyle1="0" strokeStyle="0" edges="!0 0! 5845 5246| 5945 5357[ 6049 5477 6074 5522[ 6095 5560 6085 5601[ 6073 5647 6086 5683[ 6114 5759 6191 5775| 6226 5591| 6126 5438| 5873 5230| 5841 5218| 5845 5246"/>
  </edges>
</DOMShape>
                                   </elements>
            </DOMFrame>
          </frames>
        </DOMLayer>
        <DOMLayer name="Layer 56">
          <frames>
            <DOMFrame index="0" motionTweenScale="false" keyMode="8192">
              <elements>
<DOMShape isFloating="true">
                                             <fills>
  <FillStyle index="1">
    <SolidColor color="#cfcfcf"/>
  </FillStyle>
</fills>
                                             <strokes/>
  <edges>
    <Edge fillStyle0="0" fillStyle1="0" strokeStyle="0" edges="!5327 5039! 0 0"/>
    <Edge fillStyle0="0" fillStyle1="1" strokeStyle="0" edges="!0 0! 5856 5293| 5738 5133| 5951 5291[ 6170 5468 6202 5562[ 6236 5661 6210 5724[ 6191 5769 6149 5783[ 6107 5797 6052 5752[ 5983 5695 5978 5584[ 5974 5474 5856 5293"/>
  </edges>
</DOMShape>
                                   </elements>
            </DOMFrame>
          </frames>
        </DOMLayer>
        <DOMLayer name="Layer 57">
          <frames>
            <DOMFrame index="0" motionTweenScale="false" keyMode="8192">
              <elements>
<DOMShape isFloating="true">
                                             <fills>
  <FillStyle index="1">
    <SolidColor color="#000000"/>
  </FillStyle>
</fills>
                                             <strokes/>
  <edges>
    <Edge fillStyle0="0" fillStyle1="0" strokeStyle="0" edges="!0 0! 0 0"/>
    <Edge fillStyle0="1" fillStyle1="0" strokeStyle="0" edges="!0 0! 5327 5039| 5092 5199[ 4864 5370 4832 5466[ 4792 5580 4829 5652[ 4854 5700 4898 5714[ 4946 5729 5005 5687[ 5091 5627 5097 5496[ 5101 5391 5214 5205| 5327 5039"/>
    <Edge fillStyle0="1" fillStyle1="0" strokeStyle="0" edges="!5327 5039! 5178 5213[ 5058 5381 5054 5494[ 5050 5603 4981 5652[ 4938 5683 4911 5673[ 4883 5665 4867 5634[ 4839 5578 4872 5480[ 4902 5391 5101 5223| 5296 5069| 5178 5213"/>
  </edges>
</DOMShape>
                                   </elements>
            </DOMFrame>
          </frames>
        </DOMLayer>
        <DOMLayer name="Layer 58">
          <frames>
            <DOMFrame index="0" motionTweenScale="false" keyMode="8192">
              <elements>
<DOMShape isFloating="true">
                                             <fills>
  <FillStyle index="1">
    <SolidColor color="#b2b2b2"/>
  </FillStyle>
</fills>
                                             <strokes/>
  <edges>
    <Edge fillStyle0="0" fillStyle1="0" strokeStyle="0" edges="!0 0! 0 0"/>
    <Edge fillStyle0="0" fillStyle1="1" strokeStyle="0" edges="!0 0! 5209 5157| 5109 5268[ 5005 5388 4980 5433[ 4959 5471 4969 5512[ 4981 5558 4968 5594[ 4940 5670 4864 5686| 4828 5502| 4928 5349| 5181 5141| 5213 5129| 5209 5157"/>
  </edges>
</DOMShape>
                                   </elements>
            </DOMFrame>
          </frames>
        </DOMLayer>
        <DOMLayer name="Layer 59">
          <frames>
            <DOMFrame index="0" motionTweenScale="false" keyMode="8192">
              <elements>
                                        <DOMShape isFloating="true">
                                             <fills>
  <FillStyle index="1">
    <SolidColor color="#cfcfcf"/>
  </FillStyle>
</fills>
                                             <strokes/>
  <edges>
    <Edge fillStyle0="1" edges="!0 0! 5316 5044| 5103 5202[ 4884 5379 4852 5473[ 4818 5572 4844 5635[ 4864 5680 4904 5694[ 4948 5707 5002 5663[ 5071 5607 5075 5495[ 5080 5385 5198 5204| 5316 5044"/>
  </edges>
</DOMShape>
                                   </elements>
            </DOMFrame>
          </frames>
        </DOMLayer>
      </layers>
    </DOMTimeline>
  </timeline>
</DOMSymbolItem>
