<DOMSymbolItem xmlns="http://ns.adobe.com/xfl/2008/" xmlns:xsi="http://www.w3.org/2001/XMLSchema-instance" name="Symbol 62" lastModified="1635072455" symbolType="graphic">
  <timeline>
    <DOMTimeline name="Symbol 62" currentFrame="0">
      <layers>
        <DOMLayer name="Layer 1">
          <frames>
            <DOMFrame index="0" motionTweenScale="false" keyMode="8192">
              <elements>
<DOMShape isFloating="true">
                                             <fills>
  <FillStyle index="1">
    <SolidColor color="#ffffff"/>
  </FillStyle>
  <FillStyle index="2">
    <SolidColor color="#990000"/>
  </FillStyle>
</fills>
                                             <strokes/>
  <edges>
    <Edge fillStyle0="0" fillStyle1="0" strokeStyle="0" edges="!1249 614! 0 0"/>
    <Edge fillStyle0="2" fillStyle1="0" strokeStyle="0" edges="!0 0! 1195 661[ 1305 771 1305 927[ 1305 1083 1195 1193[ 1085 1303 929 1303[ 773 1303 663 1193[ 553 1083 553 927[ 553 771 663 661[ 773 551 929 551[ 1085 551 1195 661"/>
    <Edge fillStyle0="1" fillStyle1="2" strokeStyle="0" edges="!1195 661! 1406 933[ 1405 1129 1267 1268[ 1128 1406 932 1406[ 735 1406 597 1268[ 458 1129 458 933[ 458 736 597 598[ 735 459 932 459[ 1128 459 1267 598[ 1405 736 1406 933"/>
    <Edge fillStyle0="0" fillStyle1="1" strokeStyle="0" edges="!1406 933! 1487 353[ 1722 588 1722 921[ 1722 1253 1487 1488[ 1252 1723 920 1723[ 588 1723 353 1488[ 118 1253 118 921[ 118 588 353 353[ 588 118 920 119[ 1252 118 1487 353"/>
    <Edge fillStyle0="2" fillStyle1="0" strokeStyle="0" edges="!1487 353! 656 656[ 541 771 541 933| 543 972| 541 933[ 541 771 655 656| 670 642| 656 656"/>
    <Edge fillStyle0="0" fillStyle1="2" strokeStyle="0" edges="!656 656! 932 1324| 959 1323| 932 1323| 892 1322| 932 1324"/>
  </edges>
</DOMShape>
                                   </elements>
            </DOMFrame>
          </frames>
        </DOMLayer>
        <DOMLayer name="Layer 2">
          <frames>
            <DOMFrame index="0" motionTweenScale="false" keyMode="8192">
              <elements>
                                        <DOMShape isFloating="true">
                                             <fills>
  <FillStyle index="1">
    <SolidColor color="#990000"/>
  </FillStyle>
</fills>
                                             <strokes/>
  <edges>
    <Edge fillStyle0="1" edges="!0 0! 1249 614[ 1380 746 1380 932[ 1380 1117 1249 1249[ 1117 1380 932 1380[ 746 1380 614 1249[ 483 1117 483 932[ 483 746 614 614[ 746 483 932 483[ 1117 483 1249 614"/>
    <Edge fillStyle0="0" fillStyle1="1" edges="!1249 614! 270 269[ 539 0 921 0[ 1302 0 1572 269[ 1841 539 1841 920[ 1841 1302 1572 1571[ 1302 1841 921 1841[ 539 1841 270 1571[ 0 1302 0 920[ 0 539 270 269"/>
  </edges>
</DOMShape>
                                   </elements>
            </DOMFrame>
          </frames>
        </DOMLayer>
      </layers>
    </DOMTimeline>
  </timeline>
</DOMSymbolItem>
