<DOMSymbolItem xmlns="http://ns.adobe.com/xfl/2008/" xmlns:xsi="http://www.w3.org/2001/XMLSchema-instance" name="Symbol 225" lastModified="1635072455" symbolType="graphic">
  <timeline>
    <DOMTimeline name="Symbol 225" currentFrame="0">
      <layers>
        <DOMLayer name="Layer 1">
          <frames>
            <DOMFrame index="0" motionTweenScale="false" keyMode="8192">
              <elements>
<DOMShape isFloating="true">
                                             <fills>
  <FillStyle index="1">
    <SolidColor color="#ffffff" alpha="1.0"/>
  </FillStyle>
</fills>
                                             <strokes>
  <StrokeStyle index="1">
    <SolidStroke weight="1.0" scaleMode="normal">
      <fill>
        <SolidColor color="#000000"/>
      </fill>
    </SolidStroke>
  </StrokeStyle>
</strokes>
  <edges>
    <Edge fillStyle0="0" fillStyle1="0" strokeStyle="0" edges="!0 0! 0 0"/>
    <Edge fillStyle0="0" fillStyle1="1" strokeStyle="1" edges="!0 0! 495 14[ 472 36 441 36[ 410 36 388 14[ 365 -9 366 -40[ 365 -71 388 -93[ 410 -116 441 -115[ 472 -116 495 -93[ 517 -71 517 -40[ 517 -9 495 14"/>
  </edges>
</DOMShape>
                                   </elements>
            </DOMFrame>
          </frames>
        </DOMLayer>
        <DOMLayer name="Layer 2">
          <frames>
            <DOMFrame index="0" motionTweenScale="false" keyMode="8192">
              <elements>
                                        <DOMShape isFloating="true">
                                             <fills>
  <FillStyle index="1">
    <SolidColor color="#ffffff" alpha="1.0"/>
  </FillStyle>
</fills>
                                             <strokes>
  <StrokeStyle index="1">
    <SolidStroke weight="1.0" scaleMode="normal">
      <fill>
        <SolidColor color="#000000"/>
      </fill>
    </SolidStroke>
  </StrokeStyle>
</strokes>
  <edges>
    <Edge fillStyle1="1" strokeStyle="1" edges="!0 0! -219 226[ -241 248 -272 248[ -304 248 -326 226[ -348 204 -348 172[ -348 141 -326 119[ -304 97 -272 97[ -241 97 -219 119[ -197 141 -197 172[ -197 204 -219 226"/>
  </edges>
</DOMShape>
                                   </elements>
            </DOMFrame>
          </frames>
        </DOMLayer>
      </layers>
    </DOMTimeline>
  </timeline>
</DOMSymbolItem>
