<DOMSymbolItem xmlns="http://ns.adobe.com/xfl/2008/" xmlns:xsi="http://www.w3.org/2001/XMLSchema-instance" name="Symbol 40" lastModified="1635072455">
  <timeline>
    <DOMTimeline name="Symbol 40">
      <layers>
        <DOMLayer name="Script Layer" color="#5ca6a5">
          <frames>
            <DOMFrame index="0" duration="9" keyMode="9728">
              <elements/>
            </DOMFrame>
            <DOMFrame index="9" keyMode="9728">
              <Actionscript>
                <script><![CDATA[stop();
]]></script>
              </Actionscript>
              <elements/>
            </DOMFrame>
          </frames>
        </DOMLayer>
                    <DOMLayer name="Layer 2" color="#7f4ac1">
                         <frames>
                              <DOMFrame index="0" keyMode="9728">
  <elements>
                                        <DOMSymbolInstance libraryItemName="Symbol 33" symbolType="graphic" loop="loop">
  <matrix>
    <Matrix tx="62.8" ty="176.3" a="-1.0" d="1.0"/>
  </matrix>
  <transformationPoint>
    <Point/>
  </transformationPoint>
</DOMSymbolInstance>
                                   </elements>
</DOMFrame>
<DOMFrame index="1" keyMode="9728">
  <elements>
                                        <DOMSymbolInstance libraryItemName="Symbol 33" symbolType="graphic" loop="loop">
  <matrix>
    <Matrix tx="61.95" ty="176.55" a="-0.999481201171875" d="0.9438018798828125" b="-0.0133209228515625" c="0.326263427734375"/>
  </matrix>
  <transformationPoint>
    <Point/>
  </transformationPoint>
</DOMSymbolInstance>
                                   </elements>
</DOMFrame>
<DOMFrame index="2" keyMode="9728">
  <elements>
                                        <DOMSymbolInstance libraryItemName="Symbol 33" symbolType="graphic" loop="loop">
  <matrix>
    <Matrix tx="61.3" ty="176.9" a="-0.9987945556640625" d="0.7823028564453125" b="-0.0266265869140625" c="0.619110107421875"/>
  </matrix>
  <transformationPoint>
    <Point/>
  </transformationPoint>
</DOMSymbolInstance>
                                   </elements>
</DOMFrame>
<DOMFrame index="3" keyMode="9728">
  <elements>
                                        <DOMSymbolInstance libraryItemName="Symbol 33" symbolType="graphic" loop="loop">
  <matrix>
    <Matrix tx="60.65" ty="177.45" a="-0.9979248046875" d="0.533599853515625" b="-0.0399169921875" c="0.8426361083984375"/>
  </matrix>
  <transformationPoint>
    <Point/>
  </transformationPoint>
</DOMSymbolInstance>
                                   </elements>
</DOMFrame>
<DOMFrame index="4" keyMode="9728">
  <elements>
                                        <DOMSymbolInstance libraryItemName="Symbol 33" symbolType="graphic" loop="loop">
  <matrix>
    <Matrix tx="60.25" ty="178.15" a="-0.9968719482421875" d="0.2255096435546875" b="-0.053192138671875" c="0.9719390869140625"/>
  </matrix>
  <transformationPoint>
    <Point/>
  </transformationPoint>
</DOMSymbolInstance>
                                   </elements>
</DOMFrame>
<DOMFrame index="5" keyMode="9728">
  <elements>
                                        <DOMSymbolInstance libraryItemName="Symbol 33" symbolType="graphic" loop="loop">
  <matrix>
    <Matrix tx="59.95" ty="178.95" a="-0.99542236328125" d="-0.1009979248046875" b="-0.0697021484375" c="0.9926300048828125"/>
  </matrix>
  <transformationPoint>
    <Point/>
  </transformationPoint>
</DOMSymbolInstance>
                                   </elements>
</DOMFrame>
<DOMFrame index="6" keyMode="9728">
  <elements>
                                        <DOMSymbolInstance libraryItemName="Symbol 33" symbolType="graphic" loop="loop">
  <matrix>
    <Matrix tx="59.95" ty="179.6" a="-0.993988037109375" d="-0.42236328125" b="-0.0829315185546875" c="0.9025115966796875"/>
  </matrix>
  <transformationPoint>
    <Point/>
  </transformationPoint>
</DOMSymbolInstance>
                                   </elements>
</DOMFrame>
<DOMFrame index="7" keyMode="9728">
  <elements>
                                        <DOMSymbolInstance libraryItemName="Symbol 33" symbolType="graphic" loop="loop">
  <matrix>
    <Matrix tx="60.1" ty="180.2" a="-0.99237060546875" d="-0.696319580078125" b="-0.09613037109375" c="0.71173095703125"/>
  </matrix>
  <transformationPoint>
    <Point/>
  </transformationPoint>
</DOMSymbolInstance>
                                   </elements>
</DOMFrame>
<DOMFrame index="8" keyMode="9728">
  <elements>
                                        <DOMSymbolInstance libraryItemName="Symbol 33" symbolType="graphic" loop="loop">
  <matrix>
    <Matrix tx="60.3" ty="180.65" a="-0.990570068359375" d="-0.892333984375" b="-0.1092987060546875" c="0.4416351318359375"/>
  </matrix>
  <transformationPoint>
    <Point/>
  </transformationPoint>
</DOMSymbolInstance>
                                   </elements>
</DOMFrame>
<DOMFrame index="9" keyMode="9728">
  <elements>
                                        <DOMSymbolInstance libraryItemName="Symbol 33" symbolType="graphic" loop="loop">
  <matrix>
    <Matrix tx="60.65" ty="181.05" a="-0.9886322021484375" d="-0.9886322021484375" b="-0.1254425048828125" c="0.1254425048828125"/>
  </matrix>
  <transformationPoint>
    <Point/>
  </transformationPoint>
</DOMSymbolInstance>
                                   </elements>
</DOMFrame>
                         </frames>
                    </DOMLayer>
                    <DOMLayer name="Layer 3" color="#cdad75">
                         <frames>
                              <DOMFrame index="0" keyMode="9728">
  <elements>
                                        <DOMSymbolInstance libraryItemName="Symbol 34" symbolType="graphic" loop="loop">
  <matrix>
    <Matrix tx="0.0" ty="0.0"/>
  </matrix>
  <transformationPoint>
    <Point/>
  </transformationPoint>
</DOMSymbolInstance>
                                   </elements>
</DOMFrame>
<DOMFrame index="1" keyMode="9728">
  <elements>
                                        <DOMSymbolInstance libraryItemName="Symbol 34" symbolType="graphic" loop="loop">
  <matrix>
    <Matrix tx="3.45" ty="-1.25" a="0.9995880126953125" d="0.9995880126953125" b="0.022308349609375" c="-0.022308349609375"/>
  </matrix>
  <transformationPoint>
    <Point/>
  </transformationPoint>
</DOMSymbolInstance>
                                   </elements>
</DOMFrame>
<DOMFrame index="2" keyMode="9728">
  <elements>
                                        <DOMSymbolInstance libraryItemName="Symbol 34" symbolType="graphic" loop="loop">
  <matrix>
    <Matrix tx="6.9" ty="-2.35" a="0.9987030029296875" d="0.9987030029296875" b="0.0446014404296875" c="-0.0446014404296875"/>
  </matrix>
  <transformationPoint>
    <Point/>
  </transformationPoint>
</DOMSymbolInstance>
                                   </elements>
</DOMFrame>
<DOMFrame index="3" keyMode="9728">
  <elements>
                                        <DOMSymbolInstance libraryItemName="Symbol 34" symbolType="graphic" loop="loop">
  <matrix>
    <Matrix tx="11.0" ty="-3.55" a="0.9970703125" d="0.9970703125" b="0.07012939453125" c="-0.07012939453125"/>
  </matrix>
  <transformationPoint>
    <Point/>
  </transformationPoint>
</DOMSymbolInstance>
                                   </elements>
</DOMFrame>
<DOMFrame index="4" keyMode="9728">
  <elements>
                                        <DOMSymbolInstance libraryItemName="Symbol 34" symbolType="graphic" loop="loop">
  <matrix>
    <Matrix tx="14.5" ty="-4.55" a="0.9951171875" d="0.9951171875" b="0.09234619140625" c="-0.09234619140625"/>
  </matrix>
  <transformationPoint>
    <Point/>
  </transformationPoint>
</DOMSymbolInstance>
                                   </elements>
</DOMFrame>
<DOMFrame index="5" keyMode="9728">
  <elements>
                                        <DOMSymbolInstance libraryItemName="Symbol 34" symbolType="graphic" loop="loop">
  <matrix>
    <Matrix tx="18.65" ty="-5.65" a="0.992279052734375" d="0.992279052734375" b="0.1177825927734375" c="-0.1177825927734375"/>
  </matrix>
  <transformationPoint>
    <Point/>
  </transformationPoint>
</DOMSymbolInstance>
                                   </elements>
</DOMFrame>
<DOMFrame index="6" keyMode="9728">
  <elements>
                                        <DOMSymbolInstance libraryItemName="Symbol 34" symbolType="graphic" loop="loop">
  <matrix>
    <Matrix tx="22.3" ty="-6.35" a="0.9892578125" d="0.9892578125" b="0.1398773193359375" c="-0.1398773193359375"/>
  </matrix>
  <transformationPoint>
    <Point/>
  </transformationPoint>
</DOMSymbolInstance>
                                   </elements>
</DOMFrame>
<DOMFrame index="7" keyMode="9728">
  <elements>
                                        <DOMSymbolInstance libraryItemName="Symbol 34" symbolType="graphic" loop="loop">
  <matrix>
    <Matrix tx="26.5" ty="-7.15" a="0.9851837158203125" d="0.9851837158203125" b="0.165130615234375" c="-0.165130615234375"/>
  </matrix>
  <transformationPoint>
    <Point/>
  </transformationPoint>
</DOMSymbolInstance>
                                   </elements>
</DOMFrame>
<DOMFrame index="8" keyMode="9728">
  <elements>
                                        <DOMSymbolInstance libraryItemName="Symbol 34" symbolType="graphic" loop="loop">
  <matrix>
    <Matrix tx="30.2" ty="-7.7" a="0.9811248779296875" d="0.9811248779296875" b="0.1870880126953125" c="-0.1870880126953125"/>
  </matrix>
  <transformationPoint>
    <Point/>
  </transformationPoint>
</DOMSymbolInstance>
                                   </elements>
</DOMFrame>
<DOMFrame index="9" keyMode="9728">
  <elements>
                                        <DOMSymbolInstance libraryItemName="Symbol 34" symbolType="graphic" loop="loop">
  <matrix>
    <Matrix tx="34.5" ty="-8.4" a="0.97650146484375" d="0.97650146484375" b="0.21234130859375" c="-0.21234130859375"/>
  </matrix>
  <transformationPoint>
    <Point/>
  </transformationPoint>
</DOMSymbolInstance>
                                   </elements>
</DOMFrame>
                         </frames>
                    </DOMLayer>
                    <DOMLayer name="Layer 4" color="#8e6a94">
                         <frames>
                              <DOMFrame index="0" duration="10" keyMode="9728">
  <elements>
                                        <DOMSymbolInstance libraryItemName="Symbol 33" symbolType="graphic" loop="loop">
  <matrix>
    <Matrix tx="85.95" ty="177.45"/>
  </matrix>
  <transformationPoint>
    <Point/>
  </transformationPoint>
</DOMSymbolInstance>
                                   </elements>
</DOMFrame>
                         </frames>
                    </DOMLayer>
                    <DOMLayer name="Layer 5" color="#5ac970">
                         <frames>
                              <DOMFrame index="0" duration="10" keyMode="9728">
  <elements>
                                        <DOMSymbolInstance libraryItemName="Symbol 39" symbolType="graphic" loop="loop">
  <matrix>
    <Matrix tx="0.0" ty="0.0"/>
  </matrix>
  <transformationPoint>
    <Point/>
  </transformationPoint>
</DOMSymbolInstance>
                                   </elements>
</DOMFrame>
                         </frames>
                    </DOMLayer>
                    <DOMLayer name="Layer 6" color="#88be4a" current="true" isSelected="true">
                         <frames>
                              <DOMFrame index="0" keyMode="9728">
  <elements>
                                        <DOMSymbolInstance libraryItemName="Symbol 38" centerPoint3DX="628.7" centerPoint3DY="694.85">
  <matrix>
    <Matrix tx="23.9" ty="90.05" a="0.1170196533203125" d="0.1170196533203125"/>
  </matrix>
  <transformationPoint>
    <Point/>
  </transformationPoint>
</DOMSymbolInstance>
                                   </elements>
</DOMFrame>
<DOMFrame index="1" keyMode="9728">
  <elements>
                                        <DOMSymbolInstance libraryItemName="Symbol 38" centerPoint3DX="618.55" centerPoint3DY="686.15">
  <matrix>
    <Matrix tx="13.75" ty="81.35" a="0.141082763671875" d="0.141082763671875"/>
  </matrix>
  <transformationPoint>
    <Point/>
  </transformationPoint>
</DOMSymbolInstance>
                                   </elements>
</DOMFrame>
<DOMFrame index="2" keyMode="9728">
  <elements>
                                        <DOMSymbolInstance libraryItemName="Symbol 38" centerPoint3DX="608.4" centerPoint3DY="677.5">
  <matrix>
    <Matrix tx="3.6" ty="72.7" a="0.1651611328125" d="0.1651611328125"/>
  </matrix>
  <transformationPoint>
    <Point/>
  </transformationPoint>
</DOMSymbolInstance>
                                   </elements>
</DOMFrame>
<DOMFrame index="3" keyMode="9728">
  <elements>
                                        <DOMSymbolInstance libraryItemName="Symbol 38" centerPoint3DX="598.25" centerPoint3DY="668.8">
  <matrix>
    <Matrix tx="-6.55" ty="64.0" a="0.1892242431640625" d="0.1892242431640625"/>
  </matrix>
  <transformationPoint>
    <Point/>
  </transformationPoint>
</DOMSymbolInstance>
                                   </elements>
</DOMFrame>
<DOMFrame index="4" keyMode="9728">
  <elements>
                                        <DOMSymbolInstance libraryItemName="Symbol 38" centerPoint3DX="588.05" centerPoint3DY="660.15">
  <matrix>
    <Matrix tx="-16.75" ty="55.35" a="0.2133026123046875" d="0.2133026123046875"/>
  </matrix>
  <transformationPoint>
    <Point/>
  </transformationPoint>
</DOMSymbolInstance>
                                   </elements>
</DOMFrame>
<DOMFrame index="5" keyMode="9728">
  <elements>
                                        <DOMSymbolInstance libraryItemName="Symbol 38" centerPoint3DX="577.9" centerPoint3DY="651.45">
  <matrix>
    <Matrix tx="-26.9" ty="46.65" a="0.23736572265625" d="0.23736572265625"/>
  </matrix>
  <transformationPoint>
    <Point/>
  </transformationPoint>
</DOMSymbolInstance>
                                   </elements>
</DOMFrame>
<DOMFrame index="6" keyMode="9728">
  <elements>
                                        <DOMSymbolInstance libraryItemName="Symbol 38" centerPoint3DX="567.7" centerPoint3DY="642.75">
  <matrix>
    <Matrix tx="-37.1" ty="37.95" a="0.261444091796875" d="0.261444091796875"/>
  </matrix>
  <transformationPoint>
    <Point/>
  </transformationPoint>
</DOMSymbolInstance>
                                   </elements>
</DOMFrame>
<DOMFrame index="7" keyMode="9728">
  <elements>
                                        <DOMSymbolInstance libraryItemName="Symbol 38" centerPoint3DX="557.55" centerPoint3DY="634.1">
  <matrix>
    <Matrix tx="-47.25" ty="29.3" a="0.2855072021484375" d="0.2855072021484375"/>
  </matrix>
  <transformationPoint>
    <Point/>
  </transformationPoint>
</DOMSymbolInstance>
                                   </elements>
</DOMFrame>
<DOMFrame index="8" keyMode="9728">
  <elements>
                                        <DOMSymbolInstance libraryItemName="Symbol 38" centerPoint3DX="547.4" centerPoint3DY="625.4">
  <matrix>
    <Matrix tx="-57.4" ty="20.6" a="0.3095855712890625" d="0.3095855712890625"/>
  </matrix>
  <transformationPoint>
    <Point/>
  </transformationPoint>
</DOMSymbolInstance>
                                   </elements>
</DOMFrame>
<DOMFrame index="9" keyMode="9728">
  <elements>
                                        <DOMSymbolInstance libraryItemName="Symbol 38" centerPoint3DX="537.2" centerPoint3DY="616.8">
  <matrix>
    <Matrix tx="-67.6" ty="12.0" a="0.333648681640625" d="0.333648681640625"/>
  </matrix>
  <transformationPoint>
    <Point/>
  </transformationPoint>
</DOMSymbolInstance>
                                   </elements>
</DOMFrame>
                         </frames>
                    </DOMLayer>
      </layers>
    </DOMTimeline>
  </timeline>
</DOMSymbolItem>
