<DOMSymbolItem xmlns="http://ns.adobe.com/xfl/2008/" xmlns:xsi="http://www.w3.org/2001/XMLSchema-instance" name="Symbol 201" lastModified="1635072455" symbolType="graphic">
  <timeline>
    <DOMTimeline name="Symbol 201" currentFrame="0">
      <layers>
        <DOMLayer name="Layer 1">
          <frames>
            <DOMFrame index="0" motionTweenScale="false" keyMode="8192">
              <elements>
                                        <DOMShape isFloating="true">
                                             <fills>
  <FillStyle index="1">
    <SolidColor color="#7f0000"/>
  </FillStyle>
</fills>
                                             <strokes/>
  <edges>
    <Edge fillStyle0="1" edges="!0 0! 925 676[ 1849 1021 1849 2060[ 1849 3099 925 3451[ 635 3561 289 3590| 79 3598| 0 3596| 0 4089| 106 4094[ 243 4097 387 4088[ 852 4059 1239 3918[ 1781 3720 2091 3325[ 2478 2831 2478 2057[ 2478 1283 2091 786[ 1781 388 1239 186[ 852 41 387 8| 106 0| 0 4| 0 539| 289 543[ 636 568 925 676"/>
  </edges>
</DOMShape>
                                   </elements>
            </DOMFrame>
          </frames>
        </DOMLayer>
      </layers>
    </DOMTimeline>
  </timeline>
</DOMSymbolItem>
