<DOMSymbolItem xmlns="http://ns.adobe.com/xfl/2008/" xmlns:xsi="http://www.w3.org/2001/XMLSchema-instance" name="Symbol 212" lastModified="1635072455" symbolType="graphic">
  <timeline>
    <DOMTimeline name="Symbol 212" currentFrame="0">
      <layers>
        <DOMLayer name="Layer 1">
          <frames>
            <DOMFrame index="0" motionTweenScale="false" keyMode="8192">
              <elements>
                                        <DOMShape isFloating="true">
                                             <fills>
  <FillStyle index="1">
    <SolidColor color="#2b0000"/>
  </FillStyle>
</fills>
                                             <strokes/>
  <edges>
    <Edge fillStyle1="1" edges="!0 0! 190 0| 270 9[ 298 18 315 42[ 332 66 332 102[ 332 133 319 155[ 306 177 283 191| 244 205| 273 219| 291 238| 307 261| 362 368| 234 368| 173 255| 152 227[ 140 218 125 218| 115 218| 115 368| 0 368| 0 0| 190 0"/>
    <Edge fillStyle1="1" edges="!190 0! 704 0| 704 78| 513 78| 513 137| 690 137| 690 212| 513 212| 513 284| 710 284| 710 368| 399 368| 399 0| 704 0"/>
    <Edge fillStyle1="1" edges="!704 0! 1254 0| 1254 277| 1432 277| 1432 368| 1141 368| 1141 0| 1254 0"/>
    <Edge fillStyle1="1" edges="!1254 0! 959 0[ 1020 0 1051 29[ 1081 58 1082 113[ 1082 168 1048 200[ 1015 231 946 231| 884 231| 884 368| 770 368| 770 0| 959 0"/>
    <Edge fillStyle1="1" edges="!959 0! 1973 0| 2048 124| 2122 0| 2247 0| 2104 214| 2104 368| 1990 368| 1990 214| 1847 0| 1973 0"/>
    <Edge fillStyle1="1" edges="!1973 0! 1708 0| 1847 368| 1728 368| 1710 307| 1580 307| 1562 368| 1446 368| 1585 0| 1708 0"/>
    <Edge fillStyle1="1" edges="!1708 0! 1645 95| 1605 228| 1686 228| 1645 95"/>
    <Edge fillStyle1="1" edges="!1645 95! 959 87[ 948 74 916 75| 884 75| 884 157| 912 157[ 944 156 958 145[ 971 134 971 116[ 971 98 959 87"/>
    <Edge fillStyle1="1" edges="!959 87! 207 84[ 195 74 164 74| 115 74| 115 149| 163 149| 193 144| 211 132| 218 111[ 218 93 207 84"/>
  </edges>
</DOMShape>
                                   </elements>
            </DOMFrame>
          </frames>
        </DOMLayer>
      </layers>
    </DOMTimeline>
  </timeline>
</DOMSymbolItem>
