<DOMSymbolItem xmlns="http://ns.adobe.com/xfl/2008/" xmlns:xsi="http://www.w3.org/2001/XMLSchema-instance" name="Symbol 179" lastModified="1635072455" symbolType="graphic">
  <timeline>
    <DOMTimeline name="Symbol 179" currentFrame="0">
      <layers>
        <DOMLayer name="Layer 1">
          <frames>
            <DOMFrame index="0" motionTweenScale="false" keyMode="8192">
              <elements>
<DOMShape isFloating="true">
                                             <fills>
  <FillStyle index="1">
    <SolidColor color="#000000"/>
  </FillStyle>
</fills>
                                             <strokes/>
  <edges>
    <Edge fillStyle0="0" fillStyle1="0" strokeStyle="0" edges="!6244 4631! 0 0"/>
    <Edge fillStyle0="1" fillStyle1="0" strokeStyle="0" edges="!0 0! 5528 4803[ 5526 4811 5543 4819| 5560 4825| 5632 4845| 5808 4858[ 5895 4852 5939 4803[ 5962 4779 5967 4756[ 5956 4776 5930 4798[ 5878 4841 5801 4848[ 5729 4855 5620 4826| 5556 4807| 5528 4803"/>
  </edges>
</DOMShape>
                                   </elements>
            </DOMFrame>
          </frames>
        </DOMLayer>
        <DOMLayer name="Layer 2">
          <frames>
            <DOMFrame index="0" motionTweenScale="false" keyMode="8192">
              <elements>
<DOMShape isFloating="true">
                                             <fills>
  <FillStyle index="1">
    <SolidColor color="#f40202"/>
  </FillStyle>
  <FillStyle index="2">
    <SolidColor color="#990000"/>
  </FillStyle>
  <FillStyle index="3">
    <SolidColor color="#ca0202"/>
  </FillStyle>
</fills>
                                             <strokes>
  <StrokeStyle index="1">
    <SolidStroke scaleMode="normal" weight="2.5">
      <fill>
        <SolidColor color="#000000"/>
      </fill>
    </SolidStroke>
  </StrokeStyle>
</strokes>
  <edges>
    <Edge fillStyle0="0" fillStyle1="0" strokeStyle="0" edges="!5441 5212! 0 0"/>
    <Edge fillStyle0="2" fillStyle1="0" strokeStyle="1" edges="!0 0! 6755 5088| 6729 5116[ 6628 5217 6486 5217[ 6344 5217 6244 5116[ 6150 5023 6143 4893"/>
    <Edge fillStyle0="2" fillStyle1="3" strokeStyle="0" edges="!6143 4893[ 6180 4936 6234 4975[ 6402 5095 6639 5095| 6755 5088"/>
    <Edge fillStyle0="0" fillStyle1="3" strokeStyle="1" edges="!6755 5088[ 6829 4996 6829 4874[ 6829 4787 6791 4716"/>
    <Edge fillStyle0="0" fillStyle1="1" strokeStyle="1" edges="!6791 4716[ 6768 4670 6729 4631[ 6628 4531 6486 4531"/>
    <Edge fillStyle0="0" fillStyle1="2" strokeStyle="1" edges="!6486 4531| 6479 4531"/>
    <Edge fillStyle0="0" fillStyle1="0" strokeStyle="1" edges="!6479 4531[ 6460 4326 6696 4318"/>
    <Edge fillStyle0="3" fillStyle1="1" strokeStyle="0" edges="!6696 4318! 6275 4637[ 6275 4746 6353 4823[ 6430 4901 6539 4901[ 6648 4901 6726 4823[ 6773 4776 6791 4716"/>
    <Edge fillStyle0="2" fillStyle1="1" strokeStyle="1" edges="!6791 4716! 6479 4533| 6479 4531"/>
    <Edge fillStyle0="0" fillStyle1="1" strokeStyle="1" edges="!6479 4531[ 6364 4533 6277 4602"/>
    <Edge fillStyle0="0" fillStyle1="2" strokeStyle="1" edges="!6277 4602[ 6260 4615 6244 4631"/>
    <Edge fillStyle0="0" fillStyle1="3" strokeStyle="1" edges="!6244 4631[ 6143 4732 6143 4874| 6143 4893"/>
    <Edge fillStyle0="2" fillStyle1="1" strokeStyle="0" edges="!6143 4893! 6486 4531| 6479 4533"/>
    <Edge fillStyle0="1" fillStyle1="1" strokeStyle="1" edges="!6479 4533| 6525 4744| 6419 4737"/>
    <Edge fillStyle0="2" fillStyle1="1" strokeStyle="0" edges="!6419 4737! 6277 4602| 6275 4637"/>
    <Edge fillStyle0="2" fillStyle1="3" strokeStyle="0" edges="!6275 4637| 6244 4631"/>
    <Edge fillStyle0="1" fillStyle1="1" strokeStyle="1" edges="!6244 4631! 6610 4696[ 6573 4734 6525 4744"/>
  </edges>
</DOMShape>
                                   </elements>
            </DOMFrame>
          </frames>
        </DOMLayer>
        <DOMLayer name="Layer 3">
          <frames>
            <DOMFrame index="0" motionTweenScale="false" keyMode="8192">
              <elements>
<DOMShape isFloating="true">
                                             <fills>
  <FillStyle index="1">
    <SolidColor color="#000000"/>
  </FillStyle>
</fills>
                                             <strokes/>
  <edges>
    <Edge fillStyle0="0" fillStyle1="0" strokeStyle="0" edges="!0 0! 0 0"/>
    <Edge fillStyle0="1" fillStyle1="0" strokeStyle="0" edges="!0 0! 5441 5212[ 5378 5064 5381 5022[ 5385 4917 5408 4899[ 5427 4884 5445 4887[ 5464 4891 5480 4919[ 5508 4968 5480 5033[ 5434 5142 5505 5353| 5441 5212"/>
    <Edge fillStyle0="1" fillStyle1="0" strokeStyle="0" edges="!5441 5212! 5503 5247[ 5481 5102 5505 5044[ 5538 4966 5505 4905[ 5481 4864 5449 4860[ 5420 4854 5391 4878[ 5272 5071 5514 5380[ 5521 5376 5503 5247"/>
  </edges>
</DOMShape>
                                   </elements>
            </DOMFrame>
          </frames>
        </DOMLayer>
        <DOMLayer name="Layer 4">
          <frames>
            <DOMFrame index="0" motionTweenScale="false" keyMode="8192">
              <elements>
<DOMShape isFloating="true">
                                             <fills>
  <FillStyle index="1">
    <SolidColor color="#f4a057"/>
  </FillStyle>
</fills>
                                             <strokes/>
  <edges>
    <Edge fillStyle0="0" fillStyle1="0" strokeStyle="0" edges="!0 0! 0 0"/>
    <Edge fillStyle0="1" fillStyle1="0" strokeStyle="0" edges="!0 0! 5477 5277| 5450 5183[ 5422 5083 5419 5049[ 5418 5021 5435 5000[ 5455 4976 5458 4950[ 5462 4898 5421 4867| 5375 4962| 5376 5072| 5456 5279| 5472 5294| 5477 5277"/>
  </edges>
</DOMShape>
                                   </elements>
            </DOMFrame>
          </frames>
        </DOMLayer>
        <DOMLayer name="Layer 5">
          <frames>
            <DOMFrame index="0" motionTweenScale="false" keyMode="8192">
              <elements>
<DOMShape isFloating="true">
                                             <fills>
  <FillStyle index="1">
    <SolidColor color="#f5c4a0"/>
  </FillStyle>
</fills>
                                             <strokes/>
  <edges>
    <Edge fillStyle0="0" fillStyle1="0" strokeStyle="0" edges="!0 0! 0 0"/>
    <Edge fillStyle0="0" fillStyle1="1" strokeStyle="0" edges="!0 0! 5510 5373| 5437 5220[ 5365 5055 5373 4990[ 5387 4865 5447 4873[ 5476 4878 5496 4920[ 5520 4972 5493 5039[ 5448 5145 5510 5373"/>
  </edges>
</DOMShape>
                                   </elements>
            </DOMFrame>
          </frames>
        </DOMLayer>
        <DOMLayer name="Layer 6">
          <frames>
            <DOMFrame index="0" motionTweenScale="false" keyMode="8192">
              <elements>
<DOMShape isFloating="true">
                                             <fills>
  <FillStyle index="1">
    <SolidColor color="#000000"/>
  </FillStyle>
</fills>
                                             <strokes/>
  <edges>
    <Edge fillStyle0="0" fillStyle1="0" strokeStyle="0" edges="!0 0! 0 0"/>
    <Edge fillStyle0="1" fillStyle1="0" strokeStyle="0" edges="!0 0! 4955 4262| 4986 4182[ 5196 4146 5379 4222| 5301 4271| 5294 4266[ 5141 4201 4955 4262"/>
  </edges>
</DOMShape>
                                   </elements>
            </DOMFrame>
          </frames>
        </DOMLayer>
        <DOMLayer name="Layer 7">
          <frames>
            <DOMFrame index="0" motionTweenScale="false" keyMode="8192">
              <elements>
<DOMShape isFloating="true">
                                             <fills>
  <FillStyle index="1">
    <SolidColor color="#000000"/>
  </FillStyle>
</fills>
                                             <strokes/>
  <edges>
    <Edge fillStyle0="0" fillStyle1="0" strokeStyle="0" edges="!0 0! 0 0"/>
    <Edge fillStyle0="1" fillStyle1="0" strokeStyle="0" edges="!0 0! 6006 4289| 6037 4209[ 6247 4173 6430 4249| 6352 4298| 6345 4293[ 6192 4228 6006 4289"/>
  </edges>
</DOMShape>
                                   </elements>
            </DOMFrame>
          </frames>
        </DOMLayer>
        <DOMLayer name="Layer 8">
          <frames>
            <DOMFrame index="0" motionTweenScale="false" keyMode="8192">
              <elements>
<DOMShape isFloating="true">
                                             <fills>
  <FillStyle index="1">
    <SolidColor color="#ffa800"/>
  </FillStyle>
</fills>
                                             <strokes/>
  <edges>
    <Edge fillStyle0="0" fillStyle1="0" strokeStyle="0" edges="!0 0! 0 0"/>
    <Edge fillStyle0="1" fillStyle1="0" strokeStyle="0" edges="!0 0! 5942 2662[ 5360 2513 4987 2722[ 4689 2889 4538 3274[ 4431 3550 4408 3907[ 4396 4085 4406 4209| 4460 4189[ 4462 4066 4487 3889[ 4537 3536 4653 3266[ 4816 2888 5090 2731[ 5432 2535 5928 2697[ 6219 2589 6420 2797[ 6581 2964 6677 3325[ 6746 3582 6775 3911[ 6790 4076 6791 4189| 6874 4224[ 6873 4111 6858 3946[ 6827 3616 6754 3353[ 6651 2985 6477 2805[ 6259 2580 5942 2662"/>
  </edges>
</DOMShape>
                                   </elements>
            </DOMFrame>
          </frames>
        </DOMLayer>
        <DOMLayer name="Layer 9">
          <frames>
            <DOMFrame index="0" motionTweenScale="false" keyMode="8192">
              <elements>
<DOMShape isFloating="true">
                                             <fills>
  <FillStyle index="1">
    <SolidColor color="#f69c6b"/>
  </FillStyle>
</fills>
                                             <strokes/>
  <edges>
    <Edge fillStyle0="0" fillStyle1="0" strokeStyle="0" edges="!0 0! 0 0"/>
    <Edge fillStyle0="1" fillStyle1="0" strokeStyle="0" edges="!0 0! 5751 4532| 5733 4612| 5790 4586| 5751 4532"/>
  </edges>
</DOMShape>
                                   </elements>
            </DOMFrame>
          </frames>
        </DOMLayer>
        <DOMLayer name="Layer 10">
          <frames>
            <DOMFrame index="0" motionTweenScale="false" keyMode="8192">
              <elements>
<DOMShape isFloating="true">
                                             <fills>
  <FillStyle index="1">
    <SolidColor color="#000000"/>
  </FillStyle>
</fills>
                                             <strokes/>
  <edges>
    <Edge fillStyle0="0" fillStyle1="0" strokeStyle="0" edges="!0 0! 0 0"/>
    <Edge fillStyle0="0" fillStyle1="1" strokeStyle="0" edges="!0 0! 4909 3983[ 4986 3930 5092 3934[ 5263 3941 5319 4001[ 5330 4021 5293 4012[ 5168 3965 5092 3960[ 4997 3953 4916 3995| 4854 4038| 4867 4021| 4909 3983"/>
  </edges>
</DOMShape>
                                   </elements>
            </DOMFrame>
          </frames>
        </DOMLayer>
        <DOMLayer name="Layer 11">
          <frames>
            <DOMFrame index="0" motionTweenScale="false" keyMode="8192">
              <elements>
<DOMShape isFloating="true">
                                             <fills>
  <FillStyle index="1">
    <SolidColor color="#000000"/>
  </FillStyle>
</fills>
                                             <strokes/>
  <edges>
    <Edge fillStyle0="0" fillStyle1="0" strokeStyle="0" edges="!0 0! 0 0"/>
    <Edge fillStyle0="1" fillStyle1="0" strokeStyle="0" edges="!0 0! 5991 3987| 5989 3996| 6016 3998| 6102 3971[ 6170 3949 6216 3946[ 6311 3939 6392 3981[ 6433 4002 6455 4024[ 6438 3997 6399 3969[ 6323 3916 6216 3921[ 6109 3925 6039 3956| 5991 3987"/>
  </edges>
</DOMShape>
                                   </elements>
            </DOMFrame>
          </frames>
        </DOMLayer>
        <DOMLayer name="Layer 12">
          <frames>
            <DOMFrame index="0" motionTweenScale="false" keyMode="8192">
              <elements>
<DOMShape isFloating="true">
                                             <fills>
  <FillStyle index="1">
    <SolidColor color="#000000"/>
  </FillStyle>
</fills>
                                             <strokes/>
  <edges>
    <Edge fillStyle0="0" fillStyle1="0" strokeStyle="0" edges="!0 0! 0 0"/>
    <Edge fillStyle0="0" fillStyle1="1" strokeStyle="0" edges="!0 0! 6776 4580| 6831 4515| 6901 4871[ 6982 5230 7033 5247[ 6958 5271 6841 5182| 6738 5089| 6629 5269| 6569 5182| 6400 5301| 6426 5111| 6492 5100| 6455 5215| 6580 5127| 6634 5187| 6727 5018| 6796 5083[ 6870 5149 6934 5189[ 6883 5119 6776 4580"/>
  </edges>
</DOMShape>
                                   </elements>
            </DOMFrame>
          </frames>
        </DOMLayer>
        <DOMLayer name="Layer 13">
          <frames>
            <DOMFrame index="0" motionTweenScale="false" keyMode="8192">
              <elements>
<DOMShape isFloating="true">
                                             <fills>
  <FillStyle index="1">
    <SolidColor color="#000000"/>
  </FillStyle>
</fills>
                                             <strokes/>
  <edges>
    <Edge fillStyle0="0" fillStyle1="0" strokeStyle="0" edges="!0 0! 0 0"/>
    <Edge fillStyle0="1" fillStyle1="0" strokeStyle="0" edges="!0 0! 4570 4941[ 4453 5094 4346 5161[ 4397 5091 4504 4553| 4449 4487| 4379 4843[ 4298 5203 4247 5220[ 4322 5243 4445 5133[ 4507 5078 4553 5018| 4630 5258| 4712 5133| 4887 5204| 4854 5083| 4788 5072| 4832 5144| 4706 5072| 4646 5160| 4570 4941"/>
  </edges>
</DOMShape>
                                   </elements>
            </DOMFrame>
          </frames>
        </DOMLayer>
        <DOMLayer name="Layer 14">
          <frames>
            <DOMFrame index="0" motionTweenScale="false" keyMode="8192">
              <elements>
<DOMShape isFloating="true">
                                             <fills>
  <FillStyle index="1">
    <SolidColor color="#000000"/>
  </FillStyle>
</fills>
                                             <strokes/>
  <edges>
    <Edge fillStyle0="0" fillStyle1="0" strokeStyle="0" edges="!0 0! 0 0"/>
    <Edge fillStyle0="1" fillStyle1="0" strokeStyle="0" edges="!0 0! 6035 2570[ 6155 2579 6271 2623[ 6645 2765 6842 3213[ 6895 3329 6889 3788[ 6887 4018 6874 4224| 6911 4293[ 6934 4108 6943 3875[ 6961 3409 6889 3171[ 6803 2882 6524 2685[ 6242 2485 5941 2509| 5804 2495[ 5645 2479 5497 2488[ 5010 2517 4657 2804[ 4302 3092 4312 3727[ 4317 4044 4392 4304| 4429 4240[ 4360 4005 4363 3714[ 4368 3131 4726 2847[ 5084 2563 5546 2539[ 5778 2526 5938 2571| 6035 2570"/>
  </edges>
</DOMShape>
                                   </elements>
            </DOMFrame>
          </frames>
        </DOMLayer>
        <DOMLayer name="Layer 15">
          <frames>
            <DOMFrame index="0" motionTweenScale="false" keyMode="8192">
              <elements>
<DOMShape isFloating="true">
                                             <fills>
  <FillStyle index="1">
    <SolidColor color="#000000"/>
  </FillStyle>
</fills>
                                             <strokes/>
  <edges>
    <Edge fillStyle0="0" fillStyle1="0" strokeStyle="0" edges="!0 0! 0 0"/>
    <Edge fillStyle0="1" fillStyle1="0" strokeStyle="0" edges="!0 0! 6384 3823[ 6116 3482 6083 3414[ 6071 3511 5850 3840[ 5865 3815 5859 3726[ 5846 3545 5736 3215[ 5719 3217 5729 3379[ 5739 3560 5708 3619[ 5701 3619 5680 3588| 5625 3512[ 5529 3389 5408 3325[ 5529 3424 5622 3585[ 5669 3665 5691 3726[ 5770 3635 5777 3588[ 5814 3727 5798 4038| 5924 3874[ 6060 3680 6105 3528[ 6140 3652 6423 3930| 6440 3698| 6542 3909[ 6645 4133 6656 4198[ 6673 4299 6639 4033| 6401 3539| 6384 3823"/>
  </edges>
</DOMShape>
                                   </elements>
            </DOMFrame>
          </frames>
        </DOMLayer>
        <DOMLayer name="Layer 16">
          <frames>
            <DOMFrame index="0" motionTweenScale="false" keyMode="8192">
              <elements>
<DOMShape isFloating="true">
                                             <fills>
  <FillStyle index="1">
    <SolidColor color="#000000"/>
  </FillStyle>
</fills>
                                             <strokes/>
  <edges>
    <Edge fillStyle0="0" fillStyle1="0" strokeStyle="0" edges="!0 0! 0 0"/>
    <Edge fillStyle0="0" fillStyle1="1" strokeStyle="0" edges="!0 0! 5309 3713[ 5077 4025 4953 4061[ 4943 4056 4980 3825[ 5017 3598 4999 3601[ 4971 3606 4805 3964[ 4636 4329 4603 4471[ 4544 4542 4658 4129[ 4745 3956 4841 3781[ 5032 3433 5078 3425[ 5120 3419 5072 3677[ 5020 3946 5027 3953[ 5095 3919 5515 3408[ 5424 3557 5309 3713"/>
  </edges>
</DOMShape>
                                   </elements>
            </DOMFrame>
          </frames>
        </DOMLayer>
        <DOMLayer name="Layer 17">
          <frames>
            <DOMFrame index="0" motionTweenScale="false" keyMode="8192">
              <elements>
<DOMShape isFloating="true">
                                             <fills>
  <FillStyle index="1">
    <SolidColor color="#000000"/>
  </FillStyle>
</fills>
                                             <strokes/>
  <edges>
    <Edge fillStyle0="0" fillStyle1="0" strokeStyle="0" edges="!0 0! 0 0"/>
    <Edge fillStyle0="0" fillStyle1="1" strokeStyle="0" edges="!0 0! 4655 4146[ 4662 4162 4615 4175[ 4535 4196 4503 4214[ 4434 4252 4428 4323[ 4421 4396 4472 4468[ 4496 4502 4559 4560[ 4589 4591 4576 4601[ 4522 4594 4470 4555[ 4368 4478 4382 4323[ 4397 4166 4527 4141| 4655 4146"/>
  </edges>
</DOMShape>
                                   </elements>
            </DOMFrame>
          </frames>
        </DOMLayer>
        <DOMLayer name="Layer 18">
          <frames>
            <DOMFrame index="0" motionTweenScale="false" keyMode="8192">
              <elements>
<DOMShape isFloating="true">
                                             <fills>
  <FillStyle index="1">
    <SolidColor color="#000000"/>
  </FillStyle>
</fills>
                                             <strokes/>
  <edges>
    <Edge fillStyle0="0" fillStyle1="0" strokeStyle="0" edges="!0 0! 0 0"/>
    <Edge fillStyle0="1" fillStyle1="0" strokeStyle="0" edges="!0 0! 6653 4156[ 6661 4167 6690 4175[ 6771 4196 6803 4214[ 6872 4252 6877 4323[ 6884 4396 6833 4468| 6747 4560[ 6727 4580 6727 4592| 6730 4601| 6764 4593[ 6803 4579 6835 4555[ 6937 4478 6923 4323[ 6908 4166 6778 4141| 6690 4139| 6650 4146| 6653 4156"/>
  </edges>
</DOMShape>
                                   </elements>
            </DOMFrame>
          </frames>
        </DOMLayer>
        <DOMLayer name="Layer 19">
          <frames>
            <DOMFrame index="0" motionTweenScale="false" keyMode="8192">
              <elements>
<DOMShape isFloating="true">
                                             <fills>
  <FillStyle index="1">
    <SolidColor color="#000000"/>
  </FillStyle>
</fills>
                                             <strokes/>
  <edges>
    <Edge fillStyle0="0" fillStyle1="0" strokeStyle="0" edges="!0 0! 0 0"/>
    <Edge fillStyle0="0" fillStyle1="1" strokeStyle="0" edges="!0 0! 4675 4095| 4655 4175[ 4632 4274 4617 4370[ 4569 4675 4619 4828[ 4675 5000 5025 5121[ 5342 5231 5668 5231[ 5998 5230 6318 5133[ 6672 5026 6707 4879[ 6739 4748 6673 4329| 6600 3936| 6640 4037[ 6686 4162 6720 4283[ 6829 4670 6776 4873[ 6718 5089 6341 5199[ 6057 5281 5680 5288[ 5338 5292 4985 5180[ 4575 5048 4528 4850[ 4485 4669 4576 4364[ 4604 4268 4642 4172| 4675 4095"/>
  </edges>
</DOMShape>
                                   </elements>
            </DOMFrame>
          </frames>
        </DOMLayer>
        <DOMLayer name="Layer 20">
          <frames>
            <DOMFrame index="0" motionTweenScale="false" keyMode="8192">
              <elements>
<DOMShape isFloating="true">
                                             <fills>
  <FillStyle index="1">
    <SolidColor color="#f4a057"/>
  </FillStyle>
</fills>
                                             <strokes/>
  <edges>
    <Edge fillStyle0="0" fillStyle1="0" strokeStyle="0" edges="!0 0! 0 0"/>
    <Edge fillStyle0="1" fillStyle1="0" strokeStyle="0" edges="!0 0! 4599 4218[ 4543 4236 4507 4301[ 4471 4365 4515 4441[ 4537 4480 4565 4504| 4649 4213| 4599 4218"/>
  </edges>
</DOMShape>
                                   </elements>
            </DOMFrame>
          </frames>
        </DOMLayer>
        <DOMLayer name="Layer 21">
          <frames>
            <DOMFrame index="0" motionTweenScale="false" keyMode="8192">
              <elements>
<DOMShape isFloating="true">
                                             <fills>
  <FillStyle index="1">
    <SolidColor color="#f4a057"/>
  </FillStyle>
</fills>
                                             <strokes/>
  <edges>
    <Edge fillStyle0="0" fillStyle1="0" strokeStyle="0" edges="!0 0! 0 0"/>
    <Edge fillStyle0="1" fillStyle1="0" strokeStyle="0" edges="!0 0! 4990 3543| 4536 4529| 4532 4586[ 4530 4656 4542 4723[ 4580 4936 4735 5033[ 4893 5130 5325 5203| 5784 5266[ 6247 5247 6530 5074[ 6671 4987 6720 4903[ 6631 4965 6470 5029[ 6148 5158 5784 5174[ 5400 5190 5075 5019[ 4953 4954 4858 4872[ 4778 4803 4744 4746[ 4695 4662 4837 4094| 4990 3543"/>
  </edges>
</DOMShape>
                                   </elements>
            </DOMFrame>
          </frames>
        </DOMLayer>
        <DOMLayer name="Layer 22">
          <frames>
            <DOMFrame index="0" motionTweenScale="false" keyMode="8192">
              <elements>
<DOMShape isFloating="true">
                                             <fills>
  <FillStyle index="1">
    <SolidColor color="#f4a057"/>
  </FillStyle>
</fills>
                                             <strokes/>
  <edges>
    <Edge fillStyle0="0" fillStyle1="0" strokeStyle="0" edges="!0 0! 0 0"/>
    <Edge fillStyle0="1" fillStyle1="0" strokeStyle="0" edges="!0 0! 5515 3408| 5002 4013| 5058 3525| 4981 3593| 4945 3810[ 4914 4034 4939 4076[ 5017 4123 5274 3770[ 5403 3594 5515 3408"/>
  </edges>
</DOMShape>
                                   </elements>
            </DOMFrame>
          </frames>
        </DOMLayer>
        <DOMLayer name="Layer 23">
          <frames>
            <DOMFrame index="0" motionTweenScale="false" keyMode="8192">
              <elements>
<DOMShape isFloating="true">
                                             <fills>
  <FillStyle index="1">
    <SolidColor color="#f4a057"/>
  </FillStyle>
</fills>
                                             <strokes/>
  <edges>
    <Edge fillStyle0="0" fillStyle1="0" strokeStyle="0" edges="!0 0! 0 0"/>
    <Edge fillStyle0="0" fillStyle1="1" strokeStyle="0" edges="!0 0! 6461 3764| 6441 3972| 6124 3647| 5763 4109| 5763 3677| 5683 3776| 5501 3407| 5692 3672| 5788 3569| 5838 3943| 6104 3489| 6411 3868| 6433 3677| 6511 3797| 6461 3764"/>
  </edges>
</DOMShape>
                                   </elements>
            </DOMFrame>
          </frames>
        </DOMLayer>
        <DOMLayer name="Layer 24">
          <frames>
            <DOMFrame index="0" motionTweenScale="false" keyMode="8192">
              <elements>
<DOMShape isFloating="true">
                                             <fills>
  <FillStyle index="1">
    <SolidColor color="#f4a057"/>
  </FillStyle>
</fills>
                                             <strokes/>
  <edges>
    <Edge fillStyle0="0" fillStyle1="0" strokeStyle="0" edges="!0 0! 0 0"/>
    <Edge fillStyle0="1" fillStyle1="0" strokeStyle="0" edges="!0 0! 6736 4454| 6791 4422[ 6843 4376 6819 4309[ 6796 4241 6739 4245| 6686 4263| 6736 4454"/>
  </edges>
</DOMShape>
                                   </elements>
            </DOMFrame>
          </frames>
        </DOMLayer>
        <DOMLayer name="Layer 25">
          <frames>
            <DOMFrame index="0" motionTweenScale="false" keyMode="8192">
              <elements>
<DOMShape isFloating="true">
                                             <fills>
  <FillStyle index="1">
    <SolidColor color="#f5be8b"/>
  </FillStyle>
</fills>
                                             <strokes/>
  <edges>
    <Edge fillStyle0="0" fillStyle1="0" strokeStyle="0" edges="!0 0! 0 0"/>
    <Edge fillStyle0="1" fillStyle1="0" strokeStyle="0" edges="!0 0! 5058 3525[ 5030 3506 4848 3834[ 4758 3998 4673 4166| 4547 4173[ 4417 4207 4400 4343[ 4390 4424 4550 4575| 4604 4938| 4681 4987[ 4781 5047 4899 5097[ 5277 5257 5694 5260[ 6111 5263 6460 5089[ 6634 5003 6725 4915| 6743 4588| 6771 4577| 6832 4536[ 6920 4460 6911 4338[ 6903 4216 6786 4179[ 6749 4167 6706 4165| 6670 4166| 6439 3648| 6398 3875| 6112 3480| 5867 3943| 5789 3503| 5718 3652| 5514 3411[ 5013 4098 4981 4030[ 4966 3996 5025 3764[ 5081 3542 5058 3525"/>
  </edges>
</DOMShape>
                                   </elements>
            </DOMFrame>
          </frames>
        </DOMLayer>
        <DOMLayer name="Layer 26">
          <frames>
            <DOMFrame index="0" motionTweenScale="false" keyMode="8192">
              <elements>
<DOMShape isFloating="true">
                                             <fills>
  <FillStyle index="1">
    <SolidColor color="#ffa800"/>
  </FillStyle>
</fills>
                                             <strokes/>
  <edges>
    <Edge fillStyle0="0" fillStyle1="0" strokeStyle="0" edges="!0 0! 0 0"/>
    <Edge fillStyle0="0" fillStyle1="1" strokeStyle="0" edges="!0 0! 6380 3450| 6719 4031| 6887 4207| 6671 4198| 6455 3714| 6411 3868| 6105 3528| 5847 3978| 5777 3520| 5692 3673| 5508 3427| 5019 3987| 5024 3529| 4672 4166| 4592 4145[ 4712 3918 4841 3694[ 5099 3245 5143 3256[ 5124 3280 5118 3554| 5116 3824| 5398 3436[ 5425 3401 5328 3190| 5649 3436| 5729 3075| 5913 3582| 6068 3282| 6341 3643| 6380 3450"/>
  </edges>
</DOMShape>
                                   </elements>
            </DOMFrame>
          </frames>
        </DOMLayer>
        <DOMLayer name="Layer 27">
          <frames>
            <DOMFrame index="0" motionTweenScale="false" keyMode="8192">
              <elements>
<DOMShape isFloating="true">
                                             <fills>
  <FillStyle index="1">
    <SolidColor color="#ffa800"/>
  </FillStyle>
</fills>
                                             <strokes/>
  <edges>
    <Edge fillStyle0="0" fillStyle1="0" strokeStyle="0" edges="!0 0! 0 0"/>
    <Edge fillStyle0="1" fillStyle1="0" strokeStyle="0" edges="!0 0! 4522 4572| 4403 5074| 4557 4951| 4650 5136| 4676 5035| 4832 5144| 4795 5052| 4522 4572"/>
  </edges>
</DOMShape>
                                   </elements>
            </DOMFrame>
          </frames>
        </DOMLayer>
        <DOMLayer name="Layer 28">
          <frames>
            <DOMFrame index="0" motionTweenScale="false" keyMode="8192">
              <elements>
<DOMShape isFloating="true">
                                             <fills>
  <FillStyle index="1">
    <SolidColor color="#ffa800"/>
  </FillStyle>
</fills>
                                             <strokes/>
  <edges>
    <Edge fillStyle0="0" fillStyle1="0" strokeStyle="0" edges="!0 0! 0 0"/>
    <Edge fillStyle0="1" fillStyle1="0" strokeStyle="0" edges="!0 0! 6776 4580| 6490 5109| 6455 5215| 6574 5114| 6649 5131| 6746 4986| 6904 5127| 6776 4580"/>
  </edges>
</DOMShape>
                                   </elements>
            </DOMFrame>
          </frames>
        </DOMLayer>
        <DOMLayer name="Layer 29">
          <frames>
            <DOMFrame index="0" motionTweenScale="false" keyMode="8192">
              <elements>
<DOMShape isFloating="true">
                                             <fills>
  <FillStyle index="1">
    <SolidColor color="#ffbf00"/>
  </FillStyle>
</fills>
                                             <strokes/>
  <edges>
    <Edge fillStyle0="0" fillStyle1="0" strokeStyle="0" edges="!6154 5357! 0 0"/>
    <Edge fillStyle0="1" fillStyle1="0" strokeStyle="0" edges="!0 0! 5941 2509[ 5313 2494 4922 2681[ 4608 2831 4459 3101[ 4352 3295 4338 3530[ 4331 3648 4345 3727| 4352 3986[ 4369 4263 4425 4357[ 4482 4450 4411 4820[ 4375 5005 4329 5171| 4565 4997| 4656 5217| 4712 5133| 4866 5187| 4854 5083| 6436 5147| 6416 5267| 6569 5182| 6626 5227| 6747 5057| 6951 5198| 6831 4515| 6897 4227[ 6917 4127 6927 3976[ 6947 3673 6897 3414[ 6827 3051 6628 2829[ 6379 2551 5941 2509"/>
  </edges>
</DOMShape>
                                   </elements>
            </DOMFrame>
          </frames>
        </DOMLayer>
        <DOMLayer name="Layer 30">
          <frames>
            <DOMFrame index="0" motionTweenScale="false" keyMode="8192">
              <elements>
<DOMShape isFloating="true">
                                             <fills>
  <FillStyle index="1">
    <SolidColor color="#000000"/>
  </FillStyle>
</fills>
                                             <strokes/>
  <edges>
    <Edge fillStyle0="0" fillStyle1="0" strokeStyle="0" edges="!0 0! 0 0"/>
    <Edge fillStyle0="1" fillStyle1="0" strokeStyle="0" edges="!0 0! 6154 5357[ 6315 5352 6352 5333[ 6446 5284 6453 5256[ 6458 5232 6448 5217[ 6436 5201 6403 5199[ 6347 5194 6300 5246[ 6220 5335 5999 5358| 6154 5357"/>
    <Edge fillStyle0="1" fillStyle1="0" strokeStyle="0" edges="!6154 5357! 6097 5315[ 6237 5274 6279 5228[ 6337 5165 6406 5170[ 6453 5174 6470 5201[ 6488 5226 6479 5262[ 6354 5452 5971 5360[ 5971 5352 6097 5315"/>
  </edges>
</DOMShape>
                                   </elements>
            </DOMFrame>
          </frames>
        </DOMLayer>
        <DOMLayer name="Layer 31">
          <frames>
            <DOMFrame index="0" motionTweenScale="false" keyMode="8192">
              <elements>
<DOMShape isFloating="true">
                                             <fills>
  <FillStyle index="1">
    <SolidColor color="#f4a057"/>
  </FillStyle>
</fills>
                                             <strokes/>
  <edges>
    <Edge fillStyle0="0" fillStyle1="0" strokeStyle="0" edges="!0 0! 0 0"/>
    <Edge fillStyle0="1" fillStyle1="0" strokeStyle="0" edges="!0 0! 6081 5351| 6178 5337[ 6281 5321 6312 5308[ 6338 5298 6350 5273[ 6364 5246 6386 5233| 6478 5230| 6411 5312| 6310 5357| 6088 5372| 6068 5364| 6081 5351"/>
  </edges>
</DOMShape>
                                   </elements>
            </DOMFrame>
          </frames>
        </DOMLayer>
        <DOMLayer name="Layer 32">
          <frames>
            <DOMFrame index="0" motionTweenScale="false" keyMode="8192">
              <elements>
<DOMShape isFloating="true">
                                             <fills>
  <FillStyle index="1">
    <SolidColor color="#f5c4a0"/>
  </FillStyle>
</fills>
                                             <strokes/>
  <edges>
    <Edge fillStyle0="0" fillStyle1="0" strokeStyle="0" edges="!0 0! 0 0"/>
    <Edge fillStyle0="0" fillStyle1="1" strokeStyle="0" edges="!0 0! 5979 5362| 6148 5364[ 6328 5360 6384 5326[ 6492 5260 6459 5210[ 6443 5185 6396 5184[ 6339 5183 6290 5238[ 6212 5323 5979 5362"/>
  </edges>
</DOMShape>
                                   </elements>
            </DOMFrame>
          </frames>
        </DOMLayer>
        <DOMLayer name="Layer 33">
          <frames>
            <DOMFrame index="0" motionTweenScale="false" keyMode="8192">
              <elements>
<DOMShape isFloating="true">
                                             <fills>
  <FillStyle index="1">
    <SolidColor color="#ff0000"/>
  </FillStyle>
</fills>
                                             <strokes/>
  <edges>
    <Edge fillStyle0="0" fillStyle1="0" strokeStyle="0" edges="!0 0! 0 0"/>
    <Edge fillStyle0="1" fillStyle1="0" strokeStyle="0" edges="!0 0! 5863 6194| 5803 6188| 5784 6181| 5783 6190[ 5784 6200 5794 6208| 5870 6217[ 5928 6216 5935 6206[ 5945 6195 5937 6177[ 5919 6192 5863 6194"/>
  </edges>
</DOMShape>
                                   </elements>
            </DOMFrame>
          </frames>
        </DOMLayer>
        <DOMLayer name="Layer 34">
          <frames>
            <DOMFrame index="0" motionTweenScale="false" keyMode="8192">
              <elements>
<DOMShape isFloating="true">
                                             <fills>
  <FillStyle index="1">
    <SolidColor color="#ffffff"/>
  </FillStyle>
</fills>
                                             <strokes/>
  <edges>
    <Edge fillStyle0="0" fillStyle1="0" strokeStyle="0" edges="!0 0! 0 0"/>
    <Edge fillStyle0="1" fillStyle1="0" strokeStyle="0" edges="!0 0! 5861 6217[ 5938 6215 5939 6196[ 5941 6174 5927 6148[ 5906 6110 5867 6108[ 5826 6105 5801 6141[ 5780 6171 5783 6192[ 5788 6219 5861 6217"/>
  </edges>
</DOMShape>
                                   </elements>
            </DOMFrame>
          </frames>
        </DOMLayer>
        <DOMLayer name="Layer 35">
          <frames>
            <DOMFrame index="0" motionTweenScale="false" keyMode="8192">
              <elements>
<DOMShape isFloating="true">
                                             <fills>
  <FillStyle index="1">
    <SolidColor color="#000000"/>
  </FillStyle>
</fills>
                                             <strokes/>
  <edges>
    <Edge fillStyle0="0" fillStyle1="0" strokeStyle="0" edges="!0 0! 0 0"/>
    <Edge fillStyle0="1" fillStyle1="0" strokeStyle="0" edges="!0 0! 5861 6240[ 5968 6236 5971 6210[ 5973 6180 5953 6141[ 5925 6089 5869 6085[ 5811 6082 5776 6133[ 5747 6174 5751 6204[ 5757 6242 5861 6240"/>
  </edges>
</DOMShape>
                                   </elements>
            </DOMFrame>
          </frames>
        </DOMLayer>
        <DOMLayer name="Layer 36">
          <frames>
            <DOMFrame index="0" motionTweenScale="false" keyMode="8192">
              <elements>
<DOMShape isFloating="true">
                                             <fills>
  <FillStyle index="1">
    <SolidColor color="#000000"/>
  </FillStyle>
</fills>
                                             <strokes/>
  <edges>
    <Edge fillStyle0="0" fillStyle1="0" strokeStyle="0" edges="!0 0! 0 0"/>
    <Edge fillStyle0="1" fillStyle1="0" strokeStyle="0" edges="!0 0! 5849 5273| 5837 5248| 5803 5256| 5828 5318[ 5832 5342 5813 5359[ 5792 5379 5751 5381[ 5688 5383 5669 5334[ 5663 5318 5675 5294| 5688 5273| 5658 5255| 5644 5287[ 5630 5322 5635 5338[ 5642 5364 5668 5383[ 5702 5408 5755 5405[ 5807 5403 5836 5372[ 5859 5349 5859 5320[ 5860 5301 5849 5273"/>
  </edges>
</DOMShape>
                                   </elements>
            </DOMFrame>
          </frames>
        </DOMLayer>
        <DOMLayer name="Layer 37">
          <frames>
            <DOMFrame index="0" motionTweenScale="false" keyMode="8192">
              <elements>
<DOMShape isFloating="true">
                                             <fills>
  <FillStyle index="1">
    <SolidColor color="#f4a057"/>
  </FillStyle>
</fills>
                                             <strokes/>
  <edges>
    <Edge fillStyle0="0" fillStyle1="0" strokeStyle="0" edges="!0 0! 0 0"/>
    <Edge fillStyle0="1" fillStyle1="0" strokeStyle="0" edges="!0 0! 5659 5327| 5699 5389| 5764 5393| 5833 5364| 5853 5305| 5852 5275| 5665 5270| 5659 5327"/>
  </edges>
</DOMShape>
                                   </elements>
            </DOMFrame>
          </frames>
        </DOMLayer>
        <DOMLayer name="Layer 38">
          <frames>
            <DOMFrame index="0" motionTweenScale="false" keyMode="8192">
              <elements>
<DOMShape isFloating="true">
                                             <fills>
  <FillStyle index="1">
    <SolidColor color="#000000"/>
  </FillStyle>
</fills>
                                             <strokes/>
  <edges>
    <Edge fillStyle0="0" fillStyle1="0" strokeStyle="0" edges="!0 0! 0 0"/>
    <Edge fillStyle0="1" fillStyle1="0" strokeStyle="0" edges="!0 0! 5880 5518| 5846 5573[ 5844 5584 5859 5682[ 5872 5775 5865 5789[ 5858 5807 5818 5816| 5744 5822[ 5623 5813 5600 5768[ 5590 5749 5615 5666| 5643 5567[ 5643 5553 5618 5521[ 5585 5479 5571 5447[ 5552 5406 5597 5349[ 5619 5321 5645 5300| 5632 5260[ 5602 5284 5575 5318[ 5520 5386 5529 5435[ 5537 5479 5569 5515[ 5597 5547 5598 5562| 5576 5670[ 5557 5759 5568 5781[ 5583 5810 5641 5838[ 5697 5865 5738 5866[ 5779 5867 5844 5845[ 5909 5823 5913 5804[ 5916 5792 5895 5693[ 5874 5595 5879 5579| 5922 5523[ 5957 5476 5960 5424[ 5964 5368 5901 5303| 5837 5247| 5829 5305| 5880 5337[ 5930 5377 5922 5426[ 5913 5470 5880 5518"/>
  </edges>
</DOMShape>
                                   </elements>
            </DOMFrame>
          </frames>
        </DOMLayer>
        <DOMLayer name="Layer 39">
          <frames>
            <DOMFrame index="0" motionTweenScale="false" keyMode="8192">
              <elements>
<DOMShape isFloating="true">
                                             <fills>
  <FillStyle index="1">
    <SolidColor color="#dbe6eb"/>
  </FillStyle>
</fills>
                                             <strokes/>
  <edges>
    <Edge fillStyle0="0" fillStyle1="0" strokeStyle="0" edges="!0 0! 0 0"/>
    <Edge fillStyle0="1" fillStyle1="0" strokeStyle="0" edges="!0 0! 5638 5297| 5589 5345[ 5539 5398 5539 5418[ 5539 5437 5585 5508| 5631 5575| 5582 5761| 5613 5795[ 5659 5830 5739 5837[ 5819 5845 5823 5836[ 5825 5832 5811 5826[ 5744 5771 5738 5705[ 5737 5690 5796 5633[ 5859 5570 5867 5552[ 5829 5559 5783 5532| 5744 5503[ 5672 5552 5641 5525[ 5606 5496 5600 5426[ 5597 5394 5621 5359| 5645 5330| 5638 5297"/>
  </edges>
</DOMShape>
                                   </elements>
            </DOMFrame>
          </frames>
        </DOMLayer>
        <DOMLayer name="Layer 40">
          <frames>
            <DOMFrame index="0" motionTweenScale="false" keyMode="8192">
              <elements>
<DOMShape isFloating="true">
                                             <fills>
  <FillStyle index="1">
    <SolidColor color="#ffffff"/>
  </FillStyle>
</fills>
                                             <strokes/>
  <edges>
    <Edge fillStyle0="0" fillStyle1="0" strokeStyle="0" edges="!0 0! 0 0"/>
    <Edge fillStyle0="1" fillStyle1="0" strokeStyle="0" edges="!0 0! 5568 5781| 5735 5848| 5898 5804| 5863 5576| 5943 5424| 5839 5277| 5656 5272| 5546 5394| 5621 5541| 5568 5781"/>
  </edges>
</DOMShape>
                                   </elements>
            </DOMFrame>
          </frames>
        </DOMLayer>
        <DOMLayer name="Layer 41">
          <frames>
            <DOMFrame index="0" motionTweenScale="false" keyMode="8192">
              <elements>
<DOMShape isFloating="true">
                                             <fills>
  <FillStyle index="1">
    <SolidColor color="#000000"/>
  </FillStyle>
</fills>
                                             <strokes/>
  <edges>
    <Edge fillStyle0="0" fillStyle1="0" strokeStyle="0" edges="!0 0! 0 0"/>
    <Edge fillStyle0="0" fillStyle1="1" strokeStyle="0" edges="!0 0! 5790 5803| 5785 5945[ 5782 6089 5791 6102[ 5803 6118 5839 6120[ 5875 6121 5896 6106[ 5926 6085 5877 5785| 5904 5775[ 5956 6076 5915 6124[ 5887 6156 5831 6152[ 5777 6148 5766 6124[ 5757 6107 5755 5949| 5755 5794| 5790 5803"/>
  </edges>
</DOMShape>
                                   </elements>
            </DOMFrame>
          </frames>
        </DOMLayer>
        <DOMLayer name="Layer 42">
          <frames>
            <DOMFrame index="0" motionTweenScale="false" keyMode="8192">
              <elements>
<DOMShape isFloating="true">
                                             <fills>
  <FillStyle index="1">
    <SolidColor color="#004695"/>
  </FillStyle>
</fills>
                                             <strokes/>
  <edges>
    <Edge fillStyle0="0" fillStyle1="0" strokeStyle="0" edges="!0 0! 0 0"/>
    <Edge fillStyle0="0" fillStyle1="1" strokeStyle="0" edges="!0 0! 5816 5841| 5809 5920[ 5804 6004 5812 6029[ 5826 6068 5874 6096| 5790 6139| 5777 5850| 5816 5841"/>
  </edges>
</DOMShape>
                                   </elements>
            </DOMFrame>
          </frames>
        </DOMLayer>
        <DOMLayer name="Layer 43">
          <frames>
            <DOMFrame index="0" motionTweenScale="false" keyMode="8192">
              <elements>
<DOMShape isFloating="true">
                                             <fills>
  <FillStyle index="1">
    <SolidColor color="#007fff"/>
  </FillStyle>
</fills>
                                             <strokes/>
  <edges>
    <Edge fillStyle0="0" fillStyle1="0" strokeStyle="0" edges="!0 0! 0 0"/>
    <Edge fillStyle0="1" fillStyle1="0" strokeStyle="0" edges="!0 0! 5766 5792| 5777 6119| 5854 6142| 5922 6088| 5904 5775| 5766 5792"/>
  </edges>
</DOMShape>
                                   </elements>
            </DOMFrame>
          </frames>
        </DOMLayer>
        <DOMLayer name="Layer 44">
          <frames>
            <DOMFrame index="0" motionTweenScale="false" keyMode="8192">
              <elements>
<DOMShape isFloating="true">
                                             <fills>
  <FillStyle index="1">
    <SolidColor color="#ff0000"/>
  </FillStyle>
</fills>
                                             <strokes/>
  <edges>
    <Edge fillStyle0="0" fillStyle1="0" strokeStyle="0" edges="!0 0! 0 0"/>
    <Edge fillStyle0="1" fillStyle1="0" strokeStyle="0" edges="!0 0! 5705 6177[ 5686 6192 5631 6194| 5570 6188| 5552 6181| 5551 6190[ 5552 6200 5562 6208| 5638 6217[ 5695 6216 5703 6206[ 5712 6195 5705 6177"/>
  </edges>
</DOMShape>
                                   </elements>
            </DOMFrame>
          </frames>
        </DOMLayer>
        <DOMLayer name="Layer 45">
          <frames>
            <DOMFrame index="0" motionTweenScale="false" keyMode="8192">
              <elements>
<DOMShape isFloating="true">
                                             <fills>
  <FillStyle index="1">
    <SolidColor color="#ffffff"/>
  </FillStyle>
</fills>
                                             <strokes/>
  <edges>
    <Edge fillStyle0="0" fillStyle1="0" strokeStyle="0" edges="!0 0! 0 0"/>
    <Edge fillStyle0="1" fillStyle1="0" strokeStyle="0" edges="!0 0! 5568 6141[ 5548 6171 5551 6192[ 5555 6219 5629 6217[ 5706 6215 5707 6196[ 5709 6174 5695 6148[ 5674 6110 5634 6108[ 5593 6105 5568 6141"/>
  </edges>
</DOMShape>
                                   </elements>
            </DOMFrame>
          </frames>
        </DOMLayer>
        <DOMLayer name="Layer 46">
          <frames>
            <DOMFrame index="0" motionTweenScale="false" keyMode="8192">
              <elements>
<DOMShape isFloating="true">
                                             <fills>
  <FillStyle index="1">
    <SolidColor color="#000000"/>
  </FillStyle>
</fills>
                                             <strokes/>
  <edges>
    <Edge fillStyle0="0" fillStyle1="0" strokeStyle="0" edges="!0 0! 0 0"/>
    <Edge fillStyle0="1" fillStyle1="0" strokeStyle="0" edges="!0 0! 5636 6085[ 5579 6082 5544 6133[ 5515 6174 5519 6204[ 5525 6242 5629 6240[ 5736 6236 5738 6210[ 5741 6180 5721 6141[ 5693 6089 5636 6085"/>
  </edges>
</DOMShape>
                                   </elements>
            </DOMFrame>
          </frames>
        </DOMLayer>
        <DOMLayer name="Layer 47">
          <frames>
            <DOMFrame index="0" motionTweenScale="false" keyMode="8192">
              <elements>
<DOMShape isFloating="true">
                                             <fills>
  <FillStyle index="1">
    <SolidColor color="#000000"/>
  </FillStyle>
</fills>
                                             <strokes/>
  <edges>
    <Edge fillStyle0="0" fillStyle1="0" strokeStyle="0" edges="!0 0! 0 0"/>
    <Edge fillStyle0="1" fillStyle1="0" strokeStyle="0" edges="!0 0! 5576 5775| 5556 5932[ 5540 6094 5565 6124[ 5593 6156 5651 6152[ 5703 6148 5715 6124[ 5729 6096 5725 5794| 5690 5803[ 5704 6082 5690 6102[ 5678 6118 5643 6120[ 5606 6121 5585 6106[ 5566 6093 5583 5938| 5604 5785| 5576 5775"/>
  </edges>
</DOMShape>
                                   </elements>
            </DOMFrame>
          </frames>
        </DOMLayer>
        <DOMLayer name="Layer 48">
          <frames>
            <DOMFrame index="0" motionTweenScale="false" keyMode="8192">
              <elements>
<DOMShape isFloating="true">
                                             <fills>
  <FillStyle index="1">
    <SolidColor color="#003caf"/>
  </FillStyle>
</fills>
                                             <strokes/>
  <edges>
    <Edge fillStyle0="0" fillStyle1="0" strokeStyle="0" edges="!0 0! 0 0"/>
    <Edge fillStyle0="0" fillStyle1="1" strokeStyle="0" edges="!0 0! 5689 5838[ 5686 5869 5653 5900[ 5632 5920 5660 6020[ 5675 6071 5693 6117| 5559 6130| 5593 5775| 5689 5838"/>
  </edges>
</DOMShape>
                                   </elements>
            </DOMFrame>
          </frames>
        </DOMLayer>
        <DOMLayer name="Layer 49">
          <frames>
            <DOMFrame index="0" motionTweenScale="false" keyMode="8192">
              <elements>
                                        <DOMShape isFloating="true">
                                             <fills>
  <FillStyle index="1">
    <SolidColor color="#007fff"/>
  </FillStyle>
</fills>
                                             <strokes/>
  <edges>
    <Edge fillStyle1="1" edges="!0 0! 5714 5792| 5703 6119| 5627 6142| 5559 6088| 5576 5775| 5714 5792"/>
  </edges>
</DOMShape>
                                   </elements>
            </DOMFrame>
          </frames>
        </DOMLayer>
      </layers>
    </DOMTimeline>
  </timeline>
</DOMSymbolItem>
