<DOMSymbolItem xmlns="http://ns.adobe.com/xfl/2008/" xmlns:xsi="http://www.w3.org/2001/XMLSchema-instance" name="Symbol 52" lastModified="1635072455">
  <timeline>
    <DOMTimeline name="Symbol 52">
      <layers>
                    <DOMLayer name="Layer 1" color="#93bc6a">
                         <frames>
                              <DOMFrame index="0" keyMode="9728">
  <elements>
                                        <DOMSymbolInstance libraryItemName="Symbol 51" symbolType="graphic" loop="loop">
  <matrix>
    <Matrix tx="-6.35" ty="20.75" a="0.9681854248046875" d="0.9681854248046875" b="-0.2470703125" c="0.2470703125"/>
  </matrix>
  <transformationPoint>
    <Point/>
  </transformationPoint>
</DOMSymbolInstance>
                                   </elements>
</DOMFrame>
<DOMFrame index="1" keyMode="9728">
  <elements>
                                        <DOMSymbolInstance libraryItemName="Symbol 51" symbolType="graphic" loop="loop">
  <matrix>
    <Matrix tx="-4.25" ty="21.1" a="0.94488525390625" d="0.94488525390625" b="-0.2404632568359375" c="0.2404632568359375"/>
  </matrix>
  <transformationPoint>
    <Point/>
  </transformationPoint>
</DOMSymbolInstance>
                                   </elements>
</DOMFrame>
<DOMFrame index="2" keyMode="9728">
  <elements>
                                        <DOMSymbolInstance libraryItemName="Symbol 51" symbolType="graphic" loop="loop">
  <matrix>
    <Matrix tx="-2.4" ty="21.45" a="0.9238739013671875" d="0.9238739013671875" b="-0.2351226806640625" c="0.2351226806640625"/>
  </matrix>
  <transformationPoint>
    <Point/>
  </transformationPoint>
</DOMSymbolInstance>
                                   </elements>
</DOMFrame>
<DOMFrame index="3" keyMode="9728">
  <elements>
                                        <DOMSymbolInstance libraryItemName="Symbol 51" symbolType="graphic" loop="loop">
  <matrix>
    <Matrix tx="-0.65" ty="21.75" a="0.9045257568359375" d="0.9045257568359375" b="-0.2301788330078125" c="0.2301788330078125"/>
  </matrix>
  <transformationPoint>
    <Point/>
  </transformationPoint>
</DOMSymbolInstance>
                                   </elements>
</DOMFrame>
<DOMFrame index="4" keyMode="9728">
  <elements>
                                        <DOMSymbolInstance libraryItemName="Symbol 51" symbolType="graphic" loop="loop">
  <matrix>
    <Matrix tx="0.9" ty="22.05" a="0.886871337890625" d="0.886871337890625" b="-0.2256927490234375" c="0.2256927490234375"/>
  </matrix>
  <transformationPoint>
    <Point/>
  </transformationPoint>
</DOMSymbolInstance>
                                   </elements>
</DOMFrame>
<DOMFrame index="5" keyMode="9728">
  <elements>
                                        <DOMSymbolInstance libraryItemName="Symbol 51" symbolType="graphic" loop="loop">
  <matrix>
    <Matrix tx="2.3" ty="22.15" a="0.8708953857421875" d="0.8708953857421875" b="-0.221649169921875" c="0.221649169921875"/>
  </matrix>
  <transformationPoint>
    <Point/>
  </transformationPoint>
</DOMSymbolInstance>
                                   </elements>
</DOMFrame>
<DOMFrame index="6" keyMode="9728">
  <elements>
                                        <DOMSymbolInstance libraryItemName="Symbol 51" symbolType="graphic" loop="loop">
  <matrix>
    <Matrix tx="3.55" ty="22.4" a="0.8566131591796875" d="0.8566131591796875" b="-0.2180023193359375" c="0.2180023193359375"/>
  </matrix>
  <transformationPoint>
    <Point/>
  </transformationPoint>
</DOMSymbolInstance>
                                   </elements>
</DOMFrame>
<DOMFrame index="7" keyMode="9728">
  <elements>
                                        <DOMSymbolInstance libraryItemName="Symbol 51" symbolType="graphic" loop="loop">
  <matrix>
    <Matrix tx="4.65" ty="22.65" a="0.8440093994140625" d="0.8440093994140625" b="-0.21478271484375" c="0.21478271484375"/>
  </matrix>
  <transformationPoint>
    <Point/>
  </transformationPoint>
</DOMSymbolInstance>
                                   </elements>
</DOMFrame>
<DOMFrame index="8" keyMode="9728">
  <elements>
                                        <DOMSymbolInstance libraryItemName="Symbol 51" symbolType="graphic" loop="loop">
  <matrix>
    <Matrix tx="5.6" ty="22.8" a="0.83306884765625" d="0.83306884765625" b="-0.212005615234375" c="0.212005615234375"/>
  </matrix>
  <transformationPoint>
    <Point/>
  </transformationPoint>
</DOMSymbolInstance>
                                   </elements>
</DOMFrame>
<DOMFrame index="9" keyMode="9728">
  <elements>
                                        <DOMSymbolInstance libraryItemName="Symbol 51" symbolType="graphic" loop="loop">
  <matrix>
    <Matrix tx="6.45" ty="22.9" a="0.823822021484375" d="0.823822021484375" b="-0.2096405029296875" c="0.2096405029296875"/>
  </matrix>
  <transformationPoint>
    <Point/>
  </transformationPoint>
</DOMSymbolInstance>
                                   </elements>
</DOMFrame>
<DOMFrame index="10" keyMode="9728">
  <elements>
                                        <DOMSymbolInstance libraryItemName="Symbol 51" symbolType="graphic" loop="loop">
  <matrix>
    <Matrix tx="7.1" ty="23.05" a="0.8162689208984375" d="0.8162689208984375" b="-0.207733154296875" c="0.207733154296875"/>
  </matrix>
  <transformationPoint>
    <Point/>
  </transformationPoint>
</DOMSymbolInstance>
                                   </elements>
</DOMFrame>
<DOMFrame index="11" keyMode="9728">
  <elements>
                                        <DOMSymbolInstance libraryItemName="Symbol 51" symbolType="graphic" loop="loop">
  <matrix>
    <Matrix tx="7.65" ty="23.1" a="0.810394287109375" d="0.810394287109375" b="-0.20623779296875" c="0.20623779296875"/>
  </matrix>
  <transformationPoint>
    <Point/>
  </transformationPoint>
</DOMSymbolInstance>
                                   </elements>
</DOMFrame>
<DOMFrame index="12" keyMode="9728">
  <elements>
                                        <DOMSymbolInstance libraryItemName="Symbol 51" symbolType="graphic" loop="loop">
  <matrix>
    <Matrix tx="8.0" ty="23.25" a="0.806182861328125" d="0.806182861328125" b="-0.2051544189453125" c="0.2051544189453125"/>
  </matrix>
  <transformationPoint>
    <Point/>
  </transformationPoint>
</DOMSymbolInstance>
                                   </elements>
</DOMFrame>
<DOMFrame index="13" keyMode="9728">
  <elements>
                                        <DOMSymbolInstance libraryItemName="Symbol 51" symbolType="graphic" loop="loop">
  <matrix>
    <Matrix tx="8.2" ty="23.25" a="0.803680419921875" d="0.803680419921875" b="-0.2045135498046875" c="0.2045135498046875"/>
  </matrix>
  <transformationPoint>
    <Point/>
  </transformationPoint>
</DOMSymbolInstance>
                                   </elements>
</DOMFrame>
<DOMFrame index="14" keyMode="9728">
  <elements>
                                        <DOMSymbolInstance libraryItemName="Symbol 51" symbolType="graphic" loop="loop">
  <matrix>
    <Matrix tx="8.2" ty="23.3" a="0.803314208984375" d="0.803314208984375" b="-0.204986572265625" c="0.204986572265625"/>
  </matrix>
  <transformationPoint>
    <Point/>
  </transformationPoint>
</DOMSymbolInstance>
                                   </elements>
</DOMFrame>
<DOMFrame index="15" keyMode="9728">
  <elements>
                                        <DOMSymbolInstance libraryItemName="Symbol 51" symbolType="graphic" loop="loop">
  <matrix>
    <Matrix tx="8.25" ty="23.2" a="0.8035736083984375" d="0.8035736083984375" b="-0.2044830322265625" c="0.2044830322265625"/>
  </matrix>
  <transformationPoint>
    <Point/>
  </transformationPoint>
</DOMSymbolInstance>
                                   </elements>
</DOMFrame>
<DOMFrame index="16" keyMode="9728">
  <elements>
                                        <DOMSymbolInstance libraryItemName="Symbol 51" symbolType="graphic" loop="loop">
  <matrix>
    <Matrix tx="8.0" ty="23.2" a="0.805755615234375" d="0.805755615234375" b="-0.2050628662109375" c="0.2050628662109375"/>
  </matrix>
  <transformationPoint>
    <Point/>
  </transformationPoint>
</DOMSymbolInstance>
                                   </elements>
</DOMFrame>
<DOMFrame index="17" keyMode="9728">
  <elements>
                                        <DOMSymbolInstance libraryItemName="Symbol 51" symbolType="graphic" loop="loop">
  <matrix>
    <Matrix tx="7.7" ty="23.1" a="0.809417724609375" d="0.809417724609375" b="-0.2059783935546875" c="0.2059783935546875"/>
  </matrix>
  <transformationPoint>
    <Point/>
  </transformationPoint>
</DOMSymbolInstance>
                                   </elements>
</DOMFrame>
<DOMFrame index="18" keyMode="9728">
  <elements>
                                        <DOMSymbolInstance libraryItemName="Symbol 51" symbolType="graphic" loop="loop">
  <matrix>
    <Matrix tx="7.25" ty="23.05" a="0.8145599365234375" d="0.8145599365234375" b="-0.2072906494140625" c="0.2072906494140625"/>
  </matrix>
  <transformationPoint>
    <Point/>
  </transformationPoint>
</DOMSymbolInstance>
                                   </elements>
</DOMFrame>
<DOMFrame index="19" keyMode="9728">
  <elements>
                                        <DOMSymbolInstance libraryItemName="Symbol 51" symbolType="graphic" loop="loop">
  <matrix>
    <Matrix tx="6.7" ty="22.9" a="0.821136474609375" d="0.821136474609375" b="-0.2089691162109375" c="0.2089691162109375"/>
  </matrix>
  <transformationPoint>
    <Point/>
  </transformationPoint>
</DOMSymbolInstance>
                                   </elements>
</DOMFrame>
<DOMFrame index="20" keyMode="9728">
  <elements>
                                        <DOMSymbolInstance libraryItemName="Symbol 51" symbolType="graphic" loop="loop">
  <matrix>
    <Matrix tx="5.9" ty="22.85" a="0.8291778564453125" d="0.8291778564453125" b="-0.2110137939453125" c="0.2110137939453125"/>
  </matrix>
  <transformationPoint>
    <Point/>
  </transformationPoint>
</DOMSymbolInstance>
                                   </elements>
</DOMFrame>
<DOMFrame index="21" keyMode="9728">
  <elements>
                                        <DOMSymbolInstance libraryItemName="Symbol 51" symbolType="graphic" loop="loop">
  <matrix>
    <Matrix tx="5.1" ty="22.7" a="0.838714599609375" d="0.838714599609375" b="-0.2134552001953125" c="0.2134552001953125"/>
  </matrix>
  <transformationPoint>
    <Point/>
  </transformationPoint>
</DOMSymbolInstance>
                                   </elements>
</DOMFrame>
<DOMFrame index="22" keyMode="9728">
  <elements>
                                        <DOMSymbolInstance libraryItemName="Symbol 51" symbolType="graphic" loop="loop">
  <matrix>
    <Matrix tx="4.15" ty="22.5" a="0.8496856689453125" d="0.8496856689453125" b="-0.2162322998046875" c="0.2162322998046875"/>
  </matrix>
  <transformationPoint>
    <Point/>
  </transformationPoint>
</DOMSymbolInstance>
                                   </elements>
</DOMFrame>
<DOMFrame index="23" keyMode="9728">
  <elements>
                                        <DOMSymbolInstance libraryItemName="Symbol 51" symbolType="graphic" loop="loop">
  <matrix>
    <Matrix tx="3.05" ty="22.3" a="0.86212158203125" d="0.86212158203125" b="-0.2194061279296875" c="0.2194061279296875"/>
  </matrix>
  <transformationPoint>
    <Point/>
  </transformationPoint>
</DOMSymbolInstance>
                                   </elements>
</DOMFrame>
<DOMFrame index="24" keyMode="9728">
  <elements>
                                        <DOMSymbolInstance libraryItemName="Symbol 51" symbolType="graphic" loop="loop">
  <matrix>
    <Matrix tx="1.85" ty="22.1" a="0.87603759765625" d="0.87603759765625" b="-0.2229461669921875" c="0.2229461669921875"/>
  </matrix>
  <transformationPoint>
    <Point/>
  </transformationPoint>
</DOMSymbolInstance>
                                   </elements>
</DOMFrame>
<DOMFrame index="25" keyMode="9728">
  <elements>
                                        <DOMSymbolInstance libraryItemName="Symbol 51" symbolType="graphic" loop="loop">
  <matrix>
    <Matrix tx="0.55" ty="21.9" a="0.891448974609375" d="0.891448974609375" b="-0.226837158203125" c="0.226837158203125"/>
  </matrix>
  <transformationPoint>
    <Point/>
  </transformationPoint>
</DOMSymbolInstance>
                                   </elements>
</DOMFrame>
<DOMFrame index="26" keyMode="9728">
  <elements>
                                        <DOMSymbolInstance libraryItemName="Symbol 51" symbolType="graphic" loop="loop">
  <matrix>
    <Matrix tx="-0.95" ty="21.65" a="0.9082794189453125" d="0.9082794189453125" b="-0.23114013671875" c="0.23114013671875"/>
  </matrix>
  <transformationPoint>
    <Point/>
  </transformationPoint>
</DOMSymbolInstance>
                                   </elements>
</DOMFrame>
<DOMFrame index="27" keyMode="9728">
  <elements>
                                        <DOMSymbolInstance libraryItemName="Symbol 51" symbolType="graphic" loop="loop">
  <matrix>
    <Matrix tx="-2.55" ty="21.35" a="0.9265899658203125" d="0.9265899658203125" b="-0.235809326171875" c="0.235809326171875"/>
  </matrix>
  <transformationPoint>
    <Point/>
  </transformationPoint>
</DOMSymbolInstance>
                                   </elements>
</DOMFrame>
<DOMFrame index="28" keyMode="9728">
  <elements>
                                        <DOMSymbolInstance libraryItemName="Symbol 51" symbolType="graphic" loop="loop">
  <matrix>
    <Matrix tx="-4.35" ty="21.1" a="0.94635009765625" d="0.94635009765625" b="-0.2408294677734375" c="0.2408294677734375"/>
  </matrix>
  <transformationPoint>
    <Point/>
  </transformationPoint>
</DOMSymbolInstance>
                                   </elements>
</DOMFrame>
<DOMFrame index="29" keyMode="9728">
  <elements>
                                        <DOMSymbolInstance libraryItemName="Symbol 51" symbolType="graphic" loop="loop">
  <matrix>
    <Matrix tx="-6.35" ty="20.75" a="0.9681854248046875" d="0.9681854248046875" b="-0.2470703125" c="0.2470703125"/>
  </matrix>
  <transformationPoint>
    <Point/>
  </transformationPoint>
</DOMSymbolInstance>
                                   </elements>
</DOMFrame>
<DOMFrame index="30" keyMode="9728">
  <elements>
                                        <DOMSymbolInstance libraryItemName="Symbol 51" symbolType="graphic" loop="loop">
  <matrix>
    <Matrix tx="-8.45" ty="20.35" a="0.9924468994140625" d="0.9924468994140625" b="-0.2525482177734375" c="0.2525482177734375"/>
  </matrix>
  <transformationPoint>
    <Point/>
  </transformationPoint>
</DOMSymbolInstance>
                                   </elements>
</DOMFrame>
<DOMFrame index="31" keyMode="9728">
  <elements>
                                        <DOMSymbolInstance libraryItemName="Symbol 51" symbolType="graphic" loop="loop">
  <matrix>
    <Matrix tx="-10.45" ty="19.95" a="1.0155487060546875" d="1.0155487060546875" b="-0.2584228515625" c="0.2584228515625"/>
  </matrix>
  <transformationPoint>
    <Point/>
  </transformationPoint>
</DOMSymbolInstance>
                                   </elements>
</DOMFrame>
<DOMFrame index="32" keyMode="9728">
  <elements>
                                        <DOMSymbolInstance libraryItemName="Symbol 51" symbolType="graphic" loop="loop">
  <matrix>
    <Matrix tx="-12.35" ty="19.65" a="1.0369720458984375" d="1.0369720458984375" b="-0.2639007568359375" c="0.2639007568359375"/>
  </matrix>
  <transformationPoint>
    <Point/>
  </transformationPoint>
</DOMSymbolInstance>
                                   </elements>
</DOMFrame>
<DOMFrame index="33" keyMode="9728">
  <elements>
                                        <DOMSymbolInstance libraryItemName="Symbol 51" symbolType="graphic" loop="loop">
  <matrix>
    <Matrix tx="-14.15" ty="19.4" a="1.05670166015625" d="1.05670166015625" b="-0.2689056396484375" c="0.2689056396484375"/>
  </matrix>
  <transformationPoint>
    <Point/>
  </transformationPoint>
</DOMSymbolInstance>
                                   </elements>
</DOMFrame>
<DOMFrame index="34" keyMode="9728">
  <elements>
                                        <DOMSymbolInstance libraryItemName="Symbol 51" symbolType="graphic" loop="loop">
  <matrix>
    <Matrix tx="-15.65" ty="19.1" a="1.0746917724609375" d="1.0746917724609375" b="-0.27349853515625" c="0.27349853515625"/>
  </matrix>
  <transformationPoint>
    <Point/>
  </transformationPoint>
</DOMSymbolInstance>
                                   </elements>
</DOMFrame>
<DOMFrame index="35" keyMode="9728">
  <elements>
                                        <DOMSymbolInstance libraryItemName="Symbol 51" symbolType="graphic" loop="loop">
  <matrix>
    <Matrix tx="-17.15" ty="18.85" a="1.090972900390625" d="1.090972900390625" b="-0.2776336669921875" c="0.2776336669921875"/>
  </matrix>
  <transformationPoint>
    <Point/>
  </transformationPoint>
</DOMSymbolInstance>
                                   </elements>
</DOMFrame>
<DOMFrame index="36" keyMode="9728">
  <elements>
                                        <DOMSymbolInstance libraryItemName="Symbol 51" symbolType="graphic" loop="loop">
  <matrix>
    <Matrix tx="-18.45" ty="18.6" a="1.1055450439453125" d="1.1055450439453125" b="-0.281341552734375" c="0.281341552734375"/>
  </matrix>
  <transformationPoint>
    <Point/>
  </transformationPoint>
</DOMSymbolInstance>
                                   </elements>
</DOMFrame>
<DOMFrame index="37" keyMode="9728">
  <elements>
                                        <DOMSymbolInstance libraryItemName="Symbol 51" symbolType="graphic" loop="loop">
  <matrix>
    <Matrix tx="-19.6" ty="18.35" a="1.118377685546875" d="1.118377685546875" b="-0.2846221923828125" c="0.2846221923828125"/>
  </matrix>
  <transformationPoint>
    <Point/>
  </transformationPoint>
</DOMSymbolInstance>
                                   </elements>
</DOMFrame>
<DOMFrame index="38" keyMode="9728">
  <elements>
                                        <DOMSymbolInstance libraryItemName="Symbol 51" symbolType="graphic" loop="loop">
  <matrix>
    <Matrix tx="-20.55" ty="18.2" a="1.1295013427734375" d="1.1295013427734375" b="-0.2874603271484375" c="0.2874603271484375"/>
  </matrix>
  <transformationPoint>
    <Point/>
  </transformationPoint>
</DOMSymbolInstance>
                                   </elements>
</DOMFrame>
<DOMFrame index="39" keyMode="9728">
  <elements>
                                        <DOMSymbolInstance libraryItemName="Symbol 51" symbolType="graphic" loop="loop">
  <matrix>
    <Matrix tx="-21.35" ty="18.05" a="1.138946533203125" d="1.138946533203125" b="-0.2898712158203125" c="0.2898712158203125"/>
  </matrix>
  <transformationPoint>
    <Point/>
  </transformationPoint>
</DOMSymbolInstance>
                                   </elements>
</DOMFrame>
<DOMFrame index="40" keyMode="9728">
  <elements>
                                        <DOMSymbolInstance libraryItemName="Symbol 51" symbolType="graphic" loop="loop">
  <matrix>
    <Matrix tx="-22.0" ty="17.95" a="1.146636962890625" d="1.146636962890625" b="-0.2918243408203125" c="0.2918243408203125"/>
  </matrix>
  <transformationPoint>
    <Point/>
  </transformationPoint>
</DOMSymbolInstance>
                                   </elements>
</DOMFrame>
<DOMFrame index="41" keyMode="9728">
  <elements>
                                        <DOMSymbolInstance libraryItemName="Symbol 51" symbolType="graphic" loop="loop">
  <matrix>
    <Matrix tx="-22.6" ty="17.85" a="1.1526641845703125" d="1.1526641845703125" b="-0.2933502197265625" c="0.2933502197265625"/>
  </matrix>
  <transformationPoint>
    <Point/>
  </transformationPoint>
</DOMSymbolInstance>
                                   </elements>
</DOMFrame>
<DOMFrame index="42" keyMode="9728">
  <elements>
                                        <DOMSymbolInstance libraryItemName="Symbol 51" symbolType="graphic" loop="loop">
  <matrix>
    <Matrix tx="-23.0" ty="17.75" a="1.156951904296875" d="1.156951904296875" b="-0.29443359375" c="0.29443359375"/>
  </matrix>
  <transformationPoint>
    <Point/>
  </transformationPoint>
</DOMSymbolInstance>
                                   </elements>
</DOMFrame>
<DOMFrame index="43" keyMode="9728">
  <elements>
                                        <DOMSymbolInstance libraryItemName="Symbol 51" symbolType="graphic" loop="loop">
  <matrix>
    <Matrix tx="-23.2" ty="17.7" a="1.159515380859375" d="1.159515380859375" b="-0.29510498046875" c="0.29510498046875"/>
  </matrix>
  <transformationPoint>
    <Point/>
  </transformationPoint>
</DOMSymbolInstance>
                                   </elements>
</DOMFrame>
<DOMFrame index="44" keyMode="9728">
  <elements>
                                        <DOMSymbolInstance libraryItemName="Symbol 51" symbolType="graphic" loop="loop">
  <matrix>
    <Matrix tx="-23.4" ty="17.75" a="1.161102294921875" d="1.161102294921875" b="-0.296295166015625" c="0.296295166015625"/>
  </matrix>
  <transformationPoint>
    <Point/>
  </transformationPoint>
</DOMSymbolInstance>
                                   </elements>
</DOMFrame>
<DOMFrame index="45" keyMode="9728">
  <elements>
                                        <DOMSymbolInstance libraryItemName="Symbol 51" symbolType="graphic" loop="loop">
  <matrix>
    <Matrix tx="-23.2" ty="17.7" a="1.1595306396484375" d="1.1595306396484375" b="-0.295074462890625" c="0.295074462890625"/>
  </matrix>
  <transformationPoint>
    <Point/>
  </transformationPoint>
</DOMSymbolInstance>
                                   </elements>
</DOMFrame>
<DOMFrame index="46" keyMode="9728">
  <elements>
                                        <DOMSymbolInstance libraryItemName="Symbol 51" symbolType="graphic" loop="loop">
  <matrix>
    <Matrix tx="-22.95" ty="17.75" a="1.1569671630859375" d="1.1569671630859375" b="-0.2944183349609375" c="0.2944183349609375"/>
  </matrix>
  <transformationPoint>
    <Point/>
  </transformationPoint>
</DOMSymbolInstance>
                                   </elements>
</DOMFrame>
<DOMFrame index="47" keyMode="9728">
  <elements>
                                        <DOMSymbolInstance libraryItemName="Symbol 51" symbolType="graphic" loop="loop">
  <matrix>
    <Matrix tx="-22.6" ty="17.8" a="1.152679443359375" d="1.152679443359375" b="-0.2933502197265625" c="0.2933502197265625"/>
  </matrix>
  <transformationPoint>
    <Point/>
  </transformationPoint>
</DOMSymbolInstance>
                                   </elements>
</DOMFrame>
<DOMFrame index="48" keyMode="9728">
  <elements>
                                        <DOMSymbolInstance libraryItemName="Symbol 51" symbolType="graphic" loop="loop">
  <matrix>
    <Matrix tx="-22.05" ty="17.95" a="1.14666748046875" d="1.14666748046875" b="-0.291839599609375" c="0.291839599609375"/>
  </matrix>
  <transformationPoint>
    <Point/>
  </transformationPoint>
</DOMSymbolInstance>
                                   </elements>
</DOMFrame>
<DOMFrame index="49" keyMode="9728">
  <elements>
                                        <DOMSymbolInstance libraryItemName="Symbol 51" symbolType="graphic" loop="loop">
  <matrix>
    <Matrix tx="-21.4" ty="18.05" a="1.138946533203125" d="1.138946533203125" b="-0.28985595703125" c="0.28985595703125"/>
  </matrix>
  <transformationPoint>
    <Point/>
  </transformationPoint>
</DOMSymbolInstance>
                                   </elements>
</DOMFrame>
<DOMFrame index="50" keyMode="9728">
  <elements>
                                        <DOMSymbolInstance libraryItemName="Symbol 51" symbolType="graphic" loop="loop">
  <matrix>
    <Matrix tx="-20.55" ty="18.2" a="1.1295318603515625" d="1.1295318603515625" b="-0.2874603271484375" c="0.2874603271484375"/>
  </matrix>
  <transformationPoint>
    <Point/>
  </transformationPoint>
</DOMSymbolInstance>
                                   </elements>
</DOMFrame>
<DOMFrame index="51" keyMode="9728">
  <elements>
                                        <DOMSymbolInstance libraryItemName="Symbol 51" symbolType="graphic" loop="loop">
  <matrix>
    <Matrix tx="-19.65" ty="18.35" a="1.118377685546875" d="1.118377685546875" b="-0.28460693359375" c="0.28460693359375"/>
  </matrix>
  <transformationPoint>
    <Point/>
  </transformationPoint>
</DOMSymbolInstance>
                                   </elements>
</DOMFrame>
<DOMFrame index="52" keyMode="9728">
  <elements>
                                        <DOMSymbolInstance libraryItemName="Symbol 51" symbolType="graphic" loop="loop">
  <matrix>
    <Matrix tx="-18.5" ty="18.55" a="1.10552978515625" d="1.10552978515625" b="-0.2813720703125" c="0.2813720703125"/>
  </matrix>
  <transformationPoint>
    <Point/>
  </transformationPoint>
</DOMSymbolInstance>
                                   </elements>
</DOMFrame>
<DOMFrame index="53" keyMode="9728">
  <elements>
                                        <DOMSymbolInstance libraryItemName="Symbol 51" symbolType="graphic" loop="loop">
  <matrix>
    <Matrix tx="-17.2" ty="18.8" a="1.0909881591796875" d="1.0909881591796875" b="-0.27764892578125" c="0.27764892578125"/>
  </matrix>
  <transformationPoint>
    <Point/>
  </transformationPoint>
</DOMSymbolInstance>
                                   </elements>
</DOMFrame>
<DOMFrame index="54" keyMode="9728">
  <elements>
                                        <DOMSymbolInstance libraryItemName="Symbol 51" symbolType="graphic" loop="loop">
  <matrix>
    <Matrix tx="-15.7" ty="19.05" a="1.07470703125" d="1.07470703125" b="-0.2735137939453125" c="0.2735137939453125"/>
  </matrix>
  <transformationPoint>
    <Point/>
  </transformationPoint>
</DOMSymbolInstance>
                                   </elements>
</DOMFrame>
<DOMFrame index="55" keyMode="9728">
  <elements>
                                        <DOMSymbolInstance libraryItemName="Symbol 51" symbolType="graphic" loop="loop">
  <matrix>
    <Matrix tx="-14.1" ty="19.3" a="1.05670166015625" d="1.05670166015625" b="-0.2689208984375" c="0.2689208984375"/>
  </matrix>
  <transformationPoint>
    <Point/>
  </transformationPoint>
</DOMSymbolInstance>
                                   </elements>
</DOMFrame>
<DOMFrame index="56" keyMode="9728">
  <elements>
                                        <DOMSymbolInstance libraryItemName="Symbol 51" symbolType="graphic" loop="loop">
  <matrix>
    <Matrix tx="-12.4" ty="19.65" a="1.0370025634765625" d="1.0370025634765625" b="-0.263916015625" c="0.263916015625"/>
  </matrix>
  <transformationPoint>
    <Point/>
  </transformationPoint>
</DOMSymbolInstance>
                                   </elements>
</DOMFrame>
<DOMFrame index="57" keyMode="9728">
  <elements>
                                        <DOMSymbolInstance libraryItemName="Symbol 51" symbolType="graphic" loop="loop">
  <matrix>
    <Matrix tx="-10.45" ty="19.95" a="1.01556396484375" d="1.01556396484375" b="-0.2584686279296875" c="0.2584686279296875"/>
  </matrix>
  <transformationPoint>
    <Point/>
  </transformationPoint>
</DOMSymbolInstance>
                                   </elements>
</DOMFrame>
<DOMFrame index="58" keyMode="9728">
  <elements>
                                        <DOMSymbolInstance libraryItemName="Symbol 51" symbolType="graphic" loop="loop">
  <matrix>
    <Matrix tx="-8.4" ty="20.25" a="0.9924468994140625" d="0.9924468994140625" b="-0.2525787353515625" c="0.2525787353515625"/>
  </matrix>
  <transformationPoint>
    <Point/>
  </transformationPoint>
</DOMSymbolInstance>
                                   </elements>
</DOMFrame>
<DOMFrame index="59" keyMode="9728">
  <elements>
                                        <DOMSymbolInstance libraryItemName="Symbol 51" symbolType="graphic" loop="loop">
  <matrix>
    <Matrix tx="-6.35" ty="20.75" a="0.9681854248046875" d="0.9681854248046875" b="-0.2470703125" c="0.2470703125"/>
  </matrix>
  <transformationPoint>
    <Point/>
  </transformationPoint>
</DOMSymbolInstance>
                                   </elements>
</DOMFrame>
                         </frames>
                    </DOMLayer>
               </layers>
    </DOMTimeline>
  </timeline>
</DOMSymbolItem>
