<DOMSymbolItem xmlns="http://ns.adobe.com/xfl/2008/" xmlns:xsi="http://www.w3.org/2001/XMLSchema-instance" name="Symbol 204" lastModified="1635072455" symbolType="graphic">
  <timeline>
    <DOMTimeline name="Symbol 204" currentFrame="0">
      <layers>
        <DOMLayer name="Layer 1">
          <frames>
            <DOMFrame index="0" motionTweenScale="false" keyMode="8192">
              <elements>
<DOMShape isFloating="true">
                                             <fills>
  <FillStyle index="1">
    <SolidColor color="#000000"/>
  </FillStyle>
</fills>
                                             <strokes/>
  <edges>
    <Edge fillStyle0="0" fillStyle1="0" strokeStyle="0" edges="!0 0! 0 0"/>
    <Edge fillStyle0="0" fillStyle1="1" strokeStyle="0" edges="!0 0! 1765 1100[ 1691 1166 1527 1154| 1378 1130[ 1344 1084 1336 1012[ 1319 869 1445 743[ 1677 510 1854 720[ 1914 791 1885 907[ 1856 1020 1765 1100"/>
    <Edge fillStyle0="1" fillStyle1="0" strokeStyle="0" edges="!1765 1100! 1191 1622[ 1281 1570 1288 1517[ 1293 1485 1235 1438| 1176 1398| 1191 1622"/>
    <Edge fillStyle0="1" fillStyle1="0" strokeStyle="0" edges="!1191 1622! 936 1012[ 953 869 827 743[ 689 604 592 611[ 522 616 417 720[ 334 802 372 916[ 403 1010 506 1100[ 581 1166 745 1154[ 827 1149 894 1130[ 928 1084 936 1012"/>
    <Edge fillStyle0="0" fillStyle1="1" strokeStyle="0" edges="!936 1012! 1055 1460[ 1084 1430 1117 1406| 1124 1622[ 1057 1592 1020 1547[ 997 1520 1055 1460"/>
  </edges>
</DOMShape>
                                   </elements>
            </DOMFrame>
          </frames>
        </DOMLayer>
        <DOMLayer name="Layer 2">
          <frames>
            <DOMFrame index="0" motionTweenScale="false" keyMode="8192">
              <elements>
<DOMShape isFloating="true">
                                             <fills>
  <FillStyle index="1">
    <SolidColor color="#7f0000"/>
  </FillStyle>
</fills>
                                             <strokes/>
  <edges>
    <Edge fillStyle0="0" fillStyle1="0" strokeStyle="0" edges="!0 0! 0 0"/>
    <Edge fillStyle0="0" fillStyle1="1" strokeStyle="0" edges="!0 0! 1087 2131[ 1098 2122 1096 2089| 1090 2026[ 1088 1942 1176 1937[ 1264 1933 1275 2025| 1279 2097[ 1282 2135 1296 2146[ 1330 2175 1450 2173[ 1572 2171 1594 2139[ 1608 2118 1610 2007[ 1612 1897 1631 1870[ 1709 1761 1772 1840[ 1819 1899 1819 2092[ 1819 2291 1765 2377[ 1713 2461 1559 2512[ 1421 2557 1251 2563[ 1079 2570 915 2535[ 730 2495 662 2422[ 580 2333 551 2095[ 521 1846 625 1840[ 713 1836 739 1973| 756 2075[ 765 2127 781 2139[ 819 2165 940 2160[ 1057 2155 1087 2131"/>
  </edges>
</DOMShape>
                                   </elements>
            </DOMFrame>
          </frames>
        </DOMLayer>
        <DOMLayer name="Layer 3">
          <frames>
            <DOMFrame index="0" motionTweenScale="false" keyMode="8192">
              <elements>
                                        <DOMShape isFloating="true">
                                             <fills>
  <FillStyle index="1">
    <SolidColor color="#7f0000"/>
  </FillStyle>
</fills>
                                             <strokes/>
  <edges>
    <Edge fillStyle1="1" edges="!0 0! 1860 1490[ 1716 1594 1564 1599[ 1593 1905 1523 1972[ 1452 2039 1326 1972[ 1363 1858 1326 1803[ 1298 1763 1177 1764[ 1058 1765 1016 1803[ 960 1853 1016 2000[ 885 2081 819 2000[ 777 1950 760 1781| 752 1622[ 579 1625 398 1526[ 37 1328 2 817[ -34 306 586 102[ 896 0 1213 0| 1346 12[ 1506 37 1643 99[ 2079 296 2114 789[ 2150 1282 1860 1490"/>
  </edges>
</DOMShape>
                                   </elements>
            </DOMFrame>
          </frames>
        </DOMLayer>
      </layers>
    </DOMTimeline>
  </timeline>
</DOMSymbolItem>
