<DOMSymbolItem xmlns="http://ns.adobe.com/xfl/2008/" xmlns:xsi="http://www.w3.org/2001/XMLSchema-instance" name="Symbol 120" lastModified="1635072455" symbolType="graphic">
  <timeline>
    <DOMTimeline name="Symbol 120" currentFrame="0">
      <layers>
        <DOMLayer name="Layer 1">
          <frames>
            <DOMFrame index="0" motionTweenScale="false" keyMode="8192">
              <elements>
<DOMShape isFloating="true">
                                             <fills>
  <FillStyle index="1">
    <SolidColor color="#000000"/>
  </FillStyle>
</fills>
                                             <strokes/>
  <edges>
    <Edge fillStyle0="0" fillStyle1="0" strokeStyle="0" edges="!5358 4818! 0 0"/>
    <Edge fillStyle0="1" fillStyle1="0" strokeStyle="0" edges="!0 0! 6296 3851[ 6355 3852 6403 3871[ 6504 3909 6536 3935[ 6559 3953 6560 3999[ 6466 3942 6384 3915| 6263 3912[ 6230 3920 6206 3930[ 6208 3887 6225 3866[ 6238 3851 6296 3851"/>
  </edges>
</DOMShape>
                                   </elements>
            </DOMFrame>
          </frames>
        </DOMLayer>
        <DOMLayer name="Layer 2">
          <frames>
            <DOMFrame index="0" motionTweenScale="false" keyMode="8192">
              <elements>
<DOMShape isFloating="true">
                                             <fills>
  <FillStyle index="1">
    <SolidColor color="#a90101"/>
  </FillStyle>
  <FillStyle index="2">
    <SolidColor color="#ffffff"/>
  </FillStyle>
  <FillStyle index="3">
    <SolidColor color="#7e0101"/>
  </FillStyle>
</fills>
                                             <strokes/>
  <edges>
    <Edge fillStyle0="0" fillStyle1="0" strokeStyle="0" edges="!0 0! 0 0"/>
    <Edge fillStyle0="2" fillStyle1="0" strokeStyle="0" edges="!0 0! 6338 4496[ 6327 4463 6305 4441[ 6230 4369 5790 4328| 5296 4297[ 5317 4315 5330 4367"/>
    <Edge fillStyle0="2" fillStyle1="3" strokeStyle="0" edges="!5330 4367[ 5841 4349 6338 4496"/>
    <Edge fillStyle0="0" fillStyle1="3" strokeStyle="0" edges="!6338 4496[ 6364 4579 6320 4737"/>
    <Edge fillStyle0="0" fillStyle1="1" strokeStyle="0" edges="!6320 4737[ 6298 4814 6267 4881| 6264 4888"/>
    <Edge fillStyle0="0" fillStyle1="2" strokeStyle="0" edges="!6264 4888[ 6231 4954 6214 4962[ 6169 4983 5795 4974[ 5430 4941 5376 4893[ 5364 4883 5358 4818"/>
    <Edge fillStyle0="0" fillStyle1="1" strokeStyle="0" edges="!5358 4818[ 5352 4747 5351 4611| 5351 4575"/>
    <Edge fillStyle0="0" fillStyle1="3" strokeStyle="0" edges="!5351 4575[ 5347 4439 5330 4367"/>
    <Edge fillStyle0="2" fillStyle1="1" strokeStyle="0" edges="!5330 4367! 6264 4888| 6263 4882[ 5801 4926 5358 4818"/>
    <Edge fillStyle0="1" fillStyle1="3" strokeStyle="0" edges="!5358 4818! 6320 4737[ 5842 4533 5351 4575"/>
  </edges>
</DOMShape>
                                   </elements>
            </DOMFrame>
          </frames>
        </DOMLayer>
        <DOMLayer name="Layer 3">
          <frames>
            <DOMFrame index="0" motionTweenScale="false" keyMode="8192">
              <elements>
<DOMShape isFloating="true">
                                             <fills>
  <FillStyle index="1">
    <SolidColor color="#000000"/>
  </FillStyle>
</fills>
                                             <strokes/>
  <edges>
    <Edge fillStyle0="0" fillStyle1="0" strokeStyle="0" edges="!0 0! 0 0"/>
    <Edge fillStyle0="0" fillStyle1="1" strokeStyle="0" edges="!0 0! 6357 4774[ 6325 4907 6279 5022| 5296 4915[ 5315 4800 5319 4669[ 5330 4408 5261 4330| 5165 4217[ 5152 4195 5171 4168[ 5199 4130 5280 4122[ 5247 4127 5210 4180[ 5173 4233 5316 4262| 5800 4291[ 6297 4337 6358 4423[ 6422 4510 6357 4774"/>
  </edges>
</DOMShape>
                                   </elements>
            </DOMFrame>
          </frames>
        </DOMLayer>
        <DOMLayer name="Layer 4">
          <frames>
            <DOMFrame index="0" motionTweenScale="false" keyMode="8192">
              <elements>
<DOMShape isFloating="true">
                                             <fills>
  <FillStyle index="1">
    <SolidColor color="#000000"/>
  </FillStyle>
</fills>
                                             <strokes/>
  <edges>
    <Edge fillStyle0="0" fillStyle1="0" strokeStyle="0" edges="!3996 4196! 0 0"/>
    <Edge fillStyle0="1" fillStyle1="0" strokeStyle="0" edges="!0 0! 5519 3821| 5409 3814[ 5303 3827 5265 3844[ 5238 3856 5226 3901[ 5331 3868 5418 3862[ 5473 3858 5535 3889| 5587 3919[ 5596 3877 5584 3853[ 5574 3834 5519 3821"/>
  </edges>
</DOMShape>
                                   </elements>
            </DOMFrame>
          </frames>
        </DOMLayer>
        <DOMLayer name="Layer 5">
          <frames>
            <DOMFrame index="0" motionTweenScale="false" keyMode="8192">
              <elements>
<DOMShape isFloating="true">
                                             <fills>
  <FillStyle index="1">
    <SolidColor color="#000000"/>
  </FillStyle>
</fills>
                                             <strokes/>
  <edges>
    <Edge fillStyle0="0" fillStyle1="0" strokeStyle="0" edges="!0 0! 0 0"/>
    <Edge fillStyle0="1" fillStyle1="0" strokeStyle="0" edges="!0 0! 3996 4196[ 3937 4230 3919 4297[ 3902 4363 3936 4422[ 3970 4482 4037 4500[ 4103 4517 4162 4483[ 4222 4449 4240 4382[ 4257 4316 4223 4256[ 4189 4197 4122 4179[ 4056 4162 3996 4196"/>
    <Edge fillStyle0="1" fillStyle1="0" strokeStyle="0" edges="!3996 4196! 4202 4268[ 4231 4319 4216 4376[ 4201 4433 4150 4462[ 4100 4491 4043 4476[ 3986 4461 3957 4410[ 3928 4360 3943 4303[ 3958 4246 4008 4217[ 4059 4188 4116 4203[ 4173 4218 4202 4268"/>
  </edges>
</DOMShape>
                                   </elements>
            </DOMFrame>
          </frames>
        </DOMLayer>
        <DOMLayer name="Layer 6">
          <frames>
            <DOMFrame index="0" motionTweenScale="false" keyMode="8192">
              <elements>
<DOMShape isFloating="true">
                                             <fills>
  <FillStyle index="1">
    <SolidColor color="#e8cc50"/>
  </FillStyle>
</fills>
                                             <strokes/>
  <edges>
    <Edge fillStyle0="0" fillStyle1="0" strokeStyle="0" edges="!0 0! 0 0"/>
    <Edge fillStyle0="0" fillStyle1="1" strokeStyle="0" edges="!0 0! 4025 4197[ 4048 4225 4063 4261[ 4097 4335 4067 4381[ 4037 4426 3989 4422[ 3965 4421 3947 4410[ 3934 4392 3924 4367[ 3907 4318 3932 4283[ 3972 4226 4025 4197"/>
  </edges>
</DOMShape>
                                   </elements>
            </DOMFrame>
          </frames>
        </DOMLayer>
        <DOMLayer name="Layer 7">
          <frames>
            <DOMFrame index="0" motionTweenScale="false" keyMode="8192">
              <elements>
<DOMShape isFloating="true">
                                             <fills>
  <FillStyle index="1">
    <SolidColor color="#ceb940"/>
  </FillStyle>
</fills>
                                             <strokes/>
  <edges>
    <Edge fillStyle0="0" fillStyle1="0" strokeStyle="0" edges="!0 0! 0 0"/>
    <Edge fillStyle0="0" fillStyle1="1" strokeStyle="0" edges="!0 0! 4088 4185[ 4121 4214 4143 4255[ 4189 4341 4143 4409[ 4098 4476 4027 4472[ 3991 4469 3964 4452[ 3944 4427 3930 4389[ 3903 4315 3941 4262[ 3978 4208 4037 4191| 4088 4185"/>
  </edges>
</DOMShape>
                                   </elements>
            </DOMFrame>
          </frames>
        </DOMLayer>
        <DOMLayer name="Layer 8">
          <frames>
            <DOMFrame index="0" motionTweenScale="false" keyMode="8192">
              <elements>
<DOMShape isFloating="true">
                                             <fills>
  <FillStyle index="1">
    <SolidColor color="#b38f0f"/>
  </FillStyle>
</fills>
                                             <strokes/>
  <edges>
    <Edge fillStyle0="0" fillStyle1="0" strokeStyle="0" edges="!4381 4578! 0 0"/>
    <Edge fillStyle0="0" fillStyle1="1" strokeStyle="0" edges="!0 0! 4211 4266[ 4243 4321 4226 4382[ 4210 4444 4155 4475[ 4100 4507 4037 4491[ 3977 4475 3945 4420[ 3913 4365 3928 4302[ 3946 4240 4001 4208[ 4056 4177 4117 4193[ 4179 4211 4211 4266"/>
  </edges>
</DOMShape>
                                   </elements>
            </DOMFrame>
          </frames>
        </DOMLayer>
        <DOMLayer name="Layer 9">
          <frames>
            <DOMFrame index="0" motionTweenScale="false" keyMode="8192">
              <elements>
<DOMShape isFloating="true">
                                             <fills>
  <FillStyle index="1">
    <SolidColor color="#000000"/>
  </FillStyle>
</fills>
                                             <strokes/>
  <edges>
    <Edge fillStyle0="0" fillStyle1="0" strokeStyle="0" edges="!0 0! 0 0"/>
    <Edge fillStyle0="1" fillStyle1="0" strokeStyle="0" edges="!0 0! 4381 4578[ 4411 4629 4396 4686[ 4380 4743 4329 4772[ 4279 4801 4223 4786[ 4166 4771 4136 4720[ 4107 4669 4122 4613[ 4137 4556 4187 4527[ 4238 4498 4295 4513[ 4352 4527 4381 4578"/>
    <Edge fillStyle0="1" fillStyle1="0" strokeStyle="0" edges="!4381 4578! 4115 4732[ 4150 4792 4216 4810[ 4282 4827 4341 4793[ 4401 4759 4419 4692[ 4437 4626 4402 4566[ 4368 4507 4302 4489[ 4235 4472 4175 4506[ 4116 4540 4099 4607[ 4081 4673 4115 4732"/>
  </edges>
</DOMShape>
                                   </elements>
            </DOMFrame>
          </frames>
        </DOMLayer>
        <DOMLayer name="Layer 10">
          <frames>
            <DOMFrame index="0" motionTweenScale="false" keyMode="8192">
              <elements>
<DOMShape isFloating="true">
                                             <fills>
  <FillStyle index="1">
    <SolidColor color="#e8cc50"/>
  </FillStyle>
</fills>
                                             <strokes/>
  <edges>
    <Edge fillStyle0="0" fillStyle1="0" strokeStyle="0" edges="!0 0! 0 0"/>
    <Edge fillStyle0="0" fillStyle1="1" strokeStyle="0" edges="!0 0! 4111 4593[ 4151 4536 4204 4507| 4218 4526| 4243 4571[ 4276 4645 4246 4691[ 4216 4736 4169 4732| 4139 4725| 4127 4720[ 4114 4702 4104 4677[ 4086 4628 4111 4593"/>
  </edges>
</DOMShape>
                                   </elements>
            </DOMFrame>
          </frames>
        </DOMLayer>
        <DOMLayer name="Layer 11">
          <frames>
            <DOMFrame index="0" motionTweenScale="false" keyMode="8192">
              <elements>
<DOMShape isFloating="true">
                                             <fills>
  <FillStyle index="1">
    <SolidColor color="#ceb940"/>
  </FillStyle>
</fills>
                                             <strokes/>
  <edges>
    <Edge fillStyle0="0" fillStyle1="0" strokeStyle="0" edges="!0 0! 0 0"/>
    <Edge fillStyle0="0" fillStyle1="1" strokeStyle="0" edges="!0 0! 4217 4501| 4268 4495| 4286 4514| 4322 4565[ 4368 4651 4323 4719[ 4278 4786 4207 4782| 4162 4771| 4144 4762[ 4123 4737 4110 4699[ 4083 4625 4120 4572[ 4157 4518 4217 4501"/>
  </edges>
</DOMShape>
                                   </elements>
            </DOMFrame>
          </frames>
        </DOMLayer>
        <DOMLayer name="Layer 12">
          <frames>
            <DOMFrame index="0" motionTweenScale="false" keyMode="8192">
              <elements>
<DOMShape isFloating="true">
                                             <fills>
  <FillStyle index="1">
    <SolidColor color="#b38f0f"/>
  </FillStyle>
</fills>
                                             <strokes/>
  <edges>
    <Edge fillStyle0="0" fillStyle1="0" strokeStyle="0" edges="!4355 4816! 0 0"/>
    <Edge fillStyle0="0" fillStyle1="1" strokeStyle="0" edges="!0 0! 4390 4575[ 4422 4631 4406 4692[ 4389 4754 4334 4785[ 4279 4817 4217 4801[ 4156 4785 4124 4729[ 4092 4674 4107 4612[ 4125 4550 4180 4518[ 4235 4487 4296 4503[ 4358 4520 4390 4575"/>
  </edges>
</DOMShape>
                                   </elements>
            </DOMFrame>
          </frames>
        </DOMLayer>
        <DOMLayer name="Layer 13">
          <frames>
            <DOMFrame index="0" motionTweenScale="false" keyMode="8192">
              <elements>
<DOMShape isFloating="true">
                                             <fills>
  <FillStyle index="1">
    <SolidColor color="#000000"/>
  </FillStyle>
</fills>
                                             <strokes/>
  <edges>
    <Edge fillStyle0="0" fillStyle1="0" strokeStyle="0" edges="!0 0! 0 0"/>
    <Edge fillStyle0="1" fillStyle1="0" strokeStyle="0" edges="!0 0! 4355 4816[ 4296 4850 4278 4917[ 4260 4983 4295 5042[ 4329 5101 4396 5119[ 4462 5136 4521 5102[ 4581 5068 4599 5001[ 4616 4935 4582 4876[ 4547 4817 4481 4799[ 4415 4782 4355 4816"/>
    <Edge fillStyle0="1" fillStyle1="0" strokeStyle="0" edges="!4355 4816! 4475 4823[ 4531 4837 4561 4888[ 4590 4939 4575 4996[ 4560 5053 4509 5082[ 4459 5111 4402 5096[ 4345 5081 4316 5030[ 4286 4979 4302 4923[ 4317 4865 4367 4836[ 4418 4807 4475 4823"/>
  </edges>
</DOMShape>
                                   </elements>
            </DOMFrame>
          </frames>
        </DOMLayer>
        <DOMLayer name="Layer 14">
          <frames>
            <DOMFrame index="0" motionTweenScale="false" keyMode="8192">
              <elements>
<DOMShape isFloating="true">
                                             <fills>
  <FillStyle index="1">
    <SolidColor color="#e8cc50"/>
  </FillStyle>
</fills>
                                             <strokes/>
  <edges>
    <Edge fillStyle0="0" fillStyle1="0" strokeStyle="0" edges="!0 0! 0 0"/>
    <Edge fillStyle0="0" fillStyle1="1" strokeStyle="0" edges="!0 0! 4384 4817| 4397 4836| 4422 4881[ 4455 4954 4425 5000[ 4396 5045 4348 5042| 4318 5035| 4306 5029[ 4293 5012 4283 4987[ 4265 4938 4290 4903[ 4331 4845 4384 4817"/>
  </edges>
</DOMShape>
                                   </elements>
            </DOMFrame>
          </frames>
        </DOMLayer>
        <DOMLayer name="Layer 15">
          <frames>
            <DOMFrame index="0" motionTweenScale="false" keyMode="8192">
              <elements>
<DOMShape isFloating="true">
                                             <fills>
  <FillStyle index="1">
    <SolidColor color="#ceb940"/>
  </FillStyle>
</fills>
                                             <strokes/>
  <edges>
    <Edge fillStyle0="0" fillStyle1="0" strokeStyle="0" edges="!0 0! 0 0"/>
    <Edge fillStyle0="0" fillStyle1="1" strokeStyle="0" edges="!0 0! 4447 4804| 4465 4824| 4502 4875[ 4548 4960 4502 5029[ 4457 5096 4386 5091| 4341 5081| 4323 5072[ 4302 5046 4289 5009[ 4262 4935 4299 4882[ 4337 4828 4396 4811| 4447 4804"/>
  </edges>
</DOMShape>
                                   </elements>
            </DOMFrame>
          </frames>
        </DOMLayer>
        <DOMLayer name="Layer 16">
          <frames>
            <DOMFrame index="0" motionTweenScale="false" keyMode="8192">
              <elements>
<DOMShape isFloating="true">
                                             <fills>
  <FillStyle index="1">
    <SolidColor color="#b38f0f"/>
  </FillStyle>
</fills>
                                             <strokes/>
  <edges>
    <Edge fillStyle0="0" fillStyle1="0" strokeStyle="0" edges="!0 0! 0 0"/>
    <Edge fillStyle0="0" fillStyle1="1" strokeStyle="0" edges="!0 0! 4476 4813[ 4538 4830 4570 4885[ 4601 4940 4585 5002[ 4569 5064 4514 5095[ 4459 5127 4396 5111[ 4336 5095 4304 5039[ 4272 4984 4287 4922[ 4304 4860 4359 4828[ 4414 4797 4476 4813"/>
  </edges>
</DOMShape>
                                   </elements>
            </DOMFrame>
          </frames>
        </DOMLayer>
        <DOMLayer name="Layer 17">
          <frames>
            <DOMFrame index="0" motionTweenScale="false" keyMode="8192">
              <elements>
<DOMShape isFloating="true">
                                             <fills>
  <FillStyle index="1">
    <SolidColor color="#000000"/>
  </FillStyle>
</fills>
                                             <strokes/>
  <edges>
    <Edge fillStyle0="0" fillStyle1="0" strokeStyle="0" edges="!6786 5270! 0 0"/>
    <Edge fillStyle0="1" fillStyle1="0" strokeStyle="0" edges="!0 0! 4616 5199| 4027 4235| 4600 5258| 4616 5199"/>
  </edges>
</DOMShape>
                                   </elements>
            </DOMFrame>
          </frames>
        </DOMLayer>
        <DOMLayer name="Layer 18">
          <frames>
            <DOMFrame index="0" motionTweenScale="false" keyMode="8192">
              <elements>
<DOMShape isFloating="true">
                                             <fills>
  <FillStyle index="1">
    <SolidColor color="#000000"/>
  </FillStyle>
</fills>
                                             <strokes/>
  <edges>
    <Edge fillStyle0="0" fillStyle1="0" strokeStyle="0" edges="!0 0! 0 0"/>
    <Edge fillStyle0="1" fillStyle1="0" strokeStyle="0" edges="!0 0! 6786 5270[ 6886 5213 6980 5024| 7052 4848| 7008 5098[ 6951 5358 6887 5427[ 6814 5505 6750 5506[ 6714 5506 6693 5486[ 6672 5466 6679 5413[ 6689 5327 6786 5270"/>
    <Edge fillStyle0="1" fillStyle1="0" strokeStyle="0" edges="!6786 5270! 6636 5408[ 6626 5481 6663 5517[ 6697 5550 6751 5549[ 6834 5548 6918 5458[ 6990 5381 7033 5094| 7065 4806| 6969 4987[ 6856 5179 6764 5233[ 6648 5301 6636 5408"/>
  </edges>
</DOMShape>
                                   </elements>
            </DOMFrame>
          </frames>
        </DOMLayer>
        <DOMLayer name="Layer 19">
          <frames>
            <DOMFrame index="0" motionTweenScale="false" keyMode="8192">
              <elements>
<DOMShape isFloating="true">
                                             <fills>
  <FillStyle index="1">
    <SolidColor color="#f4a057"/>
  </FillStyle>
</fills>
                                             <strokes/>
  <edges>
    <Edge fillStyle0="0" fillStyle1="0" strokeStyle="0" edges="!0 0! 0 0"/>
    <Edge fillStyle0="1" fillStyle1="0" strokeStyle="0" edges="!0 0! 7016 4969| 6963 5112[ 6905 5264 6877 5309[ 6852 5345 6811 5355[ 6764 5367 6738 5396[ 6682 5457 6705 5534| 6888 5478| 6977 5314| 7044 4986| 7039 4951| 7016 4969"/>
  </edges>
</DOMShape>
                                   </elements>
            </DOMFrame>
          </frames>
        </DOMLayer>
        <DOMLayer name="Layer 20">
          <frames>
            <DOMFrame index="0" motionTweenScale="false" keyMode="8192">
              <elements>
<DOMShape isFloating="true">
                                             <fills>
  <FillStyle index="1">
    <SolidColor color="#f5c4a0"/>
  </FillStyle>
</fills>
                                             <strokes/>
  <edges>
    <Edge fillStyle0="0" fillStyle1="0" strokeStyle="0" edges="!0 0! 0 0"/>
    <Edge fillStyle0="0" fillStyle1="1" strokeStyle="0" edges="!0 0! 6978 5001| 7065 4819| 7026 5086[ 6971 5369 6902 5443[ 6830 5521 6760 5528[ 6710 5532 6678 5501[ 6644 5469 6659 5398[ 6677 5309 6775 5252[ 6872 5195 6978 5001"/>
  </edges>
</DOMShape>
                                   </elements>
            </DOMFrame>
          </frames>
        </DOMLayer>
        <DOMLayer name="Layer 21">
          <frames>
            <DOMFrame index="0" motionTweenScale="false" keyMode="8192">
              <elements>
<DOMShape isFloating="true">
                                             <fills>
  <FillStyle index="1">
    <SolidColor color="#000000"/>
  </FillStyle>
</fills>
                                             <strokes/>
  <edges>
    <Edge fillStyle0="0" fillStyle1="0" strokeStyle="0" edges="!0 0! 0 0"/>
    <Edge fillStyle0="1" fillStyle1="0" strokeStyle="0" edges="!0 0! 5963 3962| 5965 4017| 5923 4079| 5964 4160| 5860 4093| 5963 3962"/>
  </edges>
</DOMShape>
                                   </elements>
            </DOMFrame>
          </frames>
        </DOMLayer>
        <DOMLayer name="Layer 22">
          <frames>
            <DOMFrame index="0" motionTweenScale="false" keyMode="8192">
              <elements>
<DOMShape isFloating="true">
                                             <fills>
  <FillStyle index="1">
    <SolidColor color="#f69c6b"/>
  </FillStyle>
</fills>
                                             <strokes/>
  <edges>
    <Edge fillStyle0="0" fillStyle1="0" strokeStyle="0" edges="!0 0! 0 0"/>
    <Edge fillStyle0="1" fillStyle1="0" strokeStyle="0" edges="!0 0! 5959 3942| 5965 4006| 5881 4102| 5966 4164| 5834 4103| 5959 3942"/>
  </edges>
</DOMShape>
                                   </elements>
            </DOMFrame>
          </frames>
        </DOMLayer>
        <DOMLayer name="Layer 23">
          <frames>
            <DOMFrame index="0" motionTweenScale="false" keyMode="8192">
              <elements>
<DOMShape isFloating="true">
                                             <fills>
  <FillStyle index="1">
    <SolidColor color="#f4a057"/>
  </FillStyle>
</fills>
                                             <strokes/>
  <edges>
    <Edge fillStyle0="0" fillStyle1="0" strokeStyle="0" edges="!0 0! 0 0"/>
    <Edge fillStyle0="1" fillStyle1="0" strokeStyle="0" edges="!0 0! 5784 3508| 5821 3525[ 5859 3542 5866 3553[ 5877 3568 5855 3645[ 5898 3558 5890 3539[ 5887 3526 5835 3516| 5784 3508"/>
  </edges>
</DOMShape>
                                   </elements>
            </DOMFrame>
          </frames>
        </DOMLayer>
        <DOMLayer name="Layer 24">
          <frames>
            <DOMFrame index="0" motionTweenScale="false" keyMode="8192">
              <elements>
<DOMShape isFloating="true">
                                             <fills>
  <FillStyle index="1">
    <SolidColor color="#f4a057"/>
  </FillStyle>
</fills>
                                             <strokes/>
  <edges>
    <Edge fillStyle0="0" fillStyle1="0" strokeStyle="0" edges="!0 0! 0 0"/>
    <Edge fillStyle0="0" fillStyle1="1" strokeStyle="0" edges="!0 0! 5921 4658| 5963 4633[ 6012 4609 6042 4612[ 6090 4617 6130 4713[ 6069 4653 6038 4644| 5967 4649| 5921 4658"/>
  </edges>
</DOMShape>
                                   </elements>
            </DOMFrame>
          </frames>
        </DOMLayer>
        <DOMLayer name="Layer 25">
          <frames>
            <DOMFrame index="0" motionTweenScale="false" keyMode="8192">
              <elements>
<DOMShape isFloating="true">
                                             <fills>
  <FillStyle index="1">
    <SolidColor color="#f4a057"/>
  </FillStyle>
</fills>
                                             <strokes/>
  <edges>
    <Edge fillStyle0="0" fillStyle1="0" strokeStyle="0" edges="!0 0! 0 0"/>
    <Edge fillStyle0="1" fillStyle1="0" strokeStyle="0" edges="!0 0! 6374 4360| 6406 4354[ 6441 4353 6454 4373[ 6473 4404 6463 4484[ 6504 4384 6474 4355[ 6456 4337 6414 4347| 6374 4360"/>
  </edges>
</DOMShape>
                                   </elements>
            </DOMFrame>
          </frames>
        </DOMLayer>
        <DOMLayer name="Layer 26">
          <frames>
            <DOMFrame index="0" motionTweenScale="false" keyMode="8192">
              <elements>
<DOMShape isFloating="true">
                                             <fills>
  <FillStyle index="1">
    <SolidColor color="#000000"/>
  </FillStyle>
</fills>
                                             <strokes/>
  <edges>
    <Edge fillStyle0="0" fillStyle1="0" strokeStyle="0" edges="!0 0! 0 0"/>
    <Edge fillStyle0="1" fillStyle1="0" strokeStyle="0" edges="!0 0! 6965 4144| 6937 4148| 6959 4198| 6987 4203| 6965 4144"/>
  </edges>
</DOMShape>
                                   </elements>
            </DOMFrame>
          </frames>
        </DOMLayer>
        <DOMLayer name="Layer 27">
          <frames>
            <DOMFrame index="0" motionTweenScale="false" keyMode="8192">
              <elements>
<DOMShape isFloating="true">
                                             <fills>
  <FillStyle index="1">
    <SolidColor color="#000000"/>
  </FillStyle>
</fills>
                                             <strokes/>
  <edges>
    <Edge fillStyle0="0" fillStyle1="0" strokeStyle="0" edges="!0 0! 0 0"/>
    <Edge fillStyle0="1" fillStyle1="0" strokeStyle="0" edges="!0 0! 7042 4134| 7006 4139| 7034 4201| 7070 4207| 7042 4134"/>
  </edges>
</DOMShape>
                                   </elements>
            </DOMFrame>
          </frames>
        </DOMLayer>
        <DOMLayer name="Layer 28">
          <frames>
            <DOMFrame index="0" motionTweenScale="false" keyMode="8192">
              <elements>
<DOMShape isFloating="true">
                                             <fills>
  <FillStyle index="1">
    <SolidColor color="#000000"/>
  </FillStyle>
</fills>
                                             <strokes/>
  <edges>
    <Edge fillStyle0="0" fillStyle1="0" strokeStyle="0" edges="!0 0! 0 0"/>
    <Edge fillStyle0="0" fillStyle1="1" strokeStyle="0" edges="!0 0! 5023 4064| 5051 4069| 5026 4117| 4997 4121| 5023 4064"/>
  </edges>
</DOMShape>
                                   </elements>
            </DOMFrame>
          </frames>
        </DOMLayer>
        <DOMLayer name="Layer 29">
          <frames>
            <DOMFrame index="0" motionTweenScale="false" keyMode="8192">
              <elements>
<DOMShape isFloating="true">
                                             <fills>
  <FillStyle index="1">
    <SolidColor color="#000000"/>
  </FillStyle>
</fills>
                                             <strokes/>
  <edges>
    <Edge fillStyle0="0" fillStyle1="0" strokeStyle="0" edges="!0 0! 0 0"/>
    <Edge fillStyle0="0" fillStyle1="1" strokeStyle="0" edges="!0 0! 4946 4050| 4981 4057| 4950 4116| 4915 4122| 4946 4050"/>
  </edges>
</DOMShape>
                                   </elements>
            </DOMFrame>
          </frames>
        </DOMLayer>
        <DOMLayer name="Layer 30">
          <frames>
            <DOMFrame index="0" motionTweenScale="false" keyMode="8192">
              <elements>
<DOMShape isFloating="true">
                                             <fills>
  <FillStyle index="1">
    <SolidColor color="#000000"/>
  </FillStyle>
</fills>
                                             <strokes/>
  <edges>
    <Edge fillStyle0="0" fillStyle1="0" strokeStyle="0" edges="!0 0! 0 0"/>
    <Edge fillStyle0="1" fillStyle1="0" strokeStyle="0" edges="!0 0! 6233 4530[ 6191 4543 6015 4528| 5851 4516[ 5850 4524 6019 4547| 6247 4561[ 6327 4546 6385 4467[ 6393 4458 6382 4439[ 6371 4421 6366 4425[ 6378 4447 6332 4481[ 6289 4514 6233 4530"/>
  </edges>
</DOMShape>
                                   </elements>
            </DOMFrame>
          </frames>
        </DOMLayer>
        <DOMLayer name="Layer 31">
          <frames>
            <DOMFrame index="0" motionTweenScale="false" keyMode="8192">
              <elements>
<DOMShape isFloating="true">
                                             <fills>
  <FillStyle index="1">
    <SolidColor color="#000000"/>
  </FillStyle>
</fills>
                                             <strokes/>
  <edges>
    <Edge fillStyle0="0" fillStyle1="0" strokeStyle="0" edges="!0 0! 0 0"/>
    <Edge fillStyle0="0" fillStyle1="1" strokeStyle="0" edges="!0 0! 5608 4450| 5595 4403| 5612 4433[ 5633 4466 5657 4477| 5712 4484| 5759 4483[ 5787 4491 5790 4510| 5755 4499| 5706 4504| 5647 4506[ 5624 4500 5608 4450"/>
  </edges>
</DOMShape>
                                   </elements>
            </DOMFrame>
          </frames>
        </DOMLayer>
        <DOMLayer name="Layer 32">
          <frames>
            <DOMFrame index="0" motionTweenScale="false" keyMode="8192">
              <elements>
<DOMShape isFloating="true">
                                             <fills>
  <FillStyle index="1">
    <SolidColor color="#000000"/>
  </FillStyle>
</fills>
                                             <strokes/>
  <edges>
    <Edge fillStyle0="0" fillStyle1="0" strokeStyle="0" edges="!0 0! 0 0"/>
    <Edge fillStyle0="1" fillStyle1="0" strokeStyle="0" edges="!0 0! 5105 3591[ 5234 3637 5342 3617[ 5458 3597 5574 3525[ 5678 3461 5675 3434[ 5675 3416 5614 3391| 5555 3368[ 5613 3400 5594 3428[ 5532 3515 5357 3549| 5122 3558| 4998 3544[ 5051 3566 5105 3591"/>
  </edges>
</DOMShape>
                                   </elements>
            </DOMFrame>
          </frames>
        </DOMLayer>
        <DOMLayer name="Layer 33">
          <frames>
            <DOMFrame index="0" motionTweenScale="false" keyMode="8192">
              <elements>
<DOMShape isFloating="true">
                                             <fills>
  <FillStyle index="1">
    <SolidColor color="#000000"/>
  </FillStyle>
</fills>
                                             <strokes/>
  <edges>
    <Edge fillStyle0="0" fillStyle1="0" strokeStyle="0" edges="!0 0! 0 0"/>
    <Edge fillStyle0="1" fillStyle1="0" strokeStyle="0" edges="!0 0! 6274 3476| 6277 3518[ 6288 3568 6331 3597[ 6370 3625 6525 3638| 6718 3661[ 6787 3685 6879 3799[ 6823 3629 6755 3604| 6564 3586[ 6406 3578 6365 3563[ 6317 3546 6291 3509| 6274 3476"/>
  </edges>
</DOMShape>
                                   </elements>
            </DOMFrame>
          </frames>
        </DOMLayer>
        <DOMLayer name="Layer 34">
          <frames>
            <DOMFrame index="0" motionTweenScale="false" keyMode="8192">
              <elements>
<DOMShape isFloating="true">
                                             <fills>
  <FillStyle index="1">
    <SolidColor color="#000000"/>
  </FillStyle>
</fills>
                                             <strokes/>
  <edges>
    <Edge fillStyle0="0" fillStyle1="0" strokeStyle="0" edges="!0 0! 0 0"/>
    <Edge fillStyle0="1" fillStyle1="0" strokeStyle="0" edges="!0 0! 7037 2062[ 7027 2130 6832 2398[ 6766 2201 6688 2004[ 6531 1610 6470 1614[ 6482 1697 6274 1840| 6073 1438| 5810 1831| 5744 1738[ 5679 1641 5680 1613[ 5639 1605 5378 1964| 5124 2324[ 5098 2288 5075 2235[ 5029 2129 5046 2045[ 4961 2060 4851 2491[ 4797 2706 4759 2919[ 4587 2844 4533 2751[ 4518 2765 4534 2921| 4578 3273[ 4649 3819 4623 3971[ 4630 3955 4676 3919| 4722 3886| 4655 3349[ 4612 3035 4583 2920| 4658 2965[ 4730 3001 4808 3030[ 4848 2820 4895 2608[ 4990 2183 5028 2169[ 5007 2270 5144 2488| 5380 2109[ 5620 1730 5641 1727[ 5625 1767 5712 1853| 5803 1930| 6066 1578| 6247 1978[ 6508 1790 6495 1725[ 6524 1726 6666 2147| 6801 2569[ 7056 2250 7054 2172[ 7123 2419 7142 2825[ 7152 3029 7147 3184| 7289 3114[ 7434 3046 7452 3055[ 7353 3128 7283 3611[ 7247 3852 7231 4079| 7282 4187[ 7296 3943 7337 3668[ 7421 3118 7561 2966[ 7521 2927 7362 2986| 7213 3053[ 7207 2828 7182 2591[ 7133 2119 7037 2062"/>
  </edges>
</DOMShape>
                                   </elements>
            </DOMFrame>
          </frames>
        </DOMLayer>
        <DOMLayer name="Layer 35">
          <frames>
            <DOMFrame index="0" motionTweenScale="false" keyMode="8192">
              <elements>
<DOMShape isFloating="true">
                                             <fills>
  <FillStyle index="1">
    <SolidColor color="#000000"/>
  </FillStyle>
</fills>
                                             <strokes/>
  <edges>
    <Edge fillStyle0="0" fillStyle1="0" strokeStyle="0" edges="!0 0! 0 0"/>
    <Edge fillStyle0="0" fillStyle1="1" strokeStyle="0" edges="!0 0! 7015 3323| 7070 3662| 6914 3379| 6690 3523| 6598 3255| 6441 3333| 6639 3114| 6720 3345[ 6816 3287 6911 3231| 7015 3323"/>
  </edges>
</DOMShape>
                                   </elements>
            </DOMFrame>
          </frames>
        </DOMLayer>
        <DOMLayer name="Layer 36">
          <frames>
            <DOMFrame index="0" motionTweenScale="false" keyMode="8192">
              <elements>
<DOMShape isFloating="true">
                                             <fills>
  <FillStyle index="1">
    <SolidColor color="#000000"/>
  </FillStyle>
</fills>
                                             <strokes/>
  <edges>
    <Edge fillStyle0="0" fillStyle1="0" strokeStyle="0" edges="!0 0! 0 0"/>
    <Edge fillStyle0="1" fillStyle1="0" strokeStyle="0" edges="!0 0! 5519 3304[ 5646 3192 5782 3083[ 6052 2863 6090 2876[ 6038 2953 6112 3199| 6347 3098| 6427 3232| 6456 3188| 6366 2985| 6198 3076[ 6147 2818 6184 2746[ 6071 2749 5677 3057[ 5480 3211 5311 3358| 5519 3304"/>
  </edges>
</DOMShape>
                                   </elements>
            </DOMFrame>
          </frames>
        </DOMLayer>
        <DOMLayer name="Layer 37">
          <frames>
            <DOMFrame index="0" motionTweenScale="false" keyMode="8192">
              <elements>
<DOMShape isFloating="true">
                                             <fills>
  <FillStyle index="1">
    <SolidColor color="#000000"/>
  </FillStyle>
</fills>
                                             <strokes/>
  <edges>
    <Edge fillStyle0="0" fillStyle1="0" strokeStyle="0" edges="!0 0! 0 0"/>
    <Edge fillStyle0="1" fillStyle1="0" strokeStyle="0" edges="!0 0! 5124 3030[ 5028 2927 5011 2930[ 4991 3201 4855 3657| 5062 3061| 5232 3277| 5405 2945| 5528 3135[ 5555 3114 5584 3092| 5417 2807| 5216 3133| 5124 3030"/>
  </edges>
</DOMShape>
                                   </elements>
            </DOMFrame>
          </frames>
        </DOMLayer>
        <DOMLayer name="Layer 38">
          <frames>
            <DOMFrame index="0" motionTweenScale="false" keyMode="8192">
              <elements>
<DOMShape isFloating="true">
                                             <fills>
  <FillStyle index="1">
    <SolidColor color="#000000"/>
  </FillStyle>
</fills>
                                             <strokes/>
  <edges>
    <Edge fillStyle0="0" fillStyle1="0" strokeStyle="0" edges="!0 0! 0 0"/>
    <Edge fillStyle0="0" fillStyle1="1" strokeStyle="0" edges="!0 0! 4822 3885[ 4860 3927 4814 3955| 4713 3966[ 4612 3990 4611 4055[ 4610 4158 4728 4320[ 4685 4297 4642 4252[ 4554 4162 4551 4060[ 4549 3952 4671 3895[ 4718 3874 4764 3871[ 4808 3869 4822 3885"/>
  </edges>
</DOMShape>
                                   </elements>
            </DOMFrame>
          </frames>
        </DOMLayer>
        <DOMLayer name="Layer 39">
          <frames>
            <DOMFrame index="0" motionTweenScale="false" keyMode="8192">
              <elements>
<DOMShape isFloating="true">
                                             <fills>
  <FillStyle index="1">
    <SolidColor color="#000000"/>
  </FillStyle>
</fills>
                                             <strokes/>
  <edges>
    <Edge fillStyle0="0" fillStyle1="0" strokeStyle="0" edges="!0 0! 0 0"/>
    <Edge fillStyle0="1" fillStyle1="0" strokeStyle="0" edges="!0 0! 7117 4032[ 7104 4045 7122 4061| 7171 4095[ 7252 4148 7251 4205[ 7246 4308 7133 4470[ 7173 4446 7216 4403[ 7302 4314 7309 4214[ 7318 4105 7233 4047[ 7200 4024 7166 4020[ 7131 4016 7117 4032"/>
  </edges>
</DOMShape>
                                   </elements>
            </DOMFrame>
          </frames>
        </DOMLayer>
        <DOMLayer name="Layer 40">
          <frames>
            <DOMFrame index="0" motionTweenScale="false" keyMode="8192">
              <elements>
<DOMShape isFloating="true">
                                             <fills>
  <FillStyle index="1">
    <SolidColor color="#000000"/>
  </FillStyle>
</fills>
                                             <strokes/>
  <edges>
    <Edge fillStyle0="0" fillStyle1="0" strokeStyle="0" edges="!0 0! 0 0"/>
    <Edge fillStyle0="0" fillStyle1="1" strokeStyle="0" edges="!0 0! 7050 3518[ 7092 3734 7121 3931[ 7212 4562 7137 4767[ 7058 4978 6522 5036| 6128 5055| 5887 5045[ 5564 5010 5266 4920[ 4749 4764 4707 4529[ 4666 4296 4843 3666[ 4897 3468 4968 3255| 5027 3081| 4885 3715[ 4751 4379 4787 4535[ 4824 4702 5216 4828[ 5530 4927 5904 4961[ 6294 4995 6576 4968[ 6961 4933 7048 4787[ 7129 4650 7080 3982[ 7065 3775 7038 3537| 7014 3342| 7050 3518"/>
  </edges>
</DOMShape>
                                   </elements>
            </DOMFrame>
          </frames>
        </DOMLayer>
        <DOMLayer name="Layer 41">
          <frames>
            <DOMFrame index="0" motionTweenScale="false" keyMode="8192">
              <elements>
<DOMShape isFloating="true">
                                             <fills>
  <FillStyle index="1">
    <SolidColor color="#f4a057"/>
  </FillStyle>
</fills>
                                             <strokes/>
  <edges>
    <Edge fillStyle0="0" fillStyle1="0" strokeStyle="0" edges="!0 0! 0 0"/>
    <Edge fillStyle0="0" fillStyle1="1" strokeStyle="0" edges="!0 0! 4791 4011| 4727 4218[ 4655 4144 4668 4076[ 4676 4034 4734 4018| 4791 4011"/>
  </edges>
</DOMShape>
                                   </elements>
            </DOMFrame>
          </frames>
        </DOMLayer>
        <DOMLayer name="Layer 42">
          <frames>
            <DOMFrame index="0" motionTweenScale="false" keyMode="8192">
              <elements>
<DOMShape isFloating="true">
                                             <fills>
  <FillStyle index="1">
    <SolidColor color="#f4a057"/>
  </FillStyle>
</fills>
                                             <strokes/>
  <edges>
    <Edge fillStyle0="0" fillStyle1="0" strokeStyle="0" edges="!0 0! 0 0"/>
    <Edge fillStyle0="1" fillStyle1="0" strokeStyle="0" edges="!0 0! 7121 4156| 7151 4327[ 7212 4247 7200 4206[ 7192 4179 7156 4165| 7121 4156"/>
  </edges>
</DOMShape>
                                   </elements>
            </DOMFrame>
          </frames>
        </DOMLayer>
        <DOMLayer name="Layer 43">
          <frames>
            <DOMFrame index="0" motionTweenScale="false" keyMode="8192">
              <elements>
<DOMShape isFloating="true">
                                             <fills>
  <FillStyle index="1">
    <SolidColor color="#f4a057"/>
  </FillStyle>
</fills>
                                             <strokes/>
  <edges>
    <Edge fillStyle0="0" fillStyle1="0" strokeStyle="0" edges="!0 0! 0 0"/>
    <Edge fillStyle0="0" fillStyle1="1" strokeStyle="0" edges="!0 0! 6326 3140| 6222 3174[ 6115 3216 6094 3245[ 6076 3251 6048 3108[ 6019 2968 6028 2939[ 6034 2924 5777 3118| 5518 3315| 5294 3366| 6123 2781| 6133 3136| 6364 3028| 6429 3231| 6326 3140"/>
  </edges>
</DOMShape>
                                   </elements>
            </DOMFrame>
          </frames>
        </DOMLayer>
        <DOMLayer name="Layer 44">
          <frames>
            <DOMFrame index="0" motionTweenScale="false" keyMode="8192">
              <elements>
<DOMShape isFloating="true">
                                             <fills>
  <FillStyle index="1">
    <SolidColor color="#f4a057"/>
  </FillStyle>
</fills>
                                             <strokes/>
  <edges>
    <Edge fillStyle0="0" fillStyle1="0" strokeStyle="0" edges="!0 0! 0 0"/>
    <Edge fillStyle0="1" fillStyle1="0" strokeStyle="0" edges="!0 0! 5228 3159| 5030 2978| 4966 3363| 5079 3113| 5239 3321| 5396 3016| 5523 3132| 5562 3084| 5403 2852| 5228 3159"/>
  </edges>
</DOMShape>
                                   </elements>
            </DOMFrame>
          </frames>
        </DOMLayer>
        <DOMLayer name="Layer 45">
          <frames>
            <DOMFrame index="0" motionTweenScale="false" keyMode="8192">
              <elements>
<DOMShape isFloating="true">
                                             <fills>
  <FillStyle index="1">
    <SolidColor color="#f4a057"/>
  </FillStyle>
</fills>
                                             <strokes/>
  <edges>
    <Edge fillStyle0="0" fillStyle1="0" strokeStyle="0" edges="!0 0! 0 0"/>
    <Edge fillStyle0="0" fillStyle1="1" strokeStyle="0" edges="!0 0! 7054 3541| 7093 3778| 6900 3432| 6662 3569| 6588 3319| 6446 3326| 6639 3189| 6705 3410| 6927 3280| 7054 3541"/>
  </edges>
</DOMShape>
                                   </elements>
            </DOMFrame>
          </frames>
        </DOMLayer>
        <DOMLayer name="Layer 46">
          <frames>
            <DOMFrame index="0" motionTweenScale="false" keyMode="8192">
              <elements>
<DOMShape isFloating="true">
                                             <fills>
  <FillStyle index="1">
    <SolidColor color="#f4a057"/>
  </FillStyle>
</fills>
                                             <strokes/>
  <edges>
    <Edge fillStyle0="0" fillStyle1="0" strokeStyle="0" edges="!0 0! 0 0"/>
    <Edge fillStyle0="1" fillStyle1="0" strokeStyle="0" edges="!0 0! 5000 3190| 4865 3773[ 4734 4373 4754 4451| 4769 4524[ 4776 4553 4786 4573[ 4809 4612 4939 4731[ 5093 4893 5654 4960| 6185 4995[ 6091 4835 6033 4813[ 6001 4801 5936 4820[ 5857 4845 5819 4846| 5673 4820[ 5549 4790 5427 4744[ 5084 4617 4993 4457[ 4907 4303 4945 3731[ 4957 3552 4979 3353| 5000 3190"/>
  </edges>
</DOMShape>
                                   </elements>
            </DOMFrame>
          </frames>
        </DOMLayer>
        <DOMLayer name="Layer 47">
          <frames>
            <DOMFrame index="0" motionTweenScale="false" keyMode="8192">
              <elements>
<DOMShape isFloating="true">
                                             <fills>
  <FillStyle index="1">
    <SolidColor color="#f4a057"/>
  </FillStyle>
</fills>
                                             <strokes/>
  <edges>
    <Edge fillStyle0="0" fillStyle1="0" strokeStyle="0" edges="!0 0! 0 0"/>
    <Edge fillStyle0="1" fillStyle1="0" strokeStyle="0" edges="!0 0! 7013 4672[ 6784 4918 6000 4914[ 6005 4944 6064 4977| 6171 4988[ 6306 4998 6436 4992[ 6851 4975 7074 4811[ 7123 4710 7109 4557| 7092 4464| 7091 4503[ 7084 4596 7013 4672"/>
  </edges>
</DOMShape>
                                   </elements>
            </DOMFrame>
          </frames>
        </DOMLayer>
        <DOMLayer name="Layer 48">
          <frames>
            <DOMFrame index="0" motionTweenScale="false" keyMode="8192">
              <elements>
<DOMShape isFloating="true">
                                             <fills>
  <FillStyle index="1">
    <SolidColor color="#f5be8b"/>
  </FillStyle>
</fills>
                                             <strokes/>
  <edges>
    <Edge fillStyle0="0" fillStyle1="0" strokeStyle="0" edges="!0 0! 0 0"/>
    <Edge fillStyle0="1" fillStyle1="0" strokeStyle="0" edges="!0 0! 6900 3279| 6732 3391| 6626 3189| 6505 3285| 6363 3017| 6179 3101| 6123 2781| 5601 3125| 5422 2844| 5252 3148| 5210 3153| 5054 2984| 4978 3235| 4805 3906[ 4762 3909 4713 3924[ 4618 3953 4596 4010[ 4575 4068 4648 4206[ 4684 4274 4725 4332| 4753 4547| 4776 4604[ 4817 4674 4913 4736[ 5217 4936 5941 4978[ 6665 5022 6957 4887[ 7048 4845 7086 4790| 7105 4744| 7145 4432[ 7178 4417 7212 4384[ 7279 4319 7278 4231[ 7278 4142 7197 4090| 7143 4062| 7118 4055| 7038 3454| 6900 3279"/>
  </edges>
</DOMShape>
                                   </elements>
            </DOMFrame>
          </frames>
        </DOMLayer>
        <DOMLayer name="Layer 49">
          <frames>
            <DOMFrame index="0" motionTweenScale="false" keyMode="8192">
              <elements>
<DOMShape isFloating="true">
                                             <fills>
  <FillStyle index="1">
    <SolidColor color="#210000"/>
  </FillStyle>
</fills>
                                             <strokes/>
  <edges>
    <Edge fillStyle0="0" fillStyle1="0" strokeStyle="0" edges="!0 0! 0 0"/>
    <Edge fillStyle0="0" fillStyle1="1" strokeStyle="0" edges="!0 0! 7186 3359| 7149 4045| 4822 3885| 4739 3276| 4848 3316| 4971 2806| 5186 3058| 5524 2379| 5694 2870| 6013 2227| 6203 2690| 6485 2432| 6716 3080| 6970 2848| 7047 3400| 7186 3359"/>
  </edges>
</DOMShape>
                                   </elements>
            </DOMFrame>
          </frames>
        </DOMLayer>
        <DOMLayer name="Layer 50">
          <frames>
            <DOMFrame index="0" motionTweenScale="false" keyMode="8192">
              <elements>
<DOMShape isFloating="true">
                                             <fills>
  <FillStyle index="1">
    <SolidColor color="#3d0000"/>
  </FillStyle>
</fills>
                                             <strokes/>
  <edges>
    <Edge fillStyle0="0" fillStyle1="0" strokeStyle="0" edges="!0 0! 0 0"/>
    <Edge fillStyle0="1" fillStyle1="0" strokeStyle="0" edges="!0 0! 6872 3179| 6753 3313| 6603 3034| 6483 3202| 6324 2942| 6221 3063| 6194 2729| 5589 3079| 5403 2440| 5211 2783[ 5155 2741 5105 2675[ 5002 2543 5018 2430[ 4963 2425 4839 3156[ 4777 3521 4727 3889| 4808 3867| 5036 3046| 5211 3206| 5383 2955| 5583 3176| 6104 2863| 6160 3156| 6345 3090| 6487 3306| 6621 3237| 6715 3421| 6904 3346| 7020 3543| 7101 3991| 7218 4048| 7261 3903| 7126 3873| 7055 3295| 6872 3179"/>
  </edges>
</DOMShape>
                                   </elements>
            </DOMFrame>
          </frames>
        </DOMLayer>
        <DOMLayer name="Layer 51">
          <frames>
            <DOMFrame index="0" motionTweenScale="false" keyMode="8192">
              <elements>
<DOMShape isFloating="true">
                                             <fills>
  <FillStyle index="1">
    <SolidColor color="#3d0000"/>
  </FillStyle>
</fills>
                                             <strokes/>
  <edges>
    <Edge fillStyle0="0" fillStyle1="0" strokeStyle="0" edges="!0 0! 0 0"/>
    <Edge fillStyle0="0" fillStyle1="1" strokeStyle="0" edges="!0 0! 7284 3236| 7201 3922| 7116 3881| 7060 3353| 7284 3236"/>
  </edges>
</DOMShape>
                                   </elements>
            </DOMFrame>
          </frames>
        </DOMLayer>
        <DOMLayer name="Layer 52">
          <frames>
            <DOMFrame index="0" motionTweenScale="false" keyMode="8192">
              <elements>
<DOMShape isFloating="true">
                                             <fills>
  <FillStyle index="1">
    <SolidColor color="#3d0000"/>
  </FillStyle>
</fills>
                                             <strokes/>
  <edges>
    <Edge fillStyle0="0" fillStyle1="0" strokeStyle="0" edges="!0 0! 0 0"/>
    <Edge fillStyle0="1" fillStyle1="0" strokeStyle="0" edges="!0 0! 7032 2508[ 6932 2766 6586 3199| 6789 3366| 7088 3368[ 7081 2524 7032 2508"/>
  </edges>
</DOMShape>
                                   </elements>
            </DOMFrame>
          </frames>
        </DOMLayer>
        <DOMLayer name="Layer 53">
          <frames>
            <DOMFrame index="0" motionTweenScale="false" keyMode="8192">
              <elements>
<DOMShape isFloating="true">
                                             <fills>
  <FillStyle index="1">
    <SolidColor color="#3d0000"/>
  </FillStyle>
</fills>
                                             <strokes/>
  <edges>
    <Edge fillStyle0="0" fillStyle1="0" strokeStyle="0" edges="!0 0! 0 0"/>
    <Edge fillStyle0="0" fillStyle1="1" strokeStyle="0" edges="!0 0! 5629 2017[ 5567 2162 5753 2550[ 5848 2745 5953 2909| 5607 3082| 5384 2940| 5265 3112| 5153 3018[ 5236 2795 5336 2557[ 5537 2084 5629 2017"/>
  </edges>
</DOMShape>
                                   </elements>
            </DOMFrame>
          </frames>
        </DOMLayer>
        <DOMLayer name="Layer 54">
          <frames>
            <DOMFrame index="0" motionTweenScale="false" keyMode="8192">
              <elements>
<DOMShape isFloating="true">
                                             <fills>
  <FillStyle index="1">
    <SolidColor color="#3d0000"/>
  </FillStyle>
</fills>
                                             <strokes/>
  <edges>
    <Edge fillStyle0="0" fillStyle1="0" strokeStyle="0" edges="!0 0! 0 0"/>
    <Edge fillStyle0="0" fillStyle1="1" strokeStyle="0" edges="!0 0! 6141 3108| 5680 2739| 6038 1865| 6328 3022| 6141 3108"/>
  </edges>
</DOMShape>
                                   </elements>
            </DOMFrame>
          </frames>
        </DOMLayer>
        <DOMLayer name="Layer 55">
          <frames>
            <DOMFrame index="0" motionTweenScale="false" keyMode="8192">
              <elements>
<DOMShape isFloating="true">
                                             <fills>
  <FillStyle index="1">
    <SolidColor color="#3d0000"/>
  </FillStyle>
</fills>
                                             <strokes/>
  <edges>
    <Edge fillStyle0="0" fillStyle1="0" strokeStyle="0" edges="!0 0! 0 0"/>
    <Edge fillStyle0="0" fillStyle1="1" strokeStyle="0" edges="!0 0! 6672 2621[ 6733 2899 6780 3171| 6465 3247| 6092 2770[ 6193 2644 6292 2490[ 6491 2182 6482 2039[ 6552 2066 6672 2621"/>
  </edges>
</DOMShape>
                                   </elements>
            </DOMFrame>
          </frames>
        </DOMLayer>
        <DOMLayer name="Layer 56">
          <frames>
            <DOMFrame index="0" motionTweenScale="false" keyMode="8192">
              <elements>
<DOMShape isFloating="true">
                                             <fills>
  <FillStyle index="1">
    <SolidColor color="#3d0000"/>
  </FillStyle>
</fills>
                                             <strokes/>
  <edges>
    <Edge fillStyle0="0" fillStyle1="0" strokeStyle="0" edges="!0 0! 0 0"/>
    <Edge fillStyle0="0" fillStyle1="1" strokeStyle="0" edges="!0 0! 4890 3277| 4769 3814| 4680 3155| 4890 3277"/>
  </edges>
</DOMShape>
                                   </elements>
            </DOMFrame>
          </frames>
        </DOMLayer>
        <DOMLayer name="Layer 57">
          <frames>
            <DOMFrame index="0" motionTweenScale="false" keyMode="8192">
              <elements>
<DOMShape isFloating="true">
                                             <fills>
  <FillStyle index="1">
    <SolidColor color="#7f0000"/>
  </FillStyle>
</fills>
                                             <strokes/>
  <edges>
    <Edge fillStyle0="0" fillStyle1="0" strokeStyle="0" edges="!4734 5157! 0 0"/>
    <Edge fillStyle0="0" fillStyle1="1" strokeStyle="0" edges="!0 0! 7157 2633[ 7175 2865 7180 3092[ 7530 2994 7493 3018[ 7412 3073 7329 3596[ 7286 3858 7260 4109| 4669 3927| 4566 2860| 4775 2996| 5011 2102| 5146 2398| 5636 1683| 5804 1868| 6091 1516| 6270 1880| 6505 1682| 6828 2468| 6921 2306[ 7020 2145 7058 2139[ 7123 2167 7157 2633"/>
  </edges>
</DOMShape>
                                   </elements>
            </DOMFrame>
          </frames>
        </DOMLayer>
        <DOMLayer name="Layer 58">
          <frames>
            <DOMFrame index="0" motionTweenScale="false" keyMode="8192">
              <elements>
<DOMShape isFloating="true">
                                             <fills>
  <FillStyle index="1">
    <SolidColor color="#000000"/>
  </FillStyle>
</fills>
                                             <strokes/>
  <edges>
    <Edge fillStyle0="0" fillStyle1="0" strokeStyle="0" edges="!0 0! 0 0"/>
    <Edge fillStyle0="1" fillStyle1="0" strokeStyle="0" edges="!0 0! 4734 5157[ 4738 5041 4861 4869| 4982 4722| 4782 4879[ 4578 5052 4547 5142[ 4514 5243 4542 5300[ 4559 5332 4588 5340[ 4615 5350 4658 5319[ 4729 5269 4734 5157"/>
    <Edge fillStyle0="1" fillStyle1="0" strokeStyle="0" edges="!4734 5157! 4684 5354[ 4623 5398 4574 5382[ 4529 5368 4504 5319[ 4466 5245 4506 5128[ 4539 5029 4772 4855| 5013 4691| 4898 4861[ 4782 5052 4777 5158[ 4772 5293 4684 5354"/>
  </edges>
</DOMShape>
                                   </elements>
            </DOMFrame>
          </frames>
        </DOMLayer>
        <DOMLayer name="Layer 59">
          <frames>
            <DOMFrame index="0" motionTweenScale="false" keyMode="8192">
              <elements>
<DOMShape isFloating="true">
                                             <fills>
  <FillStyle index="1">
    <SolidColor color="#f4a057"/>
  </FillStyle>
</fills>
                                             <strokes/>
  <edges>
    <Edge fillStyle0="0" fillStyle1="0" strokeStyle="0" edges="!0 0! 0 0"/>
    <Edge fillStyle0="1" fillStyle1="0" strokeStyle="0" edges="!0 0! 4891 4811| 4789 4925[ 4683 5049 4657 5094[ 4635 5133 4646 5175[ 4658 5222 4645 5259[ 4616 5337 4538 5353| 4501 5165| 4604 5008| 4862 4795| 4895 4783| 4891 4811"/>
  </edges>
</DOMShape>
                                   </elements>
            </DOMFrame>
          </frames>
        </DOMLayer>
        <DOMLayer name="Layer 60">
          <frames>
            <DOMFrame index="0" motionTweenScale="false" keyMode="8192">
              <elements>
<DOMShape isFloating="true">
                                             <fills>
  <FillStyle index="1">
    <SolidColor color="#f5c4a0"/>
  </FillStyle>
</fills>
                                             <strokes/>
  <edges>
    <Edge fillStyle0="0" fillStyle1="0" strokeStyle="0" edges="!5031 5355! 0 0"/>
    <Edge fillStyle0="0" fillStyle1="1" strokeStyle="0" edges="!0 0! 4881 4859| 5002 4696| 4784 4858[ 4560 5039 4527 5135[ 4492 5236 4519 5301[ 4539 5348 4581 5361[ 4625 5376 4681 5330[ 4751 5272 4756 5158[ 4760 5045 4881 4859"/>
  </edges>
</DOMShape>
                                   </elements>
            </DOMFrame>
          </frames>
        </DOMLayer>
        <DOMLayer name="Layer 61">
          <frames>
            <DOMFrame index="0" motionTweenScale="false" keyMode="8192">
              <elements>
<DOMShape isFloating="true">
                                             <fills>
  <FillStyle index="1">
    <SolidColor color="#000000"/>
  </FillStyle>
</fills>
                                             <strokes/>
  <edges>
    <Edge fillStyle0="0" fillStyle1="0" strokeStyle="0" edges="!0 0! 0 0"/>
    <Edge fillStyle0="1" fillStyle1="0" strokeStyle="0" edges="!0 0! 5031 5355[ 4995 5316 4964 5258[ 4938 5208 4902 5192| 4863 5180| 4849 5172| 4832 5142[ 4827 5131 4813 5131[ 4761 5132 4562 5336[ 4365 5537 4327 5620[ 4316 5645 4326 5656[ 4335 5668 4344 5697[ 4373 5794 4472 5893[ 4614 6035 4736 6079| 4743 6082| 4749 6078[ 5244 5719 5263 5671[ 5270 5651 5264 5636[ 5258 5624 5237 5617| 5230 5614| 5230 5616| 5229 5614| 5230 5614| 5227 5590[ 5223 5565 5225 5549[ 5227 5533 5205 5510| 5145 5458[ 5070 5398 5031 5355"/>
    <Edge fillStyle0="1" fillStyle1="0" strokeStyle="0" edges="!5031 5355! 5204 5616[ 5204 5634 5229 5642| 5241 5648| 5238 5662[ 5219 5705 4739 6053| 4669 6017[ 4576 5961 4490 5874[ 4395 5779 4369 5690[ 4359 5658 4347 5642[ 4347 5622 4414 5539[ 4488 5447 4594 5340[ 4686 5248 4749 5197[ 4797 5159 4811 5157| 4831 5192[ 4838 5200 4857 5205[ 4872 5208 4892 5217[ 4919 5228 4941 5270[ 4971 5328 5012 5373[ 5049 5413 5129 5478[ 5200 5535 5199 5546[ 5197 5567 5201 5595| 5204 5616"/>
  </edges>
</DOMShape>
                                   </elements>
            </DOMFrame>
          </frames>
        </DOMLayer>
        <DOMLayer name="Layer 62">
          <frames>
            <DOMFrame index="0" motionTweenScale="false" keyMode="8192">
              <elements>
<DOMShape isFloating="true">
                                             <fills>
  <FillStyle index="1">
    <SolidColor color="#bfd1d8"/>
  </FillStyle>
</fills>
                                             <strokes/>
  <edges>
    <Edge fillStyle0="0" fillStyle1="0" strokeStyle="0" edges="!0 0! 0 0"/>
    <Edge fillStyle0="0" fillStyle1="1" strokeStyle="0" edges="!0 0! 4897 5233| 4826 5217[ 4777 5208 4760 5243[ 4745 5271 4659 5334[ 4576 5394 4568 5420[ 4558 5453 4646 5509[ 4691 5537 4737 5558| 4642 5550[ 4543 5546 4523 5568[ 4492 5604 4490 5671| 4466 5663[ 4440 5660 4426 5682[ 4413 5704 4520 5855| 4630 6001| 4398 5800| 4329 5632| 4695 5212| 4811 5141| 4846 5183| 4917 5213| 4934 5246[ 4925 5233 4897 5233"/>
  </edges>
</DOMShape>
                                   </elements>
            </DOMFrame>
          </frames>
        </DOMLayer>
        <DOMLayer name="Layer 63">
          <frames>
            <DOMFrame index="0" motionTweenScale="false" keyMode="8192">
              <elements>
<DOMShape isFloating="true">
                                             <fills>
  <FillStyle index="1">
    <SolidColor color="#e5edf1"/>
  </FillStyle>
</fills>
                                             <strokes/>
  <edges>
    <Edge fillStyle0="0" fillStyle1="0" strokeStyle="0" edges="!0 0! 0 0"/>
    <Edge fillStyle0="0" fillStyle1="1" strokeStyle="0" edges="!0 0! 5008 5350| 4918 5301[ 4822 5255 4792 5273[ 4746 5301 4724 5350[ 4697 5413 4738 5468[ 4770 5512 4903 5530| 4983 5543[ 5016 5553 5013 5573[ 5007 5606 4906 5612| 4831 5615[ 4794 5618 4784 5627[ 4765 5643 4798 5713| 4833 5784| 4745 5737[ 4651 5685 4615 5685[ 4575 5685 4552 5720[ 4544 5732 4527 5780[ 4520 5800 4578 5860| 4659 5946[ 4688 5986 4659 6030| 4454 5863| 4355 5682| 4327 5640| 4557 5352| 4811 5141| 4840 5182| 4928 5217| 5008 5350"/>
  </edges>
</DOMShape>
                                   </elements>
            </DOMFrame>
          </frames>
        </DOMLayer>
        <DOMLayer name="Layer 64">
          <frames>
            <DOMFrame index="0" motionTweenScale="false" keyMode="8192">
              <elements>
<DOMShape isFloating="true">
                                             <fills>
  <FillStyle index="1">
    <SolidColor color="#bfd1d8"/>
  </FillStyle>
</fills>
                                             <strokes/>
  <edges>
    <Edge fillStyle0="0" fillStyle1="0" strokeStyle="0" edges="!0 0! 0 0"/>
    <Edge fillStyle0="1" fillStyle1="0" strokeStyle="0" edges="!0 0! 4958 5896[ 4937 5918 4853 5927[ 4767 5937 4758 5946[ 4742 5960 4747 6019| 4756 6074| 5145 5748[ 4990 5751 4966 5773[ 4956 5782 4967 5828[ 4978 5875 4958 5896"/>
  </edges>
</DOMShape>
                                   </elements>
            </DOMFrame>
          </frames>
        </DOMLayer>
        <DOMLayer name="Layer 65">
          <frames>
            <DOMFrame index="0" motionTweenScale="false" keyMode="8192">
              <elements>
<DOMShape isFloating="true">
                                             <fills>
  <FillStyle index="1">
    <SolidColor color="#e5edf1"/>
  </FillStyle>
</fills>
                                             <strokes/>
  <edges>
    <Edge fillStyle0="0" fillStyle1="0" strokeStyle="0" edges="!0 0! 0 0"/>
    <Edge fillStyle0="1" fillStyle1="0" strokeStyle="0" edges="!0 0! 5081 5682[ 4952 5673 4919 5697[ 4889 5721 4910 5772| 4929 5813[ 4939 5836 4938 5850[ 4936 5864 4941 5881| 4919 5890[ 4901 5896 4839 5874[ 4774 5852 4744 5858[ 4708 5866 4703 5961[ 4700 6008 4705 6054| 4748 6073| 5223 5696| 5081 5682"/>
  </edges>
</DOMShape>
                                   </elements>
            </DOMFrame>
          </frames>
        </DOMLayer>
        <DOMLayer name="Layer 66">
          <frames>
            <DOMFrame index="0" motionTweenScale="false" keyMode="8192">
              <elements>
<DOMShape isFloating="true">
                                             <fills>
  <FillStyle index="1">
    <SolidColor color="#ffffff"/>
  </FillStyle>
</fills>
                                             <strokes/>
  <edges>
    <Edge fillStyle0="0" fillStyle1="0" strokeStyle="0" edges="!0 0! 0 0"/>
    <Edge fillStyle0="0" fillStyle1="1" strokeStyle="0" edges="!0 0! 5149 5478[ 5214 5530 5212 5548[ 5208 5579 5217 5616[ 5217 5623 5240 5632[ 5260 5640 5251 5666[ 5233 5711 4741 6067[ 4711 6057 4664 6029[ 4570 5972 4481 5883[ 4396 5799 4368 5728| 4353 5682| 4336 5648[ 4324 5633 4393 5545[ 4456 5465 4555 5362[ 4655 5258 4729 5197[ 4811 5129 4821 5148[ 4839 5184 4847 5188| 4897 5205[ 4928 5217 4950 5260[ 4983 5322 5021 5364[ 5058 5403 5149 5478"/>
  </edges>
</DOMShape>
                                   </elements>
            </DOMFrame>
          </frames>
        </DOMLayer>
        <DOMLayer name="Layer 67">
          <frames>
            <DOMFrame index="0" motionTweenScale="false" keyMode="8192">
              <elements>
<DOMShape isFloating="true">
                                             <fills>
  <FillStyle index="1">
    <SolidColor color="#fbcf5d"/>
  </FillStyle>
</fills>
                                             <strokes/>
  <edges>
    <Edge fillStyle0="0" fillStyle1="0" strokeStyle="0" edges="!0 0! 0 0"/>
    <Edge fillStyle0="0" fillStyle1="1" strokeStyle="0" edges="!0 0! 5412 5408| 5111 5560| 5087 5531| 5371 5359| 5412 5408"/>
  </edges>
</DOMShape>
                                   </elements>
            </DOMFrame>
          </frames>
        </DOMLayer>
        <DOMLayer name="Layer 68">
          <frames>
            <DOMFrame index="0" motionTweenScale="false" keyMode="8192">
              <elements>
<DOMShape isFloating="true">
                                             <fills>
  <FillStyle index="1">
    <SolidColor color="#000000"/>
  </FillStyle>
</fills>
                                             <strokes/>
  <edges>
    <Edge fillStyle0="0" fillStyle1="0" strokeStyle="0" edges="!0 0! 0 0"/>
    <Edge fillStyle0="0" fillStyle1="1" strokeStyle="0" edges="!0 0! 5449 5413| 5096 5583| 5053 5525| 5389 5327| 5449 5413"/>
  </edges>
</DOMShape>
                                   </elements>
            </DOMFrame>
          </frames>
        </DOMLayer>
        <DOMLayer name="Layer 69">
          <frames>
            <DOMFrame index="0" motionTweenScale="false" keyMode="8192">
              <elements>
<DOMShape isFloating="true">
                                             <fills>
  <FillStyle index="1">
    <SolidColor color="#fbcf5d"/>
  </FillStyle>
</fills>
                                             <strokes/>
  <edges>
    <Edge fillStyle0="0" fillStyle1="0" strokeStyle="0" edges="!0 0! 0 0"/>
    <Edge fillStyle0="0" fillStyle1="1" strokeStyle="0" edges="!0 0! 5018 5419| 5303 5247| 5343 5296| 5042 5448| 5018 5419"/>
  </edges>
</DOMShape>
                                   </elements>
            </DOMFrame>
          </frames>
        </DOMLayer>
        <DOMLayer name="Layer 70">
          <frames>
            <DOMFrame index="0" motionTweenScale="false" keyMode="8192">
              <elements>
<DOMShape isFloating="true">
                                             <fills>
  <FillStyle index="1">
    <SolidColor color="#000000"/>
  </FillStyle>
</fills>
                                             <strokes/>
  <edges>
    <Edge fillStyle0="0" fillStyle1="0" strokeStyle="0" edges="!0 0! 0 0"/>
    <Edge fillStyle0="0" fillStyle1="1" strokeStyle="0" edges="!0 0! 5027 5471| 4984 5413| 5320 5215| 5380 5301| 5027 5471"/>
  </edges>
</DOMShape>
                                   </elements>
            </DOMFrame>
          </frames>
        </DOMLayer>
        <DOMLayer name="Layer 71">
          <frames>
            <DOMFrame index="0" motionTweenScale="false" keyMode="8192">
              <elements>
<DOMShape isFloating="true">
                                             <fills>
  <FillStyle index="1">
    <SolidColor color="#ffbf00"/>
  </FillStyle>
</fills>
                                             <strokes/>
  <edges>
    <Edge fillStyle0="0" fillStyle1="0" strokeStyle="0" edges="!0 0! 0 0"/>
    <Edge fillStyle0="0" fillStyle1="1" strokeStyle="0" edges="!0 0! 5251 5480| 4950 5632| 4927 5603| 5211 5431| 5251 5480"/>
  </edges>
</DOMShape>
                                   </elements>
            </DOMFrame>
          </frames>
        </DOMLayer>
        <DOMLayer name="Layer 72">
          <frames>
            <DOMFrame index="0" motionTweenScale="false" keyMode="8192">
              <elements>
<DOMShape isFloating="true">
                                             <fills>
  <FillStyle index="1">
    <SolidColor color="#000000"/>
  </FillStyle>
</fills>
                                             <strokes/>
  <edges>
    <Edge fillStyle0="0" fillStyle1="0" strokeStyle="0" edges="!0 0! 0 0"/>
    <Edge fillStyle0="0" fillStyle1="1" strokeStyle="0" edges="!0 0! 5288 5485[ 5112 5570 4935 5654| 4892 5597| 5228 5399| 5288 5485"/>
  </edges>
</DOMShape>
                                   </elements>
            </DOMFrame>
          </frames>
        </DOMLayer>
        <DOMLayer name="Layer 73">
          <frames>
            <DOMFrame index="0" motionTweenScale="false" keyMode="8192">
              <elements>
<DOMShape isFloating="true">
                                             <fills>
  <FillStyle index="1">
    <SolidColor color="#ffbf00"/>
  </FillStyle>
</fills>
                                             <strokes/>
  <edges>
    <Edge fillStyle0="0" fillStyle1="0" strokeStyle="0" edges="!0 0! 0 0"/>
    <Edge fillStyle0="0" fillStyle1="1" strokeStyle="0" edges="!0 0! 5073 5697| 5357 5525| 5397 5574| 5096 5726| 5073 5697"/>
  </edges>
</DOMShape>
                                   </elements>
            </DOMFrame>
          </frames>
        </DOMLayer>
        <DOMLayer name="Layer 74">
          <frames>
            <DOMFrame index="0" motionTweenScale="false" keyMode="8192">
              <elements>
<DOMShape isFloating="true">
                                             <fills>
  <FillStyle index="1">
    <SolidColor color="#000000"/>
  </FillStyle>
</fills>
                                             <strokes/>
  <edges>
    <Edge fillStyle0="0" fillStyle1="0" strokeStyle="0" edges="!0 0! 0 0"/>
    <Edge fillStyle0="0" fillStyle1="1" strokeStyle="0" edges="!0 0! 5039 5692| 5374 5494| 5435 5580| 5082 5749| 5039 5692"/>
  </edges>
</DOMShape>
                                   </elements>
            </DOMFrame>
          </frames>
        </DOMLayer>
        <DOMLayer name="Layer 75">
          <frames>
            <DOMFrame index="0" motionTweenScale="false" keyMode="8192">
              <elements>
<DOMShape isFloating="true">
                                             <fills>
  <FillStyle index="1">
    <SolidColor color="#ffbf00"/>
  </FillStyle>
</fills>
                                             <strokes/>
  <edges>
    <Edge fillStyle0="0" fillStyle1="0" strokeStyle="0" edges="!0 0! 0 0"/>
    <Edge fillStyle0="0" fillStyle1="1" strokeStyle="0" edges="!0 0! 5056 5611| 5340 5439| 5380 5488| 5079 5640| 5056 5611"/>
  </edges>
</DOMShape>
                                   </elements>
            </DOMFrame>
          </frames>
        </DOMLayer>
        <DOMLayer name="Layer 76">
          <frames>
            <DOMFrame index="0" motionTweenScale="false" keyMode="8192">
              <elements>
<DOMShape isFloating="true">
                                             <fills>
  <FillStyle index="1">
    <SolidColor color="#000000"/>
  </FillStyle>
</fills>
                                             <strokes/>
  <edges>
    <Edge fillStyle0="0" fillStyle1="0" strokeStyle="0" edges="!0 0! 0 0"/>
    <Edge fillStyle0="0" fillStyle1="1" strokeStyle="0" edges="!0 0! 5021 5606| 5357 5408| 5418 5494| 5065 5663| 5021 5606"/>
  </edges>
</DOMShape>
                                   </elements>
            </DOMFrame>
          </frames>
        </DOMLayer>
        <DOMLayer name="Layer 77">
          <frames>
            <DOMFrame index="0" motionTweenScale="false" keyMode="8192">
              <elements>
<DOMShape isFloating="true">
                                             <fills>
  <FillStyle index="1">
    <SolidColor color="#ffbf00"/>
  </FillStyle>
</fills>
                                             <strokes/>
  <edges>
    <Edge fillStyle0="0" fillStyle1="0" strokeStyle="0" edges="!0 0! 0 0"/>
    <Edge fillStyle0="0" fillStyle1="1" strokeStyle="0" edges="!0 0! 5303 5368| 5001 5520| 4978 5491| 5263 5319| 5303 5368"/>
  </edges>
</DOMShape>
                                   </elements>
            </DOMFrame>
          </frames>
        </DOMLayer>
        <DOMLayer name="Layer 78">
          <frames>
            <DOMFrame index="0" motionTweenScale="false" keyMode="8192">
              <elements>
<DOMShape isFloating="true">
                                             <fills>
  <FillStyle index="1">
    <SolidColor color="#000000"/>
  </FillStyle>
</fills>
                                             <strokes/>
  <edges>
    <Edge fillStyle0="0" fillStyle1="0" strokeStyle="0" edges="!0 0! 0 0"/>
    <Edge fillStyle0="0" fillStyle1="1" strokeStyle="0" edges="!0 0! 5340 5373| 4987 5543| 4944 5485| 5280 5287| 5340 5373"/>
  </edges>
</DOMShape>
                                   </elements>
            </DOMFrame>
          </frames>
        </DOMLayer>
        <DOMLayer name="Layer 79">
          <frames>
            <DOMFrame index="0" motionTweenScale="false" keyMode="8192">
              <elements>
<DOMShape isFloating="true">
                                             <fills>
  <FillStyle index="1">
    <SolidColor color="#ffbf00"/>
  </FillStyle>
</fills>
                                             <strokes/>
  <edges>
    <Edge fillStyle0="0" fillStyle1="0" strokeStyle="0" edges="!0 0! 0 0"/>
    <Edge fillStyle0="0" fillStyle1="1" strokeStyle="0" edges="!0 0! 5165 5325| 4863 5477| 4841 5448| 5125 5276| 5165 5325"/>
  </edges>
</DOMShape>
                                   </elements>
            </DOMFrame>
          </frames>
        </DOMLayer>
        <DOMLayer name="Layer 80">
          <frames>
            <DOMFrame index="0" motionTweenScale="false" keyMode="8192">
              <elements>
<DOMShape isFloating="true">
                                             <fills>
  <FillStyle index="1">
    <SolidColor color="#000000"/>
  </FillStyle>
</fills>
                                             <strokes/>
  <edges>
    <Edge fillStyle0="0" fillStyle1="0" strokeStyle="0" edges="!0 0! 0 0"/>
    <Edge fillStyle0="0" fillStyle1="1" strokeStyle="0" edges="!0 0! 5202 5330| 4849 5499| 4806 5442| 5142 5244| 5202 5330"/>
  </edges>
</DOMShape>
                                   </elements>
            </DOMFrame>
          </frames>
        </DOMLayer>
        <DOMLayer name="Layer 81">
          <frames>
            <DOMFrame index="0" motionTweenScale="false" keyMode="8192">
              <elements>
<DOMShape isFloating="true">
                                             <fills>
  <FillStyle index="1">
    <SolidColor color="#ffbf00"/>
  </FillStyle>
</fills>
                                             <strokes/>
  <edges>
    <Edge fillStyle0="0" fillStyle1="0" strokeStyle="0" edges="!0 0! 0 0"/>
    <Edge fillStyle0="0" fillStyle1="1" strokeStyle="0" edges="!0 0! 4711 5344| 4996 5172| 5036 5221| 4734 5373| 4711 5344"/>
  </edges>
</DOMShape>
                                   </elements>
            </DOMFrame>
          </frames>
        </DOMLayer>
        <DOMLayer name="Layer 82">
          <frames>
            <DOMFrame index="0" motionTweenScale="false" keyMode="8192">
              <elements>
<DOMShape isFloating="true">
                                             <fills>
  <FillStyle index="1">
    <SolidColor color="#000000"/>
  </FillStyle>
</fills>
                                             <strokes/>
  <edges>
    <Edge fillStyle0="0" fillStyle1="0" strokeStyle="0" edges="!0 0! 0 0"/>
    <Edge fillStyle0="0" fillStyle1="1" strokeStyle="0" edges="!0 0! 4677 5339| 5013 5141| 5073 5227[ 4897 5312 4720 5396| 4677 5339"/>
  </edges>
</DOMShape>
                                   </elements>
            </DOMFrame>
          </frames>
        </DOMLayer>
        <DOMLayer name="Layer 83">
          <frames>
            <DOMFrame index="0" motionTweenScale="false" keyMode="8192">
              <elements>
<DOMShape isFloating="true">
                                             <fills>
  <FillStyle index="1">
    <SolidColor color="#fbcf5d"/>
  </FillStyle>
</fills>
                                             <strokes/>
  <edges>
    <Edge fillStyle0="0" fillStyle1="0" strokeStyle="0" edges="!0 0! 0 0"/>
    <Edge fillStyle0="0" fillStyle1="1" strokeStyle="0" edges="!0 0! 5162 5141| 4861 5293| 4838 5264| 5122 5092| 5162 5141"/>
  </edges>
</DOMShape>
                                   </elements>
            </DOMFrame>
          </frames>
        </DOMLayer>
        <DOMLayer name="Layer 84">
          <frames>
            <DOMFrame index="0" motionTweenScale="false" keyMode="8192">
              <elements>
<DOMShape isFloating="true">
                                             <fills>
  <FillStyle index="1">
    <SolidColor color="#000000"/>
  </FillStyle>
</fills>
                                             <strokes/>
  <edges>
    <Edge fillStyle0="0" fillStyle1="0" strokeStyle="0" edges="!0 0! 0 0"/>
    <Edge fillStyle0="0" fillStyle1="1" strokeStyle="0" edges="!0 0! 5199 5146| 4846 5316| 4803 5258| 5139 5060| 5199 5146"/>
  </edges>
</DOMShape>
                                   </elements>
            </DOMFrame>
          </frames>
        </DOMLayer>
        <DOMLayer name="Layer 85">
          <frames>
            <DOMFrame index="0" motionTweenScale="false" keyMode="8192">
              <elements>
<DOMShape isFloating="true">
                                             <fills>
  <FillStyle index="1">
    <SolidColor color="#fbcf5d"/>
  </FillStyle>
</fills>
                                             <strokes/>
  <edges>
    <Edge fillStyle0="0" fillStyle1="0" strokeStyle="0" edges="!0 0! 0 0"/>
    <Edge fillStyle0="0" fillStyle1="1" strokeStyle="0" edges="!0 0! 5154 5244| 4852 5396| 4829 5368| 5113 5196| 5154 5244"/>
  </edges>
</DOMShape>
                                   </elements>
            </DOMFrame>
          </frames>
        </DOMLayer>
        <DOMLayer name="Layer 86">
          <frames>
            <DOMFrame index="0" motionTweenScale="false" keyMode="8192">
              <elements>
<DOMShape isFloating="true">
                                             <fills>
  <FillStyle index="1">
    <SolidColor color="#000000"/>
  </FillStyle>
</fills>
                                             <strokes/>
  <edges>
    <Edge fillStyle0="0" fillStyle1="0" strokeStyle="0" edges="!0 0! 0 0"/>
    <Edge fillStyle0="0" fillStyle1="1" strokeStyle="0" edges="!0 0! 5191 5250| 4838 5419| 4795 5362| 5130 5164| 5191 5250"/>
  </edges>
</DOMShape>
                                   </elements>
            </DOMFrame>
          </frames>
        </DOMLayer>
        <DOMLayer name="Layer 87">
          <frames>
            <DOMFrame index="0" motionTweenScale="false" keyMode="8192">
              <elements>
<DOMShape isFloating="true">
                                             <fills>
  <FillStyle index="1">
    <SolidColor color="#ffbf00"/>
  </FillStyle>
</fills>
                                             <strokes/>
  <edges>
    <Edge fillStyle0="0" fillStyle1="0" strokeStyle="0" edges="!0 0! 0 0"/>
    <Edge fillStyle0="0" fillStyle1="1" strokeStyle="0" edges="!0 0! 4720 5258| 5004 5086| 5044 5135| 4743 5287| 4720 5258"/>
  </edges>
</DOMShape>
                                   </elements>
            </DOMFrame>
          </frames>
        </DOMLayer>
        <DOMLayer name="Layer 88">
          <frames>
            <DOMFrame index="0" motionTweenScale="false" keyMode="8192">
              <elements>
<DOMShape isFloating="true">
                                             <fills>
  <FillStyle index="1">
    <SolidColor color="#000000"/>
  </FillStyle>
</fills>
                                             <strokes/>
  <edges>
    <Edge fillStyle0="0" fillStyle1="0" strokeStyle="0" edges="!0 0! 0 0"/>
    <Edge fillStyle0="0" fillStyle1="1" strokeStyle="0" edges="!0 0! 5082 5141| 4729 5310| 4686 5253| 5021 5055| 5082 5141"/>
  </edges>
</DOMShape>
                                   </elements>
            </DOMFrame>
          </frames>
        </DOMLayer>
        <DOMLayer name="Layer 89">
          <frames>
            <DOMFrame index="0" motionTweenScale="false" keyMode="8192">
              <elements>
<DOMShape isFloating="true">
                                             <fills>
  <FillStyle index="1">
    <SolidColor color="#000000"/>
  </FillStyle>
</fills>
                                             <strokes/>
  <edges>
    <Edge fillStyle0="0" fillStyle1="0" strokeStyle="0" edges="!5749 5298! 0 0"/>
    <Edge fillStyle0="0" fillStyle1="1" strokeStyle="0" edges="!0 0! 5626 5664[ 5646 5750 5723 5787[ 5761 5806 5802 5812[ 5825 5861 5866 5858[ 5886 5854 5902 5843| 5910 5878| 5859 5883[ 5806 5880 5790 5833[ 5780 5821 5758 5819| 5715 5812[ 5655 5793 5610 5672[ 5564 5548 5624 5441[ 5654 5388 5694 5359| 5772 5318| 5769 5355[ 5719 5377 5678 5426[ 5594 5524 5626 5664"/>
  </edges>
</DOMShape>
                                   </elements>
            </DOMFrame>
          </frames>
        </DOMLayer>
        <DOMLayer name="Layer 90">
          <frames>
            <DOMFrame index="0" motionTweenScale="false" keyMode="8192">
              <elements>
<DOMShape isFloating="true">
                                             <fills>
  <FillStyle index="1">
    <SolidColor color="#000000"/>
  </FillStyle>
</fills>
                                             <strokes/>
  <edges>
    <Edge fillStyle0="0" fillStyle1="0" strokeStyle="0" edges="!0 0! 0 0"/>
    <Edge fillStyle0="1" fillStyle1="0" strokeStyle="0" edges="!0 0! 5749 5298[ 5749 5311 5764 5326| 5769 5331| 5770 5331| 5769 5332| 5769 5331| 5761 5353| 5745 5388[ 5736 5402 5745 5429| 5773 5500[ 5811 5584 5826 5635[ 5841 5688 5841 5746[ 5841 5801 5865 5828| 5892 5855| 5900 5867| 5901 5900[ 5901 5913 5913 5919[ 5957 5939 6213 5853[ 6466 5768 6533 5715[ 6554 5698 6550 5685[ 6547 5670 6552 5642[ 6569 5547 6528 5422[ 6469 5240 6385 5151| 6381 5146| 6375 5147[ 5800 5239 5765 5270[ 5750 5284 5749 5298"/>
    <Edge fillStyle0="1" fillStyle1="0" strokeStyle="0" edges="!5749 5298! 5782 5288[ 5818 5259 6372 5172| 6415 5232[ 6470 5320 6505 5430[ 6544 5550 6528 5637[ 6523 5670 6526 5687[ 6517 5704 6425 5745[ 6323 5791 6187 5836[ 6071 5874 5995 5890| 5926 5897| 5924 5860| 5908 5837| 5883 5812[ 5866 5792 5865 5745[ 5864 5681 5849 5629[ 5834 5576 5796 5489[ 5760 5410 5765 5402| 5784 5360| 5791 5341[ 5798 5327 5781 5309| 5774 5298| 5782 5288"/>
  </edges>
</DOMShape>
                                   </elements>
            </DOMFrame>
          </frames>
        </DOMLayer>
        <DOMLayer name="Layer 91">
          <frames>
            <DOMFrame index="0" motionTweenScale="false" keyMode="8192">
              <elements>
<DOMShape isFloating="true">
                                             <fills>
  <FillStyle index="1">
    <SolidColor color="#bfd1d8"/>
  </FillStyle>
</fills>
                                             <strokes/>
  <edges>
    <Edge fillStyle0="0" fillStyle1="0" strokeStyle="0" edges="!0 0! 0 0"/>
    <Edge fillStyle0="0" fillStyle1="1" strokeStyle="0" edges="!0 0! 5887 5796| 5938 5841[ 5976 5869 6006 5846[ 6030 5829 6130 5814[ 6226 5798 6244 5779[ 6267 5756 6216 5671| 6161 5590| 6237 5638[ 6319 5685 6345 5674[ 6387 5657 6417 5602| 6434 5619[ 6455 5633 6476 5619[ 6509 5598 6441 5262| 6551 5533| 6537 5702| 6047 5900| 5919 5910| 5908 5860| 5861 5804| 5861 5770[ 5863 5785 5887 5796"/>
  </edges>
</DOMShape>
                                   </elements>
            </DOMFrame>
          </frames>
        </DOMLayer>
        <DOMLayer name="Layer 92">
          <frames>
            <DOMFrame index="0" motionTweenScale="false" keyMode="8192">
              <elements>
<DOMShape isFloating="true">
                                             <fills>
  <FillStyle index="1">
    <SolidColor color="#e5edf1"/>
  </FillStyle>
</fills>
                                             <strokes/>
  <edges>
    <Edge fillStyle0="0" fillStyle1="0" strokeStyle="0" edges="!0 0! 0 0"/>
    <Edge fillStyle0="0" fillStyle1="1" strokeStyle="0" edges="!0 0! 5934 5460[ 5954 5434 6041 5472| 6105 5502[ 6138 5516 6151 5513[ 6173 5508 6175 5434| 6176 5359| 6231 5436[ 6288 5520 6319 5536| 6386 5533| 6433 5493[ 6448 5479 6425 5404| 6392 5297[ 6386 5250 6429 5226| 6530 5455| 6536 5650| 6542 5697| 6224 5842| 5919 5910| 5911 5864| 5853 5797| 5842 5650| 5896 5730[ 5959 5810 5991 5807[ 6042 5804 6082 5771[ 6132 5730 6121 5666[ 6112 5615 6008 5544| 5947 5497[ 5923 5474 5934 5460"/>
  </edges>
</DOMShape>
                                   </elements>
            </DOMFrame>
          </frames>
        </DOMLayer>
        <DOMLayer name="Layer 93">
          <frames>
            <DOMFrame index="0" motionTweenScale="false" keyMode="8192">
              <elements>
<DOMShape isFloating="true">
                                             <fills>
  <FillStyle index="1">
    <SolidColor color="#bfd1d8"/>
  </FillStyle>
</fills>
                                             <strokes/>
  <edges>
    <Edge fillStyle0="0" fillStyle1="0" strokeStyle="0" edges="!0 0! 0 0"/>
    <Edge fillStyle0="1" fillStyle1="0" strokeStyle="0" edges="!0 0! 6310 5254[ 6341 5246 6366 5146| 5898 5256| 5974 5288[ 6041 5315 6060 5310[ 6072 5307 6082 5264[ 6093 5220 6120 5210[ 6147 5200 6222 5229[ 6298 5257 6310 5254"/>
  </edges>
</DOMShape>
                                   </elements>
            </DOMFrame>
          </frames>
        </DOMLayer>
        <DOMLayer name="Layer 94">
          <frames>
            <DOMFrame index="0" motionTweenScale="false" keyMode="8192">
              <elements>
<DOMShape isFloating="true">
                                             <fills>
  <FillStyle index="1">
    <SolidColor color="#e5edf1"/>
  </FillStyle>
</fills>
                                             <strokes/>
  <edges>
    <Edge fillStyle0="0" fillStyle1="0" strokeStyle="0" edges="!0 0! 0 0"/>
    <Edge fillStyle0="1" fillStyle1="0" strokeStyle="0" edges="!0 0! 6283 5335[ 6317 5344 6362 5266[ 6385 5228 6401 5186| 6373 5151| 5810 5265| 5924 5339[ 6029 5402 6067 5394[ 6101 5388 6105 5336| 6108 5293[ 6109 5270 6117 5258| 6126 5230| 6149 5232[ 6168 5235 6211 5280[ 6255 5326 6283 5335"/>
  </edges>
</DOMShape>
                                   </elements>
            </DOMFrame>
          </frames>
        </DOMLayer>
        <DOMLayer name="Layer 95">
          <frames>
            <DOMFrame index="0" motionTweenScale="false" keyMode="8192">
              <elements>
<DOMShape isFloating="true">
                                             <fills>
  <FillStyle index="1">
    <SolidColor color="#ebad0c"/>
  </FillStyle>
</fills>
                                             <strokes/>
  <edges>
    <Edge fillStyle0="0" fillStyle1="0" strokeStyle="0" edges="!0 0! 0 0"/>
    <Edge fillStyle0="0" fillStyle1="1" strokeStyle="0" edges="!0 0! 5666 5751| 5777 5747[ 5796 5739 5793 5677[ 5789 5610 5804 5596[ 5835 5566 5839 5645| 5854 5786[ 5923 5853 5913 5856| 5840 5863| 5801 5817| 5679 5778| 5666 5751"/>
  </edges>
</DOMShape>
                                   </elements>
            </DOMFrame>
          </frames>
        </DOMLayer>
        <DOMLayer name="Layer 96">
          <frames>
            <DOMFrame index="0" motionTweenScale="false" keyMode="8192">
              <elements>
<DOMShape isFloating="true">
                                             <fills>
  <FillStyle index="1">
    <SolidColor color="#ffbf00"/>
  </FillStyle>
</fills>
                                             <strokes/>
  <edges>
    <Edge fillStyle0="0" fillStyle1="0" strokeStyle="0" edges="!0 0! 0 0"/>
    <Edge fillStyle0="1" fillStyle1="0" strokeStyle="0" edges="!0 0! 5603 5567[ 5615 5650 5634 5721| 5693 5787| 5784 5816| 5844 5863| 5910 5860| 5854 5807| 5832 5592| 5751 5413| 5779 5347| 5709 5357[ 5679 5389 5651 5431[ 5595 5516 5603 5567"/>
  </edges>
</DOMShape>
                                   </elements>
            </DOMFrame>
          </frames>
        </DOMLayer>
        <DOMLayer name="Layer 97">
          <frames>
            <DOMFrame index="0" motionTweenScale="false" keyMode="8192">
              <elements>
<DOMShape isFloating="true">
                                             <fills>
  <FillStyle index="1">
    <SolidColor color="#ffffff"/>
  </FillStyle>
</fills>
                                             <strokes/>
  <edges>
    <Edge fillStyle0="0" fillStyle1="0" strokeStyle="0" edges="!0 0! 0 0"/>
    <Edge fillStyle0="0" fillStyle1="1" strokeStyle="0" edges="!0 0! 5768 5312[ 5754 5297 5774 5279[ 5808 5248 6376 5160[ 6397 5181 6424 5225[ 6479 5313 6516 5426[ 6551 5534 6545 5606| 6538 5650[ 6535 5672 6538 5686[ 6543 5704 6446 5749[ 6357 5791 6230 5834[ 6102 5878 6012 5898| 5914 5901[ 5914 5863 5908 5855| 5874 5821[ 5854 5797 5852 5751[ 5852 5684 5837 5633[ 5823 5583 5779 5481[ 5746 5409 5755 5396[ 5772 5371 5780 5336[ 5784 5329 5768 5312"/>
  </edges>
</DOMShape>
                                   </elements>
            </DOMFrame>
          </frames>
        </DOMLayer>
        <DOMLayer name="Layer 98">
          <frames>
            <DOMFrame index="0" motionTweenScale="false" keyMode="8192">
              <elements>
<DOMShape isFloating="true">
                                             <fills>
  <FillStyle index="1">
    <SolidColor color="#000000"/>
  </FillStyle>
</fills>
                                             <strokes/>
  <edges>
    <Edge fillStyle0="0" fillStyle1="0" strokeStyle="0" edges="!0 0! 0 0"/>
    <Edge fillStyle0="1" fillStyle1="0" strokeStyle="0" edges="!0 0! 3670 5815| 4702 4974| 7180 5287| 7355 5256| 4651 4857| 3458 5840| 3670 5815"/>
  </edges>
</DOMShape>
                                   </elements>
            </DOMFrame>
          </frames>
        </DOMLayer>
        <DOMLayer name="Layer 99">
          <frames>
            <DOMFrame index="0" motionTweenScale="false" keyMode="8192">
              <elements>
<DOMShape isFloating="true">
                                             <fills>
  <FillStyle index="1">
    <SolidColor color="#a5680e"/>
  </FillStyle>
</fills>
                                             <strokes/>
  <edges>
    <Edge fillStyle0="0" fillStyle1="0" strokeStyle="0" edges="!5900 5812! 0 0"/>
    <Edge fillStyle0="1" fillStyle1="0" strokeStyle="0" edges="!0 0! 3458 5840| 5966 6083| 7355 5256| 4654 4907| 3458 5840"/>
  </edges>
</DOMShape>
                                   </elements>
            </DOMFrame>
          </frames>
        </DOMLayer>
        <DOMLayer name="Layer 100">
          <frames>
            <DOMFrame index="0" motionTweenScale="false" keyMode="8192">
              <elements>
<DOMShape isFloating="true">
                                             <fills>
  <FillStyle index="1">
    <SolidColor color="#000000"/>
  </FillStyle>
</fills>
                                             <strokes/>
  <edges>
    <Edge fillStyle0="0" fillStyle1="0" strokeStyle="0" edges="!0 0! 0 0"/>
    <Edge fillStyle0="1" fillStyle1="0" strokeStyle="0" edges="!0 0! 5900 5812[ 5904 5852 5918 5873[ 5934 5897 6031 5905[ 6103 5911 6168 5907[ 6267 5901 6282 5871[ 6295 5846 6291 5803[ 6286 5754 6261 5715[ 6206 5630 6078 5637[ 5956 5643 5916 5724[ 5896 5763 5900 5812"/>
    <Edge fillStyle0="1" fillStyle1="0" strokeStyle="0" edges="!5900 5812! 5949 5853[ 5940 5838 5938 5808[ 5935 5769 5949 5740[ 5979 5680 6080 5674[ 6186 5669 6230 5736[ 6249 5766 6254 5805[ 6257 5837 6249 5853[ 6232 5872 6102 5871[ 5971 5870 5948 5851| 5949 5853"/>
  </edges>
</DOMShape>
                                   </elements>
            </DOMFrame>
          </frames>
        </DOMLayer>
        <DOMLayer name="Layer 101">
          <frames>
            <DOMFrame index="0" motionTweenScale="false" keyMode="8192">
              <elements>
<DOMShape isFloating="true">
                                             <fills>
  <FillStyle index="1">
    <SolidColor color="#301900"/>
  </FillStyle>
</fills>
                                             <strokes/>
  <edges>
    <Edge fillStyle0="0" fillStyle1="0" strokeStyle="0" edges="!0 0! 0 0"/>
    <Edge fillStyle0="0" fillStyle1="1" strokeStyle="0" edges="!0 0! 5924 5752| 5970 5789[ 6027 5826 6080 5832[ 6165 5841 6260 5779| 6267 5883| 6055 5906| 5937 5870| 5924 5752"/>
  </edges>
</DOMShape>
                                   </elements>
            </DOMFrame>
          </frames>
        </DOMLayer>
        <DOMLayer name="Layer 102">
          <frames>
            <DOMFrame index="0" motionTweenScale="false" keyMode="8192">
              <elements>
<DOMShape isFloating="true">
                                             <fills>
  <FillStyle index="1">
    <SolidColor color="#7a510a"/>
  </FillStyle>
</fills>
                                             <strokes/>
  <edges>
    <Edge fillStyle0="0" fillStyle1="0" strokeStyle="0" edges="!0 0! 0 0"/>
    <Edge fillStyle0="1" fillStyle1="0" strokeStyle="0" edges="!0 0! 5934 5863[ 5951 5888 6100 5890[ 6250 5893 6265 5863[ 6291 5812 6254 5740[ 6207 5649 6079 5655[ 5952 5663 5925 5751[ 5905 5819 5934 5863"/>
  </edges>
</DOMShape>
                                   </elements>
            </DOMFrame>
          </frames>
        </DOMLayer>
        <DOMLayer name="Layer 103">
          <frames>
            <DOMFrame index="0" motionTweenScale="false" keyMode="8192">
              <elements>
<DOMShape isFloating="true">
                                             <fills>
  <FillStyle index="1">
    <SolidColor color="#000000"/>
  </FillStyle>
</fills>
                                             <strokes/>
  <edges>
    <Edge fillStyle0="0" fillStyle1="0" strokeStyle="0" edges="!0 0! 0 0"/>
    <Edge fillStyle0="0" fillStyle1="1" strokeStyle="0" edges="!0 0! 6459 4900| 6485 4858| 6492 4839| 6542 4860| 6530 4881| 6492 4928[ 6422 4995 6316 4992[ 6211 4989 6149 4918[ 6130 4896 6118 4870| 6109 4848| 6160 4835| 6165 4854[ 6173 4876 6187 4895[ 6232 4954 6321 4957[ 6409 4960 6459 4900"/>
  </edges>
</DOMShape>
                                   </elements>
            </DOMFrame>
          </frames>
        </DOMLayer>
        <DOMLayer name="Layer 104">
          <frames>
            <DOMFrame index="0" motionTweenScale="false" keyMode="8192">
              <elements>
<DOMShape isFloating="true">
                                             <fills>
  <FillStyle index="1">
    <SolidColor color="#000000"/>
  </FillStyle>
</fills>
                                             <strokes/>
  <edges>
    <Edge fillStyle0="0" fillStyle1="0" strokeStyle="0" edges="!0 0! 0 0"/>
    <Edge fillStyle0="0" fillStyle1="1" strokeStyle="0" edges="!0 0! 6080 4813| 6039 5061[ 6004 5316 6030 5347[ 6081 5405 6348 5421[ 6556 5433 6599 5357[ 6619 5322 6545 4838| 6568 4821[ 6664 5349 6656 5389[ 6649 5423 6572 5449[ 6481 5479 6348 5472[ 6001 5454 5970 5379[ 5953 5339 6003 5066| 6057 4801| 6080 4813"/>
  </edges>
</DOMShape>
                                   </elements>
            </DOMFrame>
          </frames>
        </DOMLayer>
        <DOMLayer name="Layer 105">
          <frames>
            <DOMFrame index="0" motionTweenScale="false" keyMode="8192">
              <elements>
<DOMShape isFloating="true">
                                             <fills>
  <FillStyle index="1">
    <SolidColor color="#f4a057"/>
  </FillStyle>
</fills>
                                             <strokes/>
  <edges>
    <Edge fillStyle0="0" fillStyle1="0" strokeStyle="0" edges="!0 0! 0 0"/>
    <Edge fillStyle0="0" fillStyle1="1" strokeStyle="0" edges="!0 0! 6504 4857| 6497 4876| 6471 4916[ 6421 4977 6330 4982[ 6240 4986 6181 4910| 6148 4857| 6139 4833| 6504 4857"/>
  </edges>
</DOMShape>
                                   </elements>
            </DOMFrame>
          </frames>
        </DOMLayer>
        <DOMLayer name="Layer 106">
          <frames>
            <DOMFrame index="0" motionTweenScale="false" keyMode="8192">
              <elements>
<DOMShape isFloating="true">
                                             <fills>
  <FillStyle index="1">
    <SolidColor color="#7f0000"/>
  </FillStyle>
</fills>
                                             <strokes/>
  <edges>
    <Edge fillStyle0="0" fillStyle1="0" strokeStyle="0" edges="!0 0! 0 0"/>
    <Edge fillStyle0="0" fillStyle1="1" strokeStyle="0" edges="!0 0! 6310 5143[ 6292 5170 6309 5202[ 6325 5233 6310 5250[ 6296 5269 6269 5259[ 6250 5252 6250 5281[ 6250 5309 6288 5303[ 6339 5294 6362 5315[ 6410 5358 6393 5448| 6057 5423| 5985 5356| 6048 4855| 6139 4833| 6466 4919| 6310 5143"/>
  </edges>
</DOMShape>
                                   </elements>
            </DOMFrame>
          </frames>
        </DOMLayer>
        <DOMLayer name="Layer 107">
          <frames>
            <DOMFrame index="0" motionTweenScale="false" keyMode="8192">
              <elements>
<DOMShape isFloating="true">
                                             <fills>
  <FillStyle index="1">
    <SolidColor color="#bf0000"/>
  </FillStyle>
</fills>
                                             <strokes/>
  <edges>
    <Edge fillStyle0="0" fillStyle1="0" strokeStyle="0" edges="!0 0! 0 0"/>
    <Edge fillStyle0="0" fillStyle1="1" strokeStyle="0" edges="!0 0! 5985 5356| 6059 4809| 6568 4830| 6624 5401| 6301 5455| 5985 5356"/>
  </edges>
</DOMShape>
                                   </elements>
            </DOMFrame>
          </frames>
        </DOMLayer>
        <DOMLayer name="Layer 108">
          <frames>
            <DOMFrame index="0" motionTweenScale="false" keyMode="8192">
              <elements>
                                        <DOMShape isFloating="true">
                                             <fills>
  <FillStyle index="1">
    <SolidColor color="#d8e4e9"/>
  </FillStyle>
</fills>
                                             <strokes/>
  <edges>
    <Edge fillStyle1="1" edges="!0 0! 6007 5411| 6616 5419| 6637 5470| 6601 5455| 6609 5466[ 6614 5481 6597 5498[ 6572 5528 6513 5488[ 6521 5550 6495 5546[ 6486 5544 6472 5516[ 6460 5489 6434 5491[ 6409 5493 6405 5506[ 6401 5521 6382 5524[ 6357 5529 6345 5516| 6338 5502| 6310 5528| 6331 5554| 6280 5721| 6014 5718[ 5989 5681 5992 5645[ 5994 5629 6015 5630[ 6036 5630 6036 5601[ 6036 5567 6022 5486| 6007 5411"/>
  </edges>
</DOMShape>
                                   </elements>
            </DOMFrame>
          </frames>
        </DOMLayer>
      </layers>
    </DOMTimeline>
  </timeline>
</DOMSymbolItem>
