<DOMSymbolItem xmlns="http://ns.adobe.com/xfl/2008/" xmlns:xsi="http://www.w3.org/2001/XMLSchema-instance" name="Symbol 224" lastModified="1635072455" symbolType="graphic">
  <timeline>
    <DOMTimeline name="Symbol 224" currentFrame="0">
      <layers>
        <DOMLayer name="Layer 1">
          <frames>
            <DOMFrame index="0" motionTweenScale="false" keyMode="8192">
              <elements>
<DOMShape isFloating="true">
                                             <fills>
  <FillStyle index="1">
    <SolidColor color="#000000"/>
  </FillStyle>
</fills>
                                             <strokes/>
  <edges>
    <Edge fillStyle0="0" fillStyle1="0" strokeStyle="0" edges="!0 0! 0 0"/>
    <Edge fillStyle0="1" fillStyle1="0" strokeStyle="0" edges="!0 0! 447 811| 438 792| 411 798| 430 847[ 433 865 418 879[ 402 894 369 896[ 321 898 305 859[ 301 846 310 828| 320 811| 297 797| 286 822[ 275 850 279 862[ 284 882 304 897[ 331 917 373 915[ 414 913 437 889[ 454 871 455 848[ 455 833 447 811"/>
  </edges>
</DOMShape>
                                   </elements>
            </DOMFrame>
          </frames>
        </DOMLayer>
        <DOMLayer name="Layer 2">
          <frames>
            <DOMFrame index="0" motionTweenScale="false" keyMode="8192">
              <elements>
<DOMShape isFloating="true">
                                             <fills>
  <FillStyle index="1">
    <SolidColor color="#f4a057"/>
  </FillStyle>
</fills>
                                             <strokes/>
  <edges>
    <Edge fillStyle0="0" fillStyle1="0" strokeStyle="0" edges="!0 0! 0 0"/>
    <Edge fillStyle0="1" fillStyle1="0" strokeStyle="0" edges="!0 0! 302 808| 297 853| 328 902| 380 905| 434 882| 449 835| 448 812| 302 808"/>
  </edges>
</DOMShape>
                                   </elements>
            </DOMFrame>
          </frames>
        </DOMLayer>
        <DOMLayer name="Layer 3">
          <frames>
            <DOMFrame index="0" motionTweenScale="false" keyMode="8192">
              <elements>
<DOMShape isFloating="true">
                                             <fills>
  <FillStyle index="1">
    <SolidColor color="#000000"/>
  </FillStyle>
</fills>
                                             <strokes/>
  <edges>
    <Edge fillStyle0="0" fillStyle1="0" strokeStyle="0" edges="!0 0! 0 0"/>
    <Edge fillStyle0="1" fillStyle1="0" strokeStyle="0" edges="!0 0! 471 1004| 444 1047| 454 1133[ 465 1206 460 1217[ 454 1231 422 1238| 364 1243[ 269 1235 251 1200[ 243 1185 263 1120| 285 1042[ 285 1031 265 1006[ 239 973 228 948[ 214 916 249 871[ 266 848 286 832| 276 801| 231 847[ 188 900 195 939[ 202 973 226 1001[ 249 1027 249 1038| 232 1124[ 217 1193 226 1211[ 238 1233 283 1255[ 328 1276 360 1277[ 392 1278 443 1261[ 494 1243 497 1228| 483 1141[ 467 1065 470 1052| 504 1008[ 532 971 534 930[ 537 886 488 835| 438 791| 431 837| 471 861[ 510 893 504 931[ 497 966 471 1004"/>
  </edges>
</DOMShape>
                                   </elements>
            </DOMFrame>
          </frames>
        </DOMLayer>
        <DOMLayer name="Layer 4">
          <frames>
            <DOMFrame index="0" motionTweenScale="false" keyMode="8192">
              <elements>
<DOMShape isFloating="true">
                                             <fills>
  <FillStyle index="1">
    <SolidColor color="#dbe6eb"/>
  </FillStyle>
</fills>
                                             <strokes/>
  <edges>
    <Edge fillStyle0="0" fillStyle1="0" strokeStyle="0" edges="!0 0! 0 0"/>
    <Edge fillStyle0="1" fillStyle1="0" strokeStyle="0" edges="!0 0! 281 830| 242 868[ 203 909 203 925[ 203 940 239 996| 275 1048| 237 1195| 261 1221[ 297 1249 360 1255[ 423 1261 426 1254| 417 1246[ 365 1203 360 1151[ 359 1139 405 1094| 461 1031[ 431 1036 395 1015| 364 992[ 308 1030 283 1009[ 256 986 251 932[ 249 907 267 879| 286 856| 281 830"/>
  </edges>
</DOMShape>
                                   </elements>
            </DOMFrame>
          </frames>
        </DOMLayer>
        <DOMLayer name="Layer 5">
          <frames>
            <DOMFrame index="0" motionTweenScale="false" keyMode="8192">
              <elements>
                                        <DOMShape isFloating="true">
                                             <fills>
  <FillStyle index="1">
    <SolidColor color="#ffffff"/>
  </FillStyle>
</fills>
                                             <strokes/>
  <edges>
    <Edge fillStyle0="1" edges="!0 0! 295 810| 208 906| 267 1022| 226 1211| 357 1263| 486 1228| 458 1049| 521 930| 439 815| 295 810"/>
  </edges>
</DOMShape>
                                   </elements>
            </DOMFrame>
          </frames>
        </DOMLayer>
      </layers>
    </DOMTimeline>
  </timeline>
</DOMSymbolItem>
