<DOMSymbolItem xmlns="http://ns.adobe.com/xfl/2008/" xmlns:xsi="http://www.w3.org/2001/XMLSchema-instance" name="Symbol 149" lastModified="1635072455" symbolType="graphic">
  <timeline>
    <DOMTimeline name="Symbol 149" currentFrame="0">
      <layers>
        <DOMLayer name="Layer 1">
          <frames>
            <DOMFrame index="0" motionTweenScale="false" keyMode="8192">
              <elements>
<DOMShape isFloating="true">
                                             <fills>
  <FillStyle index="1">
    <SolidColor color="#e8eff3"/>
  </FillStyle>
</fills>
                                             <strokes/>
  <edges>
    <Edge fillStyle0="0" fillStyle1="0" strokeStyle="0" edges="!0 0! 0 0"/>
    <Edge fillStyle0="1" fillStyle1="0" strokeStyle="0" edges="!0 0! 7220 4313[ 7213 4279 7189 4247[ 7139 4183 7053 4194[ 6967 4205 6982 4299[ 6990 4347 7015 4392| 6815 4445| 6838 4570| 7028 4530| 7032 4553[ 7038 4581 7051 4604[ 7093 4677 7185 4677[ 7276 4677 7299 4576[ 7306 4544 7306 4506| 7304 4474| 7327 4470[ 7355 4464 7376 4451[ 7442 4412 7417 4325[ 7392 4239 7304 4268[ 7276 4277 7246 4296| 7220 4313"/>
  </edges>
</DOMShape>
                                   </elements>
            </DOMFrame>
          </frames>
        </DOMLayer>
        <DOMLayer name="Layer 2">
          <frames>
            <DOMFrame index="0" motionTweenScale="false" keyMode="8192">
              <elements>
<DOMShape isFloating="true">
                                             <fills>
  <FillStyle index="1">
    <SolidColor color="#000000"/>
  </FillStyle>
</fills>
                                             <strokes/>
  <edges>
    <Edge fillStyle0="0" fillStyle1="0" strokeStyle="0" edges="!0 0! 0 0"/>
    <Edge fillStyle0="1" fillStyle1="0" strokeStyle="0" edges="!0 0! 7212 4200[ 7167 4126 7047 4140[ 6928 4155 6940 4263[ 6946 4316 6976 4367| 6773 4433| 6820 4594| 6994 4558| 6995 4582[ 6999 4611 7013 4636[ 7058 4713 7185 4713[ 7311 4713 7332 4603[ 7339 4568 7334 4527| 7328 4492| 7355 4491[ 7386 4487 7410 4474[ 7484 4433 7450 4313[ 7414 4194 7320 4224[ 7290 4233 7258 4256| 7232 4277[ 7234 4237 7212 4200"/>
  </edges>
</DOMShape>
                                   </elements>
            </DOMFrame>
          </frames>
        </DOMLayer>
        <DOMLayer name="Layer 3">
          <frames>
            <DOMFrame index="0" motionTweenScale="false" keyMode="8192">
              <elements>
<DOMShape isFloating="true">
                                             <fills>
  <FillStyle index="1">
    <SolidColor color="#000000"/>
  </FillStyle>
</fills>
                                             <strokes/>
  <edges>
    <Edge fillStyle0="0" fillStyle1="0" strokeStyle="0" edges="!0 0! 0 0"/>
    <Edge fillStyle0="1" fillStyle1="0" strokeStyle="0" edges="!0 0! 5106 3839[ 5116 3862 5077 3878| 4958 3897| 4909 3908| 4869 3908[ 4870 3903 5106 3839"/>
  </edges>
</DOMShape>
                                   </elements>
            </DOMFrame>
          </frames>
        </DOMLayer>
        <DOMLayer name="Layer 4">
          <frames>
            <DOMFrame index="0" motionTweenScale="false" keyMode="8192">
              <elements>
<DOMShape isFloating="true">
                                             <fills>
  <FillStyle index="1">
    <SolidColor color="#000000"/>
  </FillStyle>
</fills>
                                             <strokes/>
  <edges>
    <Edge fillStyle0="0" fillStyle1="0" strokeStyle="0" edges="!0 0! 0 0"/>
    <Edge fillStyle0="1" fillStyle1="0" strokeStyle="0" edges="!0 0! 5113 3862[ 5122 3885 5081 3903| 4962 3922| 4871 3920| 5113 3862"/>
  </edges>
</DOMShape>
                                   </elements>
            </DOMFrame>
          </frames>
        </DOMLayer>
        <DOMLayer name="Layer 5">
          <frames>
            <DOMFrame index="0" motionTweenScale="false" keyMode="8192">
              <elements>
<DOMShape isFloating="true">
                                             <fills>
  <FillStyle index="1">
    <SolidColor color="#000000"/>
  </FillStyle>
</fills>
                                             <strokes/>
  <edges>
    <Edge fillStyle0="0" fillStyle1="0" strokeStyle="0" edges="!0 0! 0 0"/>
    <Edge fillStyle0="1" fillStyle1="0" strokeStyle="0" edges="!0 0! 5116 3887[ 5125 3910 5085 3929| 4966 3948[ 4941 3955 4907 3948[ 4874 3940 4876 3935[ 4876 3930 4994 3905[ 5113 3879 5116 3887"/>
  </edges>
</DOMShape>
                                   </elements>
            </DOMFrame>
          </frames>
        </DOMLayer>
        <DOMLayer name="Layer 6">
          <frames>
            <DOMFrame index="0" motionTweenScale="false" keyMode="8192">
              <elements>
<DOMShape isFloating="true">
                                             <fills>
  <FillStyle index="1">
    <SolidColor color="#000000"/>
  </FillStyle>
</fills>
                                             <strokes/>
  <edges>
    <Edge fillStyle0="0" fillStyle1="0" strokeStyle="0" edges="!0 0! 0 0"/>
    <Edge fillStyle0="1" fillStyle1="0" strokeStyle="0" edges="!0 0! 5722 3815[ 5712 3838 5751 3854| 5870 3873| 5919 3884| 5959 3884[ 5958 3879 5722 3815"/>
  </edges>
</DOMShape>
                                   </elements>
            </DOMFrame>
          </frames>
        </DOMLayer>
        <DOMLayer name="Layer 7">
          <frames>
            <DOMFrame index="0" motionTweenScale="false" keyMode="8192">
              <elements>
<DOMShape isFloating="true">
                                             <fills>
  <FillStyle index="1">
    <SolidColor color="#000000"/>
  </FillStyle>
</fills>
                                             <strokes/>
  <edges>
    <Edge fillStyle0="0" fillStyle1="0" strokeStyle="0" edges="!0 0! 0 0"/>
    <Edge fillStyle0="1" fillStyle1="0" strokeStyle="0" edges="!0 0! 5715 3838[ 5706 3861 5747 3879| 5866 3898| 5957 3896| 5715 3838"/>
  </edges>
</DOMShape>
                                   </elements>
            </DOMFrame>
          </frames>
        </DOMLayer>
        <DOMLayer name="Layer 8">
          <frames>
            <DOMFrame index="0" motionTweenScale="false" keyMode="8192">
              <elements>
<DOMShape isFloating="true">
                                             <fills>
  <FillStyle index="1">
    <SolidColor color="#000000"/>
  </FillStyle>
</fills>
                                             <strokes/>
  <edges>
    <Edge fillStyle0="0" fillStyle1="0" strokeStyle="0" edges="!0 0! 0 0"/>
    <Edge fillStyle0="1" fillStyle1="0" strokeStyle="0" edges="!0 0! 5712 3863[ 5703 3886 5743 3905| 5862 3924[ 5887 3931 5921 3924[ 5954 3916 5952 3911[ 5952 3906 5834 3881[ 5715 3855 5712 3863"/>
  </edges>
</DOMShape>
                                   </elements>
            </DOMFrame>
          </frames>
        </DOMLayer>
        <DOMLayer name="Layer 9">
          <frames>
            <DOMFrame index="0" motionTweenScale="false" keyMode="8192">
              <elements>
<DOMShape isFloating="true">
                                             <fills>
  <FillStyle index="1">
    <SolidColor color="#ffffff"/>
  </FillStyle>
</fills>
                                             <strokes/>
  <edges>
    <Edge fillStyle0="0" fillStyle1="0" strokeStyle="0" edges="!0 0! 0 0"/>
    <Edge fillStyle0="1" fillStyle1="0" strokeStyle="0" edges="!0 0! 5215 4841[ 5216 4854 5241 4878[ 5271 4906 5302 4909[ 5329 4910 5391 4872[ 5457 4830 5474 4828[ 5497 4824 5572 4858[ 5645 4892 5651 4889[ 5676 4885 5693 4844[ 5708 4803 5697 4795[ 5561 4753 5384 4773[ 5213 4792 5215 4841"/>
  </edges>
</DOMShape>
                                   </elements>
            </DOMFrame>
          </frames>
        </DOMLayer>
        <DOMLayer name="Layer 10">
          <frames>
            <DOMFrame index="0" motionTweenScale="false" keyMode="8192">
              <elements>
<DOMShape isFloating="true">
                                             <fills>
  <FillStyle index="1">
    <SolidColor color="#ffffff"/>
  </FillStyle>
</fills>
                                             <strokes/>
  <edges>
    <Edge fillStyle0="0" fillStyle1="0" strokeStyle="0" edges="!0 0! 0 0"/>
    <Edge fillStyle0="1" fillStyle1="0" strokeStyle="0" edges="!0 0! 5648 4482[ 5667 4475 5655 4414[ 5646 4400 5612 4389[ 5543 4365 5416 4375[ 5289 4386 5234 4422[ 5207 4440 5205 4456[ 5183 4521 5205 4534[ 5213 4539 5276 4511[ 5355 4476 5432 4469| 5583 4473| 5648 4482"/>
  </edges>
</DOMShape>
                                   </elements>
            </DOMFrame>
          </frames>
        </DOMLayer>
        <DOMLayer name="Layer 11">
          <frames>
            <DOMFrame index="0" motionTweenScale="false" keyMode="8192">
              <elements>
<DOMShape isFloating="true">
                                             <fills>
  <FillStyle index="1">
    <SolidColor color="#4c0000"/>
  </FillStyle>
</fills>
                                             <strokes/>
  <edges>
    <Edge fillStyle0="0" fillStyle1="0" strokeStyle="0" edges="!0 0! 0 0"/>
    <Edge fillStyle0="1" fillStyle1="0" strokeStyle="0" edges="!0 0! 5658 4620[ 5620 4585 5429 4595[ 5236 4605 5212 4644[ 5200 4650 5192 4683[ 5183 4718 5187 4758[ 5194 4867 5276 4900[ 5296 4908 5352 4868[ 5417 4822 5480 4820[ 5545 4818 5605 4840[ 5656 4859 5672 4854[ 5717 4820 5687 4709[ 5651 4615 5658 4620"/>
  </edges>
</DOMShape>
                                   </elements>
            </DOMFrame>
          </frames>
        </DOMLayer>
        <DOMLayer name="Layer 12">
          <frames>
            <DOMFrame index="0" motionTweenScale="false" keyMode="8192">
              <elements>
<DOMShape isFloating="true">
                                             <fills>
  <FillStyle index="1">
    <SolidColor color="#7f0000"/>
  </FillStyle>
</fills>
                                             <strokes/>
  <edges>
    <Edge fillStyle0="0" fillStyle1="0" strokeStyle="0" edges="!0 0! 0 0"/>
    <Edge fillStyle0="1" fillStyle1="0" strokeStyle="0" edges="!0 0! 5658 4424[ 5621 4365 5429 4383[ 5236 4401 5212 4466[ 5200 4475 5192 4531[ 5183 4590 5187 4658[ 5194 4841 5276 4899[ 5298 4913 5349 4877[ 5413 4831 5474 4828[ 5538 4824 5599 4860[ 5652 4891 5667 4883[ 5713 4826 5684 4607| 5658 4424"/>
  </edges>
</DOMShape>
                                   </elements>
            </DOMFrame>
          </frames>
        </DOMLayer>
        <DOMLayer name="Layer 13">
          <frames>
            <DOMFrame index="0" motionTweenScale="false" keyMode="8192">
              <elements>
<DOMShape isFloating="true">
                                             <fills>
  <FillStyle index="1">
    <SolidColor color="#000000"/>
  </FillStyle>
</fills>
                                             <strokes/>
  <edges>
    <Edge fillStyle0="0" fillStyle1="0" strokeStyle="0" edges="!4762 4618! 0 0"/>
    <Edge fillStyle0="0" fillStyle1="1" strokeStyle="0" edges="!0 0! 5743 4648[ 5745 4847 5701 4917[ 5682 4947 5667 4947[ 5658 4948 5633 4931[ 5563 4885 5474 4896[ 5388 4906 5332 4976[ 5312 5001 5299 5003[ 5281 5008 5247 4982[ 5179 4929 5147 4711[ 5115 4503 5150 4432[ 5184 4365 5399 4340[ 5616 4315 5680 4378[ 5740 4439 5743 4648"/>
  </edges>
</DOMShape>
                                   </elements>
            </DOMFrame>
          </frames>
        </DOMLayer>
        <DOMLayer name="Layer 14">
          <frames>
            <DOMFrame index="0" motionTweenScale="false" keyMode="8192">
              <elements>
<DOMShape isFloating="true">
                                             <fills>
  <FillStyle index="1">
    <SolidColor color="#000000"/>
  </FillStyle>
</fills>
                                             <strokes/>
  <edges>
    <Edge fillStyle0="0" fillStyle1="0" strokeStyle="0" edges="!0 0! 0 0"/>
    <Edge fillStyle0="1" fillStyle1="0" strokeStyle="0" edges="!0 0! 4762 4618[ 4703 4575 4654 4590[ 4610 4604 4585 4653[ 4548 4725 4587 4840[ 4620 4938 4850 5109| 5086 5271| 4973 5104[ 4859 4916 4855 4811[ 4849 4678 4762 4618"/>
    <Edge fillStyle0="1" fillStyle1="0" strokeStyle="0" edges="!4762 4618! 4812 4812[ 4816 4927 4937 5095| 5056 5241| 4859 5086[ 4658 4916 4628 4827[ 4595 4727 4623 4672[ 4639 4640 4668 4631[ 4694 4622 4738 4653[ 4807 4702 4812 4812"/>
  </edges>
</DOMShape>
                                   </elements>
            </DOMFrame>
          </frames>
        </DOMLayer>
        <DOMLayer name="Layer 15">
          <frames>
            <DOMFrame index="0" motionTweenScale="false" keyMode="8192">
              <elements>
<DOMShape isFloating="true">
                                             <fills>
  <FillStyle index="1">
    <SolidColor color="#f4a057"/>
  </FillStyle>
</fills>
                                             <strokes/>
  <edges>
    <Edge fillStyle0="0" fillStyle1="0" strokeStyle="0" edges="!0 0! 0 0"/>
    <Edge fillStyle0="1" fillStyle1="0" strokeStyle="0" edges="!0 0! 4968 5153| 4868 5040[ 4762 4919 4737 4874[ 4716 4835 4726 4794[ 4738 4748 4725 4712[ 4697 4635 4620 4619| 4584 4804| 4685 4958| 4940 5169| 4972 5181| 4968 5153"/>
  </edges>
</DOMShape>
                                   </elements>
            </DOMFrame>
          </frames>
        </DOMLayer>
        <DOMLayer name="Layer 16">
          <frames>
            <DOMFrame index="0" motionTweenScale="false" keyMode="8192">
              <elements>
<DOMShape isFloating="true">
                                             <fills>
  <FillStyle index="1">
    <SolidColor color="#f5c4a0"/>
  </FillStyle>
</fills>
                                             <strokes/>
  <edges>
    <Edge fillStyle0="0" fillStyle1="0" strokeStyle="0" edges="!0 0! 0 0"/>
    <Edge fillStyle0="0" fillStyle1="1" strokeStyle="0" edges="!0 0! 4957 5105| 5076 5266| 4861 5107[ 4640 4928 4608 4833[ 4574 4734 4600 4670[ 4620 4624 4661 4611[ 4704 4597 4759 4642[ 4829 4699 4834 4811[ 4838 4922 4957 5105"/>
  </edges>
</DOMShape>
                                   </elements>
            </DOMFrame>
          </frames>
        </DOMLayer>
        <DOMLayer name="Layer 17">
          <frames>
            <DOMFrame index="0" motionTweenScale="false" keyMode="8192">
              <elements>
<DOMShape isFloating="true">
                                             <fills>
  <FillStyle index="1">
    <SolidColor color="#dee8ed"/>
  </FillStyle>
</fills>
                                             <strokes/>
  <edges>
    <Edge fillStyle0="0" fillStyle1="0" strokeStyle="0" edges="!0 0! 0 0"/>
    <Edge fillStyle0="0" fillStyle1="1" strokeStyle="0" edges="!0 0! 5582 3427| 5304 3408[ 4944 3407 4530 3494| 4446 3499| 4366 3503[ 4318 3323 4408 3196[ 4453 3132 4507 3105| 4457 3178[ 4410 3254 4430 3276[ 4445 3291 4551 3229[ 4658 3167 4684 3191[ 4712 3215 4650 3274[ 4577 3344 4575 3361[ 4569 3408 4929 3367| 5097 3325[ 5270 3286 5292 3298[ 5327 3317 5244 3358| 5327 3353[ 5417 3352 5443 3374[ 5467 3393 5566 3348[ 5664 3303 5672 3310[ 5726 3372 5659 3406| 5608 3423| 5582 3427"/>
  </edges>
</DOMShape>
                                   </elements>
            </DOMFrame>
          </frames>
        </DOMLayer>
        <DOMLayer name="Layer 18">
          <frames>
            <DOMFrame index="0" motionTweenScale="false" keyMode="8192">
              <elements>
<DOMShape isFloating="true">
                                             <fills>
  <FillStyle index="1">
    <SolidColor color="#ffffff"/>
  </FillStyle>
</fills>
                                             <strokes/>
  <edges>
    <Edge fillStyle0="0" fillStyle1="0" strokeStyle="0" edges="!0 0! 0 0"/>
    <Edge fillStyle0="1" fillStyle1="0" strokeStyle="0" edges="!0 0! 5980 3121[ 5723 3010 5356 3017[ 4563 3032 4440 3143[ 4384 3194 4362 3334[ 4342 3470 4376 3506[ 4390 3521 4476 3504| 4694 3457[ 5067 3379 5364 3402[ 5648 3424 6021 3545| 6228 3611| 6321 3613[ 6348 3572 6309 3449[ 6270 3332 6221 3282[ 6131 3187 5980 3121"/>
  </edges>
</DOMShape>
                                   </elements>
            </DOMFrame>
          </frames>
        </DOMLayer>
        <DOMLayer name="Layer 19">
          <frames>
            <DOMFrame index="0" motionTweenScale="false" keyMode="8192">
              <elements>
<DOMShape isFloating="true">
                                             <fills>
  <FillStyle index="1">
    <SolidColor color="#000000"/>
  </FillStyle>
</fills>
                                             <strokes/>
  <edges>
    <Edge fillStyle0="0" fillStyle1="0" strokeStyle="0" edges="!0 0! 0 0"/>
    <Edge fillStyle0="1" fillStyle1="0" strokeStyle="0" edges="!0 0! 6264 3264[ 5984 2976 5340 2989[ 4878 2998 4652 3032[ 4447 3063 4379 3124[ 4317 3180 4298 3345[ 4279 3504 4318 3544[ 4333 3560 4418 3544| 4636 3496[ 5017 3417 5350 3443[ 5666 3467 6052 3584| 6260 3646| 6353 3642[ 6384 3593 6350 3455[ 6317 3319 6264 3264"/>
  </edges>
</DOMShape>
                                   </elements>
            </DOMFrame>
          </frames>
        </DOMLayer>
        <DOMLayer name="Layer 20">
          <frames>
            <DOMFrame index="0" motionTweenScale="false" keyMode="8192">
              <elements>
<DOMShape isFloating="true">
                                             <fills>
  <FillStyle index="1">
    <SolidColor color="#f4a057"/>
  </FillStyle>
</fills>
                                             <strokes/>
  <edges>
    <Edge fillStyle0="0" fillStyle1="0" strokeStyle="0" edges="!0 0! 0 0"/>
    <Edge fillStyle0="1" fillStyle1="0" strokeStyle="0" edges="!0 0! 5141 3486| 5179 3499[ 5218 3514 5225 3524[ 5236 3539 5219 3616[ 5257 3527 5249 3509[ 5244 3497 5192 3490| 5141 3486"/>
  </edges>
</DOMShape>
                                   </elements>
            </DOMFrame>
          </frames>
        </DOMLayer>
        <DOMLayer name="Layer 21">
          <frames>
            <DOMFrame index="0" motionTweenScale="false" keyMode="8192">
              <elements>
<DOMShape isFloating="true">
                                             <fills>
  <FillStyle index="1">
    <SolidColor color="#f4a057"/>
  </FillStyle>
</fills>
                                             <strokes/>
  <edges>
    <Edge fillStyle0="0" fillStyle1="0" strokeStyle="0" edges="!0 0! 0 0"/>
    <Edge fillStyle0="0" fillStyle1="1" strokeStyle="0" edges="!0 0! 5347 4863[ 5364 4849 5387 4835[ 5433 4808 5463 4809[ 5511 4811 5556 4904[ 5493 4848 5461 4842| 5392 4851| 5347 4863"/>
  </edges>
</DOMShape>
                                   </elements>
            </DOMFrame>
          </frames>
        </DOMLayer>
        <DOMLayer name="Layer 22">
          <frames>
            <DOMFrame index="0" motionTweenScale="false" keyMode="8192">
              <elements>
<DOMShape isFloating="true">
                                             <fills>
  <FillStyle index="1">
    <SolidColor color="#f4a057"/>
  </FillStyle>
</fills>
                                             <strokes/>
  <edges>
    <Edge fillStyle0="0" fillStyle1="0" strokeStyle="0" edges="!0 0! 0 0"/>
    <Edge fillStyle0="1" fillStyle1="0" strokeStyle="0" edges="!0 0! 5691 4261| 5723 4254[ 5757 4250 5771 4269[ 5791 4299 5787 4378[ 5820 4277 5790 4250[ 5771 4233 5729 4246| 5691 4261"/>
  </edges>
</DOMShape>
                                   </elements>
            </DOMFrame>
          </frames>
        </DOMLayer>
        <DOMLayer name="Layer 23">
          <frames>
            <DOMFrame index="0" motionTweenScale="false" keyMode="8192">
              <elements>
<DOMShape isFloating="true">
                                             <fills>
  <FillStyle index="1">
    <SolidColor color="#000000"/>
  </FillStyle>
</fills>
                                             <strokes/>
  <edges>
    <Edge fillStyle0="0" fillStyle1="0" strokeStyle="0" edges="!0 0! 0 0"/>
    <Edge fillStyle0="1" fillStyle1="0" strokeStyle="0" edges="!0 0! 6346 4207| 6319 4212| 6344 4260| 6372 4263| 6346 4207"/>
  </edges>
</DOMShape>
                                   </elements>
            </DOMFrame>
          </frames>
        </DOMLayer>
        <DOMLayer name="Layer 24">
          <frames>
            <DOMFrame index="0" motionTweenScale="false" keyMode="8192">
              <elements>
<DOMShape isFloating="true">
                                             <fills>
  <FillStyle index="1">
    <SolidColor color="#000000"/>
  </FillStyle>
</fills>
                                             <strokes/>
  <edges>
    <Edge fillStyle0="0" fillStyle1="0" strokeStyle="0" edges="!0 0! 0 0"/>
    <Edge fillStyle0="1" fillStyle1="0" strokeStyle="0" edges="!0 0! 6422 4192| 6387 4199| 6418 4258| 6454 4262| 6422 4192"/>
  </edges>
</DOMShape>
                                   </elements>
            </DOMFrame>
          </frames>
        </DOMLayer>
        <DOMLayer name="Layer 25">
          <frames>
            <DOMFrame index="0" motionTweenScale="false" keyMode="8192">
              <elements>
<DOMShape isFloating="true">
                                             <fills>
  <FillStyle index="1">
    <SolidColor color="#000000"/>
  </FillStyle>
</fills>
                                             <strokes/>
  <edges>
    <Edge fillStyle0="0" fillStyle1="0" strokeStyle="0" edges="!0 0! 0 0"/>
    <Edge fillStyle0="0" fillStyle1="1" strokeStyle="0" edges="!0 0! 4427 4246| 4455 4250| 4433 4299| 4406 4305| 4427 4246"/>
  </edges>
</DOMShape>
                                   </elements>
            </DOMFrame>
          </frames>
        </DOMLayer>
        <DOMLayer name="Layer 26">
          <frames>
            <DOMFrame index="0" motionTweenScale="false" keyMode="8192">
              <elements>
<DOMShape isFloating="true">
                                             <fills>
  <FillStyle index="1">
    <SolidColor color="#000000"/>
  </FillStyle>
</fills>
                                             <strokes/>
  <edges>
    <Edge fillStyle0="0" fillStyle1="0" strokeStyle="0" edges="!0 0! 0 0"/>
    <Edge fillStyle0="0" fillStyle1="1" strokeStyle="0" edges="!0 0! 4351 4237| 4386 4242| 4359 4303| 4324 4310| 4351 4237"/>
  </edges>
</DOMShape>
                                   </elements>
            </DOMFrame>
          </frames>
        </DOMLayer>
        <DOMLayer name="Layer 27">
          <frames>
            <DOMFrame index="0" motionTweenScale="false" keyMode="8192">
              <elements>
<DOMShape isFloating="true">
                                             <fills>
  <FillStyle index="1">
    <SolidColor color="#000000"/>
  </FillStyle>
</fills>
                                             <strokes/>
  <edges>
    <Edge fillStyle0="0" fillStyle1="0" strokeStyle="0" edges="!0 0! 0 0"/>
    <Edge fillStyle0="1" fillStyle1="0" strokeStyle="0" edges="!0 0! 5393 4028| 5394 4083| 5440 4142| 5404 4224| 5502 4152| 5393 4028"/>
  </edges>
</DOMShape>
                                   </elements>
            </DOMFrame>
          </frames>
        </DOMLayer>
        <DOMLayer name="Layer 28">
          <frames>
            <DOMFrame index="0" motionTweenScale="false" keyMode="8192">
              <elements>
<DOMShape isFloating="true">
                                             <fills>
  <FillStyle index="1">
    <SolidColor color="#000000"/>
  </FillStyle>
</fills>
                                             <strokes/>
  <edges>
    <Edge fillStyle0="0" fillStyle1="0" strokeStyle="0" edges="!0 0! 0 0"/>
    <Edge fillStyle0="1" fillStyle1="0" strokeStyle="0" edges="!0 0! 4469 3668| 4576 3715[ 4703 3757 4810 3738[ 4925 3716 5038 3644[ 5139 3580 5137 3554[ 5136 3536 5077 3511| 5017 3490[ 5076 3522 5057 3549[ 4997 3635 4824 3671| 4591 3681| 4469 3668"/>
  </edges>
</DOMShape>
                                   </elements>
            </DOMFrame>
          </frames>
        </DOMLayer>
        <DOMLayer name="Layer 29">
          <frames>
            <DOMFrame index="0" motionTweenScale="false" keyMode="8192">
              <elements>
<DOMShape isFloating="true">
                                             <fills>
  <FillStyle index="1">
    <SolidColor color="#000000"/>
  </FillStyle>
</fills>
                                             <strokes/>
  <edges>
    <Edge fillStyle0="0" fillStyle1="0" strokeStyle="0" edges="!0 0! 0 0"/>
    <Edge fillStyle0="1" fillStyle1="0" strokeStyle="0" edges="!0 0! 5634 3516| 5637 3559[ 5649 3607 5692 3636[ 5731 3663 5885 3674| 6075 3693[ 6143 3717 6237 3828[ 6178 3661 6110 3637| 5921 3622[ 5766 3617 5726 3602[ 5678 3585 5652 3550| 5634 3516"/>
  </edges>
</DOMShape>
                                   </elements>
            </DOMFrame>
          </frames>
        </DOMLayer>
        <DOMLayer name="Layer 30">
          <frames>
            <DOMFrame index="0" motionTweenScale="false" keyMode="8192">
              <elements>
<DOMShape isFloating="true">
                                             <fills>
  <FillStyle index="1">
    <SolidColor color="#000000"/>
  </FillStyle>
</fills>
                                             <strokes/>
  <edges>
    <Edge fillStyle0="0" fillStyle1="0" strokeStyle="0" edges="!0 0! 0 0"/>
    <Edge fillStyle0="1" fillStyle1="0" strokeStyle="0" edges="!0 0! 6291 2149[ 6284 2218 6108 2494[ 6031 2303 5942 2113[ 5764 1735 5704 1742[ 5721 1824 5524 1978| 5302 1594| 5067 1997| 4996 1910[ 4925 1817 4925 1790[ 4884 1785 4649 2154[ 4531 2339 4420 2525[ 4392 2491 4367 2440[ 4315 2339 4327 2255[ 4244 2275 4162 2707[ 4121 2922 4096 3134[ 3923 3071 3864 2982[ 3850 2997 3875 3150| 3940 3494[ 4043 4028 4027 4179[ 4033 4163 4077 4125| 4119 4090| 4021 3565[ 3959 3257 3923 3146[ 3952 3164 4001 3185[ 4074 3217 4152 3240[ 4179 3031 4212 2819[ 4280 2394 4317 2378[ 4302 2479 4450 2685| 4660 2298[ 4873 1908 4893 1905[ 4880 1945 4971 2024[ 5017 2064 5065 2095| 5303 1731| 5507 2115[ 5752 1913 5736 1851[ 5764 1849 5929 2256| 6089 2663[ 6320 2334 6313 2257[ 6397 2496 6440 2896[ 6462 3096 6467 3248| 6603 3171[ 6742 3096 6760 3103[ 6666 3181 6627 3661[ 6607 3902 6606 4126| 6661 4229[ 6661 3988 6685 3714[ 6734 3168 6862 3009[ 6820 2973 6668 3041| 6524 3116[ 6505 2894 6466 2663[ 6388 2199 6291 2149"/>
  </edges>
</DOMShape>
                                   </elements>
            </DOMFrame>
          </frames>
        </DOMLayer>
        <DOMLayer name="Layer 31">
          <frames>
            <DOMFrame index="0" motionTweenScale="false" keyMode="8192">
              <elements>
<DOMShape isFloating="true">
                                             <fills>
  <FillStyle index="1">
    <SolidColor color="#000000"/>
  </FillStyle>
</fills>
                                             <strokes/>
  <edges>
    <Edge fillStyle0="0" fillStyle1="0" strokeStyle="0" edges="!0 0! 0 0"/>
    <Edge fillStyle0="0" fillStyle1="1" strokeStyle="0" edges="!0 0! 6346 3394| 6420 3725| 6250 3456| 6037 3611| 5930 3353| 5781 3439| 5962 3211| 6055 3433| 6237 3310| 6346 3394"/>
  </edges>
</DOMShape>
                                   </elements>
            </DOMFrame>
          </frames>
        </DOMLayer>
        <DOMLayer name="Layer 32">
          <frames>
            <DOMFrame index="0" motionTweenScale="false" keyMode="8192">
              <elements>
<DOMShape isFloating="true">
                                             <fills>
  <FillStyle index="1">
    <SolidColor color="#000000"/>
  </FillStyle>
</fills>
                                             <strokes/>
  <edges>
    <Edge fillStyle0="0" fillStyle1="0" strokeStyle="0" edges="!0 0! 0 0"/>
    <Edge fillStyle0="1" fillStyle1="0" strokeStyle="0" edges="!0 0! 4870 3467[ 4988 3349 5115 3233[ 5368 3000 5407 3010[ 5360 3089 5448 3327| 5673 3213| 5760 3341| 5786 3296| 5685 3101[ 5606 3151 5526 3200[ 5459 2950 5490 2877[ 5380 2887 5010 3214[ 4826 3377 4668 3533| 4870 3467"/>
  </edges>
</DOMShape>
                                   </elements>
            </DOMFrame>
          </frames>
        </DOMLayer>
        <DOMLayer name="Layer 33">
          <frames>
            <DOMFrame index="0" motionTweenScale="false" keyMode="8192">
              <elements>
<DOMShape isFloating="true">
                                             <fills>
  <FillStyle index="1">
    <SolidColor color="#000000"/>
  </FillStyle>
</fills>
                                             <strokes/>
  <edges>
    <Edge fillStyle0="0" fillStyle1="0" strokeStyle="0" edges="!0 0! 0 0"/>
    <Edge fillStyle0="1" fillStyle1="0" strokeStyle="0" edges="!0 0! 4462 3222[ 4361 3127 4344 3131[ 4341 3399 4235 3856| 4402 3257| 4583 3459| 4734 3121| 4866 3301| 4918 3256| 4737 2985| 4559 3318| 4462 3222"/>
  </edges>
</DOMShape>
                                   </elements>
            </DOMFrame>
          </frames>
        </DOMLayer>
        <DOMLayer name="Layer 34">
          <frames>
            <DOMFrame index="0" motionTweenScale="false" keyMode="8192">
              <elements>
<DOMShape isFloating="true">
                                             <fills>
  <FillStyle index="1">
    <SolidColor color="#000000"/>
  </FillStyle>
</fills>
                                             <strokes/>
  <edges>
    <Edge fillStyle0="0" fillStyle1="0" strokeStyle="0" edges="!0 0! 0 0"/>
    <Edge fillStyle0="0" fillStyle1="1" strokeStyle="0" edges="!0 0! 4218 4082[ 4257 4122 4214 4152[ 4165 4154 4115 4169[ 4017 4199 4021 4263[ 4026 4365 4152 4517[ 4108 4496 4062 4454[ 3971 4372 3962 4272[ 3953 4165 4070 4102[ 4115 4078 4160 4072[ 4204 4067 4218 4082"/>
  </edges>
</DOMShape>
                                   </elements>
            </DOMFrame>
          </frames>
        </DOMLayer>
        <DOMLayer name="Layer 35">
          <frames>
            <DOMFrame index="0" motionTweenScale="false" keyMode="8192">
              <elements>
<DOMShape isFloating="true">
                                             <fills>
  <FillStyle index="1">
    <SolidColor color="#000000"/>
  </FillStyle>
</fills>
                                             <strokes/>
  <edges>
    <Edge fillStyle0="0" fillStyle1="0" strokeStyle="0" edges="!0 0! 0 0"/>
    <Edge fillStyle0="1" fillStyle1="0" strokeStyle="0" edges="!0 0! 6489 4087[ 6478 4101 6496 4115| 6546 4145[ 6630 4193 6632 4249[ 6634 4351 6532 4517[ 6571 4492 6611 4446[ 6689 4354 6690 4254[ 6692 4146 6605 4094[ 6570 4074 6536 4072[ 6503 4070 6489 4087"/>
  </edges>
</DOMShape>
                                   </elements>
            </DOMFrame>
          </frames>
        </DOMLayer>
        <DOMLayer name="Layer 36">
          <frames>
            <DOMFrame index="0" motionTweenScale="false" keyMode="8192">
              <elements>
<DOMShape isFloating="true">
                                             <fills>
  <FillStyle index="1">
    <SolidColor color="#000000"/>
  </FillStyle>
</fills>
                                             <strokes/>
  <edges>
    <Edge fillStyle0="0" fillStyle1="0" strokeStyle="0" edges="!0 0! 0 0"/>
    <Edge fillStyle0="0" fillStyle1="1" strokeStyle="0" edges="!0 0! 6392 3586[ 6447 3797 6487 3989[ 6615 4604 6553 4812[ 6490 5024 5964 5114[ 5786 5145 5577 5157[ 5423 5166 5338 5162[ 5018 5147 4718 5077[ 4199 4955 4144 4725[ 4090 4499 4225 3866[ 4267 3668 4323 3454| 4370 3279| 4270 3912[ 4179 4576 4223 4727[ 4270 4889 4665 4989[ 4980 5068 5350 5078[ 5737 5088 6014 5044[ 6390 4986 6467 4836[ 6539 4697 6449 4042[ 6422 3837 6381 3605| 6346 3414| 6392 3586"/>
  </edges>
</DOMShape>
                                   </elements>
            </DOMFrame>
          </frames>
        </DOMLayer>
        <DOMLayer name="Layer 37">
          <frames>
            <DOMFrame index="0" motionTweenScale="false" keyMode="8192">
              <elements>
<DOMShape isFloating="true">
                                             <fills>
  <FillStyle index="1">
    <SolidColor color="#f4a057"/>
  </FillStyle>
</fills>
                                             <strokes/>
  <edges>
    <Edge fillStyle0="0" fillStyle1="0" strokeStyle="0" edges="!0 0! 0 0"/>
    <Edge fillStyle0="0" fillStyle1="1" strokeStyle="0" edges="!0 0! 4194 4210| 4143 4418[ 4067 4349 4076 4281[ 4081 4239 4138 4221[ 4166 4211 4194 4210"/>
  </edges>
</DOMShape>
                                   </elements>
            </DOMFrame>
          </frames>
        </DOMLayer>
        <DOMLayer name="Layer 38">
          <frames>
            <DOMFrame index="0" motionTweenScale="false" keyMode="8192">
              <elements>
<DOMShape isFloating="true">
                                             <fills>
  <FillStyle index="1">
    <SolidColor color="#f4a057"/>
  </FillStyle>
</fills>
                                             <strokes/>
  <edges>
    <Edge fillStyle0="0" fillStyle1="0" strokeStyle="0" edges="!0 0! 0 0"/>
    <Edge fillStyle0="1" fillStyle1="0" strokeStyle="0" edges="!0 0! 6500 4209| 6538 4377[ 6594 4294 6580 4254[ 6571 4229 6534 4217| 6500 4209"/>
  </edges>
</DOMShape>
                                   </elements>
            </DOMFrame>
          </frames>
        </DOMLayer>
        <DOMLayer name="Layer 39">
          <frames>
            <DOMFrame index="0" motionTweenScale="false" keyMode="8192">
              <elements>
<DOMShape isFloating="true">
                                             <fills>
  <FillStyle index="1">
    <SolidColor color="#f4a057"/>
  </FillStyle>
</fills>
                                             <strokes/>
  <edges>
    <Edge fillStyle0="0" fillStyle1="0" strokeStyle="0" edges="!0 0! 0 0"/>
    <Edge fillStyle0="0" fillStyle1="1" strokeStyle="0" edges="!0 0! 5653 3257[ 5605 3274 5553 3298[ 5450 3345 5432 3375[ 5414 3381 5377 3243[ 5340 3106 5348 3078[ 5352 3062 5110 3269| 4867 3480| 4650 3543| 5431 2916| 5463 3265| 5684 3145| 5760 3341| 5653 3257"/>
  </edges>
</DOMShape>
                                   </elements>
            </DOMFrame>
          </frames>
        </DOMLayer>
        <DOMLayer name="Layer 40">
          <frames>
            <DOMFrame index="0" motionTweenScale="false" keyMode="8192">
              <elements>
<DOMShape isFloating="true">
                                             <fills>
  <FillStyle index="1">
    <SolidColor color="#f4a057"/>
  </FillStyle>
</fills>
                                             <strokes/>
  <edges>
    <Edge fillStyle0="0" fillStyle1="0" strokeStyle="0" edges="!0 0! 0 0"/>
    <Edge fillStyle0="1" fillStyle1="0" strokeStyle="0" edges="!0 0! 4572 3343| 4366 3176| 4326 3560| 4422 3307| 4593 3503| 4729 3192| 4862 3298| 4897 3249| 4726 3030| 4572 3343"/>
  </edges>
</DOMShape>
                                   </elements>
            </DOMFrame>
          </frames>
        </DOMLayer>
        <DOMLayer name="Layer 41">
          <frames>
            <DOMFrame index="0" motionTweenScale="false" keyMode="8192">
              <elements>
<DOMShape isFloating="true">
                                             <fills>
  <FillStyle index="1">
    <SolidColor color="#f4a057"/>
  </FillStyle>
</fills>
                                             <strokes/>
  <edges>
    <Edge fillStyle0="0" fillStyle1="0" strokeStyle="0" edges="!0 0! 0 0"/>
    <Edge fillStyle0="0" fillStyle1="1" strokeStyle="0" edges="!0 0! 6396 3608| 6449 3840| 6237 3510| 6010 3659| 5922 3418| 5783 3433| 5965 3286| 6043 3500| 6254 3359| 6396 3608"/>
  </edges>
</DOMShape>
                                   </elements>
            </DOMFrame>
          </frames>
        </DOMLayer>
        <DOMLayer name="Layer 42">
          <frames>
            <DOMFrame index="0" motionTweenScale="false" keyMode="8192">
              <elements>
<DOMShape isFloating="true">
                                             <fills>
  <FillStyle index="1">
    <SolidColor color="#f69c6b"/>
  </FillStyle>
</fills>
                                             <strokes/>
  <edges>
    <Edge fillStyle0="0" fillStyle1="0" strokeStyle="0" edges="!0 0! 0 0"/>
    <Edge fillStyle0="1" fillStyle1="0" strokeStyle="0" edges="!0 0! 5397 4019| 5395 4083| 5484 4172| 5404 4238| 5531 4170| 5397 4019"/>
  </edges>
</DOMShape>
                                   </elements>
            </DOMFrame>
          </frames>
        </DOMLayer>
        <DOMLayer name="Layer 43">
          <frames>
            <DOMFrame index="0" motionTweenScale="false" keyMode="8192">
              <elements>
<DOMShape isFloating="true">
                                             <fills>
  <FillStyle index="1">
    <SolidColor color="#f4a057"/>
  </FillStyle>
</fills>
                                             <strokes/>
  <edges>
    <Edge fillStyle0="0" fillStyle1="0" strokeStyle="0" edges="!0 0! 0 0"/>
    <Edge fillStyle0="1" fillStyle1="0" strokeStyle="0" edges="!0 0! 4349 3387| 4252 3971[ 4160 4570 4184 4646| 4203 4717[ 4212 4746 4223 4764[ 4248 4801 4384 4910[ 4545 5061 5102 5093[ 5381 5109 5627 5094[ 5526 4942 5467 4924[ 5434 4914 5372 4938[ 5295 4967 5259 4969| 5113 4953[ 4988 4931 4865 4894[ 4519 4789 4420 4637[ 4326 4491 4328 3925[ 4329 3748 4339 3550| 4349 3387"/>
  </edges>
</DOMShape>
                                   </elements>
            </DOMFrame>
          </frames>
        </DOMLayer>
        <DOMLayer name="Layer 44">
          <frames>
            <DOMFrame index="0" motionTweenScale="false" keyMode="8192">
              <elements>
<DOMShape isFloating="true">
                                             <fills>
  <FillStyle index="1">
    <SolidColor color="#f4a057"/>
  </FillStyle>
</fills>
                                             <strokes/>
  <edges>
    <Edge fillStyle0="0" fillStyle1="0" strokeStyle="0" edges="!0 0! 0 0"/>
    <Edge fillStyle0="1" fillStyle1="0" strokeStyle="0" edges="!0 0! 6424 4726[ 6213 4982 5440 5026[ 5447 5055 5507 5085| 5614 5089| 5874 5077[ 6283 5034 6493 4859[ 6535 4756 6512 4607| 6489 4516| 6491 4554[ 6490 4646 6424 4726"/>
  </edges>
</DOMShape>
                                   </elements>
            </DOMFrame>
          </frames>
        </DOMLayer>
        <DOMLayer name="Layer 45">
          <frames>
            <DOMFrame index="0" motionTweenScale="false" keyMode="8192">
              <elements>
<DOMShape isFloating="true">
                                             <fills>
  <FillStyle index="1">
    <SolidColor color="#f5be8b"/>
  </FillStyle>
</fills>
                                             <strokes/>
  <edges>
    <Edge fillStyle0="0" fillStyle1="0" strokeStyle="0" edges="!0 0! 0 0"/>
    <Edge fillStyle0="1" fillStyle1="0" strokeStyle="0" edges="!0 0! 6228 3359| 6069 3479| 5951 3288| 5838 3390| 5682 3135| 5505 3228| 5431 2916| 4937 3286| 4743 3022| 4595 3331| 4554 3338| 4389 3181| 4330 3433| 4201 4106[ 4158 4111 4112 4128[ 4019 4163 4002 4221[ 3984 4279 4064 4411[ 4104 4476 4148 4531| 4189 4740| 4215 4796[ 4260 4862 4357 4918[ 4670 5095 5386 5093[ 6102 5092 6382 4941[ 6470 4894 6503 4837| 6519 4791| 6540 4481[ 6572 4464 6603 4430[ 6664 4361 6658 4274[ 6652 4187 6571 4140[ 6545 4125 6515 4116| 6490 4111| 6375 3523| 6228 3359"/>
  </edges>
</DOMShape>
                                   </elements>
            </DOMFrame>
          </frames>
        </DOMLayer>
        <DOMLayer name="Layer 46">
          <frames>
            <DOMFrame index="0" motionTweenScale="false" keyMode="8192">
              <elements>
<DOMShape isFloating="true">
                                             <fills>
  <FillStyle index="1">
    <SolidColor color="#210000"/>
  </FillStyle>
</fills>
                                             <strokes/>
  <edges>
    <Edge fillStyle0="0" fillStyle1="0" strokeStyle="0" edges="!0 0! 0 0"/>
    <Edge fillStyle0="0" fillStyle1="1" strokeStyle="0" edges="!0 0! 6516 3419| 6523 4098| 4219 4083| 4099 3487| 4210 3520| 4300 3009| 4526 3245| 4818 2555| 5016 3028| 5292 2375| 5507 2820| 5769 2549| 6036 3173| 6273 2929| 6382 3469| 6516 3419"/>
  </edges>
</DOMShape>
                                   </elements>
            </DOMFrame>
          </frames>
        </DOMLayer>
        <DOMLayer name="Layer 47">
          <frames>
            <DOMFrame index="0" motionTweenScale="false" keyMode="8192">
              <elements>
<DOMShape isFloating="true">
                                             <fills>
  <FillStyle index="1">
    <SolidColor color="#3d0000"/>
  </FillStyle>
</fills>
                                             <strokes/>
  <edges>
    <Edge fillStyle0="0" fillStyle1="0" strokeStyle="0" edges="!0 0! 0 0"/>
    <Edge fillStyle0="1" fillStyle1="0" strokeStyle="0" edges="!0 0! 6195 3260| 6087 3400| 5921 3135| 5814 3307| 5642 3060| 5547 3187| 5500 2858| 4925 3241| 4702 2622| 4533 2973[ 4477 2934 4423 2872[ 4313 2749 4322 2636[ 4268 2634 4191 3363[ 4152 3727 4125 4092| 4204 4065| 4377 3242| 4560 3389| 4714 3131| 4925 3337| 5420 2997| 5493 3281| 5671 3205| 5825 3410| 5952 3334| 6055 3509| 6238 3424| 6364 3611| 6471 4047| 6590 4097| 6624 3951| 6488 3930| 6383 3364| 6195 3260"/>
  </edges>
</DOMShape>
                                   </elements>
            </DOMFrame>
          </frames>
        </DOMLayer>
        <DOMLayer name="Layer 48">
          <frames>
            <DOMFrame index="0" motionTweenScale="false" keyMode="8192">
              <elements>
<DOMShape isFloating="true">
                                             <fills>
  <FillStyle index="1">
    <SolidColor color="#3d0000"/>
  </FillStyle>
</fills>
                                             <strokes/>
  <edges>
    <Edge fillStyle0="0" fillStyle1="0" strokeStyle="0" edges="!0 0! 0 0"/>
    <Edge fillStyle0="0" fillStyle1="1" strokeStyle="0" edges="!0 0! 6605 3292| 6566 3974| 6480 3938| 6392 3421| 6605 3292"/>
  </edges>
</DOMShape>
                                   </elements>
            </DOMFrame>
          </frames>
        </DOMLayer>
        <DOMLayer name="Layer 49">
          <frames>
            <DOMFrame index="0" motionTweenScale="false" keyMode="8192">
              <elements>
<DOMShape isFloating="true">
                                             <fills>
  <FillStyle index="1">
    <SolidColor color="#3d0000"/>
  </FillStyle>
</fills>
                                             <strokes/>
  <edges>
    <Edge fillStyle0="0" fillStyle1="0" strokeStyle="0" edges="!0 0! 0 0"/>
    <Edge fillStyle0="1" fillStyle1="0" strokeStyle="0" edges="!0 0! 6313 2590[ 6230 2850 5916 3298| 6125 3450| 6420 3433[ 6361 2603 6313 2590"/>
  </edges>
</DOMShape>
                                   </elements>
            </DOMFrame>
          </frames>
        </DOMLayer>
        <DOMLayer name="Layer 50">
          <frames>
            <DOMFrame index="0" motionTweenScale="false" keyMode="8192">
              <elements>
<DOMShape isFloating="true">
                                             <fills>
  <FillStyle index="1">
    <SolidColor color="#3d0000"/>
  </FillStyle>
</fills>
                                             <strokes/>
  <edges>
    <Edge fillStyle0="0" fillStyle1="0" strokeStyle="0" edges="!0 0! 0 0"/>
    <Edge fillStyle0="0" fillStyle1="1" strokeStyle="0" edges="!0 0! 4899 2192[ 4846 2338 5055 2709[ 5159 2895 5274 3051| 4943 3243| 4714 3116| 4607 3293| 4492 3207[ 4560 2982 4644 2742[ 4813 2263 4899 2192"/>
  </edges>
</DOMShape>
                                   </elements>
            </DOMFrame>
          </frames>
        </DOMLayer>
        <DOMLayer name="Layer 51">
          <frames>
            <DOMFrame index="0" motionTweenScale="false" keyMode="8192">
              <elements>
<DOMShape isFloating="true">
                                             <fills>
  <FillStyle index="1">
    <SolidColor color="#3d0000"/>
  </FillStyle>
</fills>
                                             <strokes/>
  <edges>
    <Edge fillStyle0="0" fillStyle1="0" strokeStyle="0" edges="!0 0! 0 0"/>
    <Edge fillStyle0="0" fillStyle1="1" strokeStyle="0" edges="!0 0! 5471 3236| 4994 2900| 5293 2017| 5650 3140| 5471 3236"/>
  </edges>
</DOMShape>
                                   </elements>
            </DOMFrame>
          </frames>
        </DOMLayer>
        <DOMLayer name="Layer 52">
          <frames>
            <DOMFrame index="0" motionTweenScale="false" keyMode="8192">
              <elements>
<DOMShape isFloating="true">
                                             <fills>
  <FillStyle index="1">
    <SolidColor color="#3d0000"/>
  </FillStyle>
</fills>
                                             <strokes/>
  <edges>
    <Edge fillStyle0="0" fillStyle1="0" strokeStyle="0" edges="!0 0! 0 0"/>
    <Edge fillStyle0="0" fillStyle1="1" strokeStyle="0" edges="!0 0! 5965 2723[ 6042 2993 6104 3259| 5798 3353| 5402 2905[ 5494 2775 5582 2617[ 5760 2301 5741 2161[ 5812 2182 5965 2723"/>
  </edges>
</DOMShape>
                                   </elements>
            </DOMFrame>
          </frames>
        </DOMLayer>
        <DOMLayer name="Layer 53">
          <frames>
            <DOMFrame index="0" motionTweenScale="false" keyMode="8192">
              <elements>
<DOMShape isFloating="true">
                                             <fills>
  <FillStyle index="1">
    <SolidColor color="#3d0000"/>
  </FillStyle>
</fills>
                                             <strokes/>
  <edges>
    <Edge fillStyle0="0" fillStyle1="0" strokeStyle="0" edges="!0 0! 0 0"/>
    <Edge fillStyle0="0" fillStyle1="1" strokeStyle="0" edges="!0 0! 4248 3479| 4162 4015| 4033 3371| 4248 3479"/>
  </edges>
</DOMShape>
                                   </elements>
            </DOMFrame>
          </frames>
        </DOMLayer>
        <DOMLayer name="Layer 54">
          <frames>
            <DOMFrame index="0" motionTweenScale="false" keyMode="8192">
              <elements>
<DOMShape isFloating="true">
                                             <fills>
  <FillStyle index="1">
    <SolidColor color="#7f0000"/>
  </FillStyle>
</fills>
                                             <strokes/>
  <edges>
    <Edge fillStyle0="0" fillStyle1="0" strokeStyle="0" edges="!0 0! 0 0"/>
    <Edge fillStyle0="0" fillStyle1="1" strokeStyle="0" edges="!0 0! 6444 2705[ 6476 2933 6494 3156[ 6832 3038 6798 3065[ 6722 3123 6671 3644[ 6646 3905 6635 4154| 4069 4133| 3903 3087| 4117 3209| 4295 2313| 4447 2596| 4887 1863| 5062 2035| 5324 1669| 5523 2018| 5742 1808| 6109 2563| 6190 2398[ 6279 2232 6315 2224[ 6381 2248 6444 2705"/>
  </edges>
</DOMShape>
                                   </elements>
            </DOMFrame>
          </frames>
        </DOMLayer>
        <DOMLayer name="Layer 55">
          <frames>
            <DOMFrame index="0" motionTweenScale="false" keyMode="8192">
              <elements>
<DOMShape isFloating="true">
                                             <fills>
  <FillStyle index="1">
    <SolidColor color="#000000"/>
  </FillStyle>
</fills>
                                             <strokes/>
  <edges>
    <Edge fillStyle0="0" fillStyle1="0" strokeStyle="0" edges="!0 0! 0 0"/>
    <Edge fillStyle0="0" fillStyle1="1" strokeStyle="0" edges="!0 0! 5549 5197[ 5565 5179 5574 5157| 5581 5137| 5630 5158| 5619 5179| 5582 5225[ 5512 5291 5408 5288[ 5304 5285 5243 5215[ 5224 5194 5212 5168| 5204 5147| 5254 5134| 5259 5152[ 5267 5174 5281 5193[ 5325 5251 5413 5254[ 5500 5257 5549 5197"/>
  </edges>
</DOMShape>
                                   </elements>
            </DOMFrame>
          </frames>
        </DOMLayer>
        <DOMLayer name="Layer 56">
          <frames>
            <DOMFrame index="0" motionTweenScale="false" keyMode="8192">
              <elements>
<DOMShape isFloating="true">
                                             <fills>
  <FillStyle index="1">
    <SolidColor color="#000000"/>
  </FillStyle>
</fills>
                                             <strokes/>
  <edges>
    <Edge fillStyle0="0" fillStyle1="0" strokeStyle="0" edges="!0 0! 0 0"/>
    <Edge fillStyle0="0" fillStyle1="1" strokeStyle="0" edges="!0 0! 5152 5100| 5175 5112| 5135 5356[ 5100 5607 5126 5637[ 5176 5695 5439 5711[ 5644 5722 5687 5647[ 5706 5613 5633 5136| 5656 5120[ 5750 5640 5743 5679[ 5736 5713 5660 5738[ 5570 5768 5439 5761[ 5098 5743 5067 5669[ 5050 5630 5099 5361| 5152 5100"/>
  </edges>
</DOMShape>
                                   </elements>
            </DOMFrame>
          </frames>
        </DOMLayer>
        <DOMLayer name="Layer 57">
          <frames>
            <DOMFrame index="0" motionTweenScale="false" keyMode="8192">
              <elements>
<DOMShape isFloating="true">
                                             <fills>
  <FillStyle index="1">
    <SolidColor color="#f4a057"/>
  </FillStyle>
</fills>
                                             <strokes/>
  <edges>
    <Edge fillStyle0="0" fillStyle1="0" strokeStyle="0" edges="!0 0! 0 0"/>
    <Edge fillStyle0="0" fillStyle1="1" strokeStyle="0" edges="!0 0! 5233 5131| 5593 5155| 5586 5173| 5560 5214[ 5511 5274 5422 5278[ 5333 5282 5274 5207| 5242 5155| 5233 5131"/>
  </edges>
</DOMShape>
                                   </elements>
            </DOMFrame>
          </frames>
        </DOMLayer>
        <DOMLayer name="Layer 58">
          <frames>
            <DOMFrame index="0" motionTweenScale="false" keyMode="8192">
              <elements>
<DOMShape isFloating="true">
                                             <fills>
  <FillStyle index="1">
    <SolidColor color="#7f0000"/>
  </FillStyle>
</fills>
                                             <strokes/>
  <edges>
    <Edge fillStyle0="0" fillStyle1="0" strokeStyle="0" edges="!0 0! 0 0"/>
    <Edge fillStyle0="0" fillStyle1="1" strokeStyle="0" edges="!0 0! 5402 5437[ 5384 5464 5401 5495[ 5416 5525 5402 5543[ 5388 5561 5361 5551[ 5343 5544 5343 5572[ 5343 5601 5380 5594[ 5430 5586 5453 5606[ 5500 5649 5483 5738| 5152 5712| 5081 5647| 5144 5153| 5233 5131| 5555 5217| 5402 5437"/>
  </edges>
</DOMShape>
                                   </elements>
            </DOMFrame>
          </frames>
        </DOMLayer>
        <DOMLayer name="Layer 59">
          <frames>
            <DOMFrame index="0" motionTweenScale="false" keyMode="8192">
              <elements>
<DOMShape isFloating="true">
                                             <fills>
  <FillStyle index="1">
    <SolidColor color="#bf0000"/>
  </FillStyle>
</fills>
                                             <strokes/>
  <edges>
    <Edge fillStyle0="0" fillStyle1="0" strokeStyle="0" edges="!5822 5711! 0 0"/>
    <Edge fillStyle0="0" fillStyle1="1" strokeStyle="0" edges="!0 0! 5154 5108| 5656 5129| 5711 5691| 5393 5745| 5081 5647| 5154 5108"/>
  </edges>
</DOMShape>
                                   </elements>
            </DOMFrame>
          </frames>
        </DOMLayer>
        <DOMLayer name="Layer 60">
          <frames>
            <DOMFrame index="0" motionTweenScale="false" keyMode="8192">
              <elements>
<DOMShape isFloating="true">
                                             <fills>
  <FillStyle index="1">
    <SolidColor color="#000000"/>
  </FillStyle>
</fills>
                                             <strokes/>
  <edges>
    <Edge fillStyle0="0" fillStyle1="0" strokeStyle="0" edges="!0 0! 0 0"/>
    <Edge fillStyle0="1" fillStyle1="0" strokeStyle="0" edges="!0 0! 5822 5711[ 5879 5757 5928 5743[ 5973 5731 6000 5684[ 6041 5614 6007 5497[ 5978 5399 5758 5217| 5529 5045| 5635 5217[ 5740 5409 5739 5515[ 5738 5647 5822 5711"/>
    <Edge fillStyle0="1" fillStyle1="0" strokeStyle="0" edges="!5822 5711! 5782 5515[ 5783 5400 5670 5227| 5558 5076| 5748 5239[ 5939 5419 5966 5508[ 5994 5610 5963 5664[ 5945 5695 5916 5701[ 5890 5710 5848 5677[ 5781 5625 5782 5515"/>
  </edges>
</DOMShape>
                                   </elements>
            </DOMFrame>
          </frames>
        </DOMLayer>
        <DOMLayer name="Layer 61">
          <frames>
            <DOMFrame index="0" motionTweenScale="false" keyMode="8192">
              <elements>
<DOMShape isFloating="true">
                                             <fills>
  <FillStyle index="1">
    <SolidColor color="#f4a057"/>
  </FillStyle>
</fills>
                                             <strokes/>
  <edges>
    <Edge fillStyle0="0" fillStyle1="0" strokeStyle="0" edges="!0 0! 0 0"/>
    <Edge fillStyle0="1" fillStyle1="0" strokeStyle="0" edges="!0 0! 5643 5168| 5737 5285[ 5837 5411 5860 5457[ 5879 5496 5867 5537[ 5853 5582 5864 5619[ 5888 5697 5964 5717| 6009 5534| 5916 5376| 5671 5154| 5640 5140| 5643 5168"/>
  </edges>
</DOMShape>
                                   </elements>
            </DOMFrame>
          </frames>
        </DOMLayer>
        <DOMLayer name="Layer 62">
          <frames>
            <DOMFrame index="0" motionTweenScale="false" keyMode="8192">
              <elements>
<DOMShape isFloating="true">
                                             <fills>
  <FillStyle index="1">
    <SolidColor color="#f5c4a0"/>
  </FillStyle>
</fills>
                                             <strokes/>
  <edges>
    <Edge fillStyle0="0" fillStyle1="0" strokeStyle="0" edges="!5590 6181! 0 0"/>
    <Edge fillStyle0="0" fillStyle1="1" strokeStyle="0" edges="!0 0! 5651 5216| 5540 5050| 5746 5219[ 5958 5408 5986 5503[ 6015 5604 5986 5667[ 5964 5711 5922 5723[ 5879 5735 5826 5687[ 5759 5627 5760 5515[ 5761 5403 5651 5216"/>
  </edges>
</DOMShape>
                                   </elements>
            </DOMFrame>
          </frames>
        </DOMLayer>
        <DOMLayer name="Layer 63">
          <frames>
            <DOMFrame index="0" motionTweenScale="false" keyMode="8192">
              <elements>
<DOMShape isFloating="true">
                                             <fills>
  <FillStyle index="1">
    <SolidColor color="#000000"/>
  </FillStyle>
</fills>
                                             <strokes/>
  <edges>
    <Edge fillStyle0="0" fillStyle1="0" strokeStyle="0" edges="!0 0! 0 0"/>
    <Edge fillStyle0="1" fillStyle1="0" strokeStyle="0" edges="!0 0! 5590 6181[ 5464 6180 5440 6162| 5440 6163| 5438 6161| 5440 6162[ 5431 6148 5428 6119[ 5425 6081 5440 6051[ 5469 5992 5569 5986[ 5674 5980 5718 6047[ 5738 6077 5741 6116[ 5745 6149 5736 6165[ 5717 6182 5590 6181"/>
    <Edge fillStyle0="1" fillStyle1="0" strokeStyle="0" edges="!5590 6181! 5749 6027[ 5693 5942 5567 5949[ 5446 5955 5406 6035[ 5387 6074 5391 6122[ 5394 6162 5408 6183[ 5424 6207 5520 6215[ 5591 6222 5657 6218[ 5755 6211 5770 6181[ 5782 6156 5778 6114[ 5774 6065 5749 6027"/>
  </edges>
</DOMShape>
                                   </elements>
            </DOMFrame>
          </frames>
        </DOMLayer>
        <DOMLayer name="Layer 64">
          <frames>
            <DOMFrame index="0" motionTweenScale="false" keyMode="8192">
              <elements>
<DOMShape isFloating="true">
                                             <fills>
  <FillStyle index="1">
    <SolidColor color="#301900"/>
  </FillStyle>
</fills>
                                             <strokes/>
  <edges>
    <Edge fillStyle0="0" fillStyle1="0" strokeStyle="0" edges="!0 0! 0 0"/>
    <Edge fillStyle0="0" fillStyle1="1" strokeStyle="0" edges="!0 0! 5755 6193| 5544 6215| 5427 6180| 5414 6063| 5460 6099[ 5516 6136 5569 6142[ 5654 6152 5748 6090| 5755 6193"/>
  </edges>
</DOMShape>
                                   </elements>
            </DOMFrame>
          </frames>
        </DOMLayer>
        <DOMLayer name="Layer 65">
          <frames>
            <DOMFrame index="0" motionTweenScale="false" keyMode="8192">
              <elements>
<DOMShape isFloating="true">
                                             <fills>
  <FillStyle index="1">
    <SolidColor color="#7a510a"/>
  </FillStyle>
</fills>
                                             <strokes/>
  <edges>
    <Edge fillStyle0="0" fillStyle1="0" strokeStyle="0" edges="!5705 5649! 0 0"/>
    <Edge fillStyle0="1" fillStyle1="0" strokeStyle="0" edges="!0 0! 5741 6051[ 5695 5961 5568 5967[ 5442 5974 5415 6063[ 5394 6130 5424 6173[ 5440 6198 5588 6200[ 5738 6202 5753 6173[ 5778 6122 5741 6051"/>
  </edges>
</DOMShape>
                                   </elements>
            </DOMFrame>
          </frames>
        </DOMLayer>
        <DOMLayer name="Layer 66">
          <frames>
            <DOMFrame index="0" motionTweenScale="false" keyMode="8192">
              <elements>
<DOMShape isFloating="true">
                                             <fills>
  <FillStyle index="1">
    <SolidColor color="#000000"/>
  </FillStyle>
</fills>
                                             <strokes/>
  <edges>
    <Edge fillStyle0="0" fillStyle1="0" strokeStyle="0" edges="!0 0! 0 0"/>
    <Edge fillStyle0="1" fillStyle1="0" strokeStyle="0" edges="!0 0! 5705 5649| 5089 5630| 5085 5645| 5067 5726[ 5055 5784 5056 5822[ 5056 5859 5200 5857[ 5343 5855 5374 5947| 5380 5968[ 5383 6018 5395 6038[ 5411 6065 5560 6064[ 5745 6063 5763 6034[ 5780 6008 5709 5664| 5705 5649"/>
    <Edge fillStyle0="1" fillStyle1="0" strokeStyle="0" edges="!5705 5649! 5368 5807| 5215 5817[ 5088 5812 5105 5798[ 5081 5779 5096 5758[ 5111 5737 5120 5671| 5672 5688[ 5729 5962 5728 6011| 5581 6023| 5427 6013| 5429 6016| 5426 6013| 5427 6013[ 5416 5987 5422 5869| 5422 5868| 5395 5837[ 5369 5809 5364 5812| 5368 5807"/>
  </edges>
</DOMShape>
                                   </elements>
            </DOMFrame>
          </frames>
        </DOMLayer>
        <DOMLayer name="Layer 67">
          <frames>
            <DOMFrame index="0" motionTweenScale="false" keyMode="8192">
              <elements>
<DOMShape isFloating="true">
                                             <fills>
  <FillStyle index="1">
    <SolidColor color="#d8e4e9"/>
  </FillStyle>
</fills>
                                             <strokes/>
  <edges>
    <Edge fillStyle0="0" fillStyle1="0" strokeStyle="0" edges="!0 0! 0 0"/>
    <Edge fillStyle0="0" fillStyle1="1" strokeStyle="0" edges="!0 0! 5323 5823| 5394 5780| 5444 5829| 5445 5880| 5465 5966| 5451 6025| 5409 6028| 5376 5844| 5323 5823"/>
  </edges>
</DOMShape>
                                   </elements>
            </DOMFrame>
          </frames>
        </DOMLayer>
        <DOMLayer name="Layer 68">
          <frames>
            <DOMFrame index="0" motionTweenScale="false" keyMode="8192">
              <elements>
<DOMShape isFloating="true">
                                             <fills>
  <FillStyle index="1">
    <SolidColor color="#d8e4e9"/>
  </FillStyle>
</fills>
                                             <strokes/>
  <edges>
    <Edge fillStyle0="0" fillStyle1="0" strokeStyle="0" edges="!0 0! 0 0"/>
    <Edge fillStyle0="0" fillStyle1="1" strokeStyle="0" edges="!0 0! 5693 5731| 5657 5716[ 5678 5731 5654 5759[ 5638 5777 5604 5764| 5572 5748[ 5579 5809 5554 5805[ 5545 5803 5533 5775[ 5520 5750 5495 5752[ 5470 5754 5467 5766[ 5463 5780 5445 5784[ 5421 5788 5410 5775| 5403 5762| 5374 5787| 5395 5812| 5353 5772| 5095 5768[ 5070 5734 5074 5698[ 5075 5683 5096 5684[ 5108 5684 5113 5675| 5081 5674[ 5116 5603 5116 5656| 5113 5675| 5671 5682| 5693 5731"/>
  </edges>
</DOMShape>
                                   </elements>
            </DOMFrame>
          </frames>
        </DOMLayer>
        <DOMLayer name="Layer 69">
          <frames>
            <DOMFrame index="0" motionTweenScale="false" keyMode="8192">
              <elements>
<DOMShape isFloating="true">
                                             <fills>
  <FillStyle index="1">
    <SolidColor color="#ffffff"/>
  </FillStyle>
</fills>
                                             <strokes/>
  <edges>
    <Edge fillStyle0="0" fillStyle1="0" strokeStyle="0" edges="!5321 5926! 0 0"/>
    <Edge fillStyle0="1" fillStyle1="0" strokeStyle="0" edges="!0 0! 5689 5669| 5105 5650[ 5010 5778 5051 5803[ 5073 5816 5128 5824| 5229 5837[ 5362 5854 5388 5907[ 5398 5927 5402 5867| 5401 5937[ 5401 6010 5412 6027[ 5425 6046 5581 6043[ 5736 6040 5746 6024[ 5759 6003 5689 5669"/>
  </edges>
</DOMShape>
                                   </elements>
            </DOMFrame>
          </frames>
        </DOMLayer>
        <DOMLayer name="Layer 70">
          <frames>
            <DOMFrame index="0" motionTweenScale="false" keyMode="8192">
              <elements>
<DOMShape isFloating="true">
                                             <fills>
  <FillStyle index="1">
    <SolidColor color="#000000"/>
  </FillStyle>
</fills>
                                             <strokes/>
  <edges>
    <Edge fillStyle0="0" fillStyle1="0" strokeStyle="0" edges="!0 0! 0 0"/>
    <Edge fillStyle0="1" fillStyle1="0" strokeStyle="0" edges="!0 0! 5321 5926[ 5308 5939 5213 5938[ 5120 5937 5101 5924[ 5094 5914 5092 5892[ 5090 5863 5101 5842[ 5123 5797 5197 5793[ 5275 5790 5308 5839[ 5322 5861 5325 5889[ 5327 5913 5321 5926"/>
    <Edge fillStyle0="1" fillStyle1="0" strokeStyle="0" edges="!5321 5926! 5352 5888[ 5349 5852 5330 5823[ 5289 5760 5196 5766[ 5106 5770 5077 5829[ 5062 5858 5065 5894[ 5067 5924 5078 5939[ 5090 5957 5161 5964| 5262 5965[ 5334 5960 5346 5939[ 5355 5920 5352 5888"/>
  </edges>
</DOMShape>
                                   </elements>
            </DOMFrame>
          </frames>
        </DOMLayer>
        <DOMLayer name="Layer 71">
          <frames>
            <DOMFrame index="0" motionTweenScale="false" keyMode="8192">
              <elements>
<DOMShape isFloating="true">
                                             <fills>
  <FillStyle index="1">
    <SolidColor color="#301900"/>
  </FillStyle>
</fills>
                                             <strokes/>
  <edges>
    <Edge fillStyle0="0" fillStyle1="0" strokeStyle="0" edges="!0 0! 0 0"/>
    <Edge fillStyle0="0" fillStyle1="1" strokeStyle="0" edges="!0 0! 5082 5850[ 5134 5902 5197 5909[ 5260 5916 5330 5870| 5335 5947| 5179 5964| 5092 5937| 5082 5850"/>
  </edges>
</DOMShape>
                                   </elements>
            </DOMFrame>
          </frames>
        </DOMLayer>
        <DOMLayer name="Layer 72">
          <frames>
            <DOMFrame index="0" motionTweenScale="false" keyMode="8192">
              <elements>
                                        <DOMShape isFloating="true">
                                             <fills>
  <FillStyle index="1">
    <SolidColor color="#7a510a"/>
  </FillStyle>
</fills>
                                             <strokes/>
  <edges>
    <Edge fillStyle0="1" edges="!0 0! 5090 5932[ 5102 5950 5212 5952[ 5323 5954 5334 5932[ 5353 5894 5325 5841[ 5291 5774 5196 5780[ 5104 5784 5083 5850[ 5068 5900 5090 5932"/>
  </edges>
</DOMShape>
                                   </elements>
            </DOMFrame>
          </frames>
        </DOMLayer>
      </layers>
    </DOMTimeline>
  </timeline>
</DOMSymbolItem>
