<DOMSymbolItem xmlns="http://ns.adobe.com/xfl/2008/" xmlns:xsi="http://www.w3.org/2001/XMLSchema-instance" name="Symbol 39" lastModified="1635072455" symbolType="graphic">
  <timeline>
    <DOMTimeline name="Symbol 39" currentFrame="0">
      <layers>
        <DOMLayer name="Layer 1">
          <frames>
            <DOMFrame index="0" motionTweenScale="false" keyMode="8192">
              <elements>
<DOMShape isFloating="true">
                                             <fills>
  <FillStyle index="1">
    <SolidColor color="#000000"/>
  </FillStyle>
</fills>
                                             <strokes/>
  <edges>
    <Edge fillStyle0="0" fillStyle1="0" strokeStyle="0" edges="!0 0! 0 0"/>
    <Edge fillStyle0="1" fillStyle1="0" strokeStyle="0" edges="!0 0! 1139 4431[ 1169 4372 1268 4366[ 1372 4361 1416 4427[ 1435 4457 1439 4495[ 1442 4527 1435 4543[ 1418 4561 1290 4560[ 1161 4559 1138 4541| 1139 4542[ 1130 4528 1128 4498[ 1125 4460 1139 4431"/>
    <Edge fillStyle0="1" fillStyle1="0" strokeStyle="0" edges="!1139 4431! 1109 4563[ 1124 4586 1220 4594[ 1291 4600 1355 4596[ 1452 4590 1468 4560[ 1480 4536 1476 4493[ 1471 4445 1446 4406[ 1392 4322 1266 4330[ 1146 4336 1107 4415[ 1087 4454 1091 4502[ 1095 4541 1109 4563"/>
  </edges>
</DOMShape>
                                   </elements>
            </DOMFrame>
          </frames>
        </DOMLayer>
        <DOMLayer name="Layer 2">
          <frames>
            <DOMFrame index="0" motionTweenScale="false" keyMode="8192">
              <elements>
<DOMShape isFloating="true">
                                             <fills>
  <FillStyle index="1">
    <SolidColor color="#301900"/>
  </FillStyle>
</fills>
                                             <strokes/>
  <edges>
    <Edge fillStyle0="0" fillStyle1="0" strokeStyle="0" edges="!0 0! 0 0"/>
    <Edge fillStyle0="0" fillStyle1="1" strokeStyle="0" edges="!0 0! 1114 4443| 1160 4479[ 1215 4516 1268 4522[ 1352 4531 1446 4469| 1453 4572| 1244 4594| 1127 4559| 1114 4443"/>
  </edges>
</DOMShape>
                                   </elements>
            </DOMFrame>
          </frames>
        </DOMLayer>
        <DOMLayer name="Layer 3">
          <frames>
            <DOMFrame index="0" motionTweenScale="false" keyMode="8192">
              <elements>
<DOMShape isFloating="true">
                                             <fills>
  <FillStyle index="1">
    <SolidColor color="#7a510a"/>
  </FillStyle>
</fills>
                                             <strokes/>
  <edges>
    <Edge fillStyle0="0" fillStyle1="0" strokeStyle="0" edges="!1848 4546! 0 0"/>
    <Edge fillStyle0="1" fillStyle1="0" strokeStyle="0" edges="!0 0! 1124 4552[ 1141 4577 1287 4579[ 1436 4582 1451 4552[ 1476 4502 1439 4431[ 1393 4342 1267 4348[ 1142 4355 1115 4443[ 1095 4509 1124 4552"/>
  </edges>
</DOMShape>
                                   </elements>
            </DOMFrame>
          </frames>
        </DOMLayer>
        <DOMLayer name="Layer 4">
          <frames>
            <DOMFrame index="0" motionTweenScale="false" keyMode="8192">
              <elements>
<DOMShape isFloating="true">
                                             <fills>
  <FillStyle index="1">
    <SolidColor color="#000000"/>
  </FillStyle>
</fills>
                                             <strokes/>
  <edges>
    <Edge fillStyle0="0" fillStyle1="0" strokeStyle="0" edges="!0 0! 0 0"/>
    <Edge fillStyle0="1" fillStyle1="0" strokeStyle="0" edges="!0 0! 1848 4546[ 1828 4563 1700 4563[ 1569 4561 1545 4542| 1546 4544[ 1537 4529 1535 4499[ 1532 4460 1546 4431[ 1576 4370 1678 4364[ 1785 4358 1829 4426[ 1849 4457 1853 4496[ 1857 4530 1848 4546"/>
    <Edge fillStyle0="1" fillStyle1="0" strokeStyle="0" edges="!1848 4546! 1860 4406[ 1805 4320 1676 4327[ 1553 4332 1513 4414[ 1493 4453 1497 4503[ 1501 4543 1515 4565[ 1531 4589 1629 4597[ 1701 4604 1767 4599[ 1867 4593 1881 4563[ 1894 4537 1891 4494[ 1886 4445 1860 4406"/>
  </edges>
</DOMShape>
                                   </elements>
            </DOMFrame>
          </frames>
        </DOMLayer>
        <DOMLayer name="Layer 5">
          <frames>
            <DOMFrame index="0" motionTweenScale="false" keyMode="8192">
              <elements>
<DOMShape isFloating="true">
                                             <fills>
  <FillStyle index="1">
    <SolidColor color="#301900"/>
  </FillStyle>
</fills>
                                             <strokes/>
  <edges>
    <Edge fillStyle0="0" fillStyle1="0" strokeStyle="0" edges="!0 0! 0 0"/>
    <Edge fillStyle0="0" fillStyle1="1" strokeStyle="0" edges="!0 0! 1867 4575| 1653 4597| 1534 4561| 1521 4443| 1566 4479[ 1624 4517 1677 4523[ 1764 4532 1860 4469| 1867 4575"/>
  </edges>
</DOMShape>
                                   </elements>
            </DOMFrame>
          </frames>
        </DOMLayer>
        <DOMLayer name="Layer 6">
          <frames>
            <DOMFrame index="0" motionTweenScale="false" keyMode="8192">
              <elements>
<DOMShape isFloating="true">
                                             <fills>
  <FillStyle index="1">
    <SolidColor color="#7a510a"/>
  </FillStyle>
</fills>
                                             <strokes/>
  <edges>
    <Edge fillStyle0="0" fillStyle1="0" strokeStyle="0" edges="!0 0! 0 0"/>
    <Edge fillStyle0="1" fillStyle1="0" strokeStyle="0" edges="!0 0! 1853 4431[ 1806 4339 1677 4345[ 1549 4352 1521 4442[ 1501 4510 1530 4554[ 1547 4580 1698 4582[ 1850 4584 1865 4554[ 1891 4503 1853 4431"/>
  </edges>
</DOMShape>
                                   </elements>
            </DOMFrame>
          </frames>
        </DOMLayer>
        <DOMLayer name="Layer 7">
          <frames>
            <DOMFrame index="0" motionTweenScale="false" keyMode="8192">
              <elements>
<DOMShape isFloating="true">
                                             <fills>
  <FillStyle index="1">
    <SolidColor color="#000000"/>
  </FillStyle>
</fills>
                                             <strokes/>
  <edges>
    <Edge fillStyle0="0" fillStyle1="0" strokeStyle="0" edges="!0 0! 0 0"/>
    <Edge fillStyle0="0" fillStyle1="1" strokeStyle="0" edges="!0 0! 1642 3603[ 1658 3585 1667 3563| 1674 3543| 1723 3564| 1712 3585| 1675 3631[ 1605 3697 1501 3694[ 1397 3691 1336 3621[ 1317 3600 1305 3574| 1297 3553| 1347 3540| 1352 3558[ 1360 3580 1374 3599[ 1418 3657 1506 3660[ 1593 3663 1642 3603"/>
  </edges>
</DOMShape>
                                   </elements>
            </DOMFrame>
          </frames>
        </DOMLayer>
        <DOMLayer name="Layer 8">
          <frames>
            <DOMFrame index="0" motionTweenScale="false" keyMode="8192">
              <elements>
<DOMShape isFloating="true">
                                             <fills>
  <FillStyle index="1">
    <SolidColor color="#000000"/>
  </FillStyle>
</fills>
                                             <strokes/>
  <edges>
    <Edge fillStyle0="0" fillStyle1="0" strokeStyle="0" edges="!0 0! 0 0"/>
    <Edge fillStyle0="0" fillStyle1="1" strokeStyle="0" edges="!0 0! 1245 3506| 1268 3518| 1228 3762[ 1193 4013 1219 4043[ 1269 4101 1532 4117[ 1737 4128 1780 4053[ 1799 4019 1726 3542| 1749 3526[ 1843 4046 1836 4085[ 1829 4119 1753 4144[ 1663 4174 1532 4167[ 1191 4149 1160 4075[ 1143 4036 1192 3767| 1245 3506"/>
  </edges>
</DOMShape>
                                   </elements>
            </DOMFrame>
          </frames>
        </DOMLayer>
        <DOMLayer name="Layer 9">
          <frames>
            <DOMFrame index="0" motionTweenScale="false" keyMode="8192">
              <elements>
<DOMShape isFloating="true">
                                             <fills>
  <FillStyle index="1">
    <SolidColor color="#f4a057"/>
  </FillStyle>
</fills>
                                             <strokes/>
  <edges>
    <Edge fillStyle0="0" fillStyle1="0" strokeStyle="0" edges="!0 0! 0 0"/>
    <Edge fillStyle0="0" fillStyle1="1" strokeStyle="0" edges="!0 0! 1326 3537| 1686 3561| 1679 3579| 1653 3620[ 1604 3680 1515 3684[ 1426 3688 1367 3613| 1335 3561| 1326 3537"/>
  </edges>
</DOMShape>
                                   </elements>
            </DOMFrame>
          </frames>
        </DOMLayer>
        <DOMLayer name="Layer 10">
          <frames>
            <DOMFrame index="0" motionTweenScale="false" keyMode="8192">
              <elements>
<DOMShape isFloating="true">
                                             <fills>
  <FillStyle index="1">
    <SolidColor color="#7f0000"/>
  </FillStyle>
</fills>
                                             <strokes/>
  <edges>
    <Edge fillStyle0="0" fillStyle1="0" strokeStyle="0" edges="!0 0! 0 0"/>
    <Edge fillStyle0="0" fillStyle1="1" strokeStyle="0" edges="!0 0! 1495 3843[ 1477 3870 1494 3901[ 1509 3931 1495 3949[ 1481 3967 1454 3957[ 1436 3950 1436 3978[ 1436 4007 1473 4000[ 1523 3992 1546 4012[ 1593 4055 1576 4144| 1245 4118| 1174 4053| 1237 3559| 1326 3537| 1648 3623| 1495 3843"/>
  </edges>
</DOMShape>
                                   </elements>
            </DOMFrame>
          </frames>
        </DOMLayer>
        <DOMLayer name="Layer 11">
          <frames>
            <DOMFrame index="0" motionTweenScale="false" keyMode="8192">
              <elements>
<DOMShape isFloating="true">
                                             <fills>
  <FillStyle index="1">
    <SolidColor color="#bf0000"/>
  </FillStyle>
</fills>
                                             <strokes/>
  <edges>
    <Edge fillStyle0="0" fillStyle1="0" strokeStyle="0" edges="!1186 4017! 0 0"/>
    <Edge fillStyle0="0" fillStyle1="1" strokeStyle="0" edges="!0 0! 1247 3514| 1749 3535| 1804 4097| 1486 4151| 1174 4053| 1247 3514"/>
  </edges>
</DOMShape>
                                   </elements>
            </DOMFrame>
          </frames>
        </DOMLayer>
        <DOMLayer name="Layer 12">
          <frames>
            <DOMFrame index="0" motionTweenScale="false" keyMode="8192">
              <elements>
<DOMShape isFloating="true">
                                             <fills>
  <FillStyle index="1">
    <SolidColor color="#000000"/>
  </FillStyle>
</fills>
                                             <strokes/>
  <edges>
    <Edge fillStyle0="0" fillStyle1="0" strokeStyle="0" edges="!0 0! 0 0"/>
    <Edge fillStyle0="1" fillStyle1="0" strokeStyle="0" edges="!0 0! 1186 4017[ 1102 4343 1126 4392[ 1150 4440 1367 4438[ 1485 4435 1499 4412| 1501 4416[ 1518 4444 1669 4443[ 1857 4443 1875 4413[ 1891 4382 1819 4037| 1816 4022| 1190 4002| 1186 4017"/>
    <Edge fillStyle0="1" fillStyle1="0" strokeStyle="0" edges="!1186 4017! 1783 4062[ 1840 4339 1839 4389| 1689 4402| 1534 4392| 1535 4394| 1533 4391| 1534 4392[ 1523 4366 1529 4244| 1488 4240| 1463 4390| 1310 4397[ 1182 4392 1162 4374[ 1146 4334 1223 4043| 1783 4062"/>
  </edges>
</DOMShape>
                                   </elements>
            </DOMFrame>
          </frames>
        </DOMLayer>
        <DOMLayer name="Layer 13">
          <frames>
            <DOMFrame index="0" motionTweenScale="false" keyMode="8192">
              <elements>
<DOMShape isFloating="true">
                                             <fills>
  <FillStyle index="1">
    <SolidColor color="#d8e4e9"/>
  </FillStyle>
</fills>
                                             <strokes/>
  <edges>
    <Edge fillStyle0="0" fillStyle1="0" strokeStyle="0" edges="!0 0! 0 0"/>
    <Edge fillStyle0="0" fillStyle1="1" strokeStyle="0" edges="!0 0! 1196 4107| 1796 4115| 1817 4165| 1781 4150| 1789 4161[ 1794 4176 1778 4193[ 1753 4222 1695 4183[ 1703 4244 1677 4240[ 1668 4238 1655 4210[ 1643 4184 1617 4186[ 1592 4188 1588 4201[ 1584 4215 1566 4219[ 1541 4223 1530 4210| 1523 4197| 1494 4222| 1516 4248| 1465 4413| 1203 4409[ 1178 4373 1182 4337[ 1183 4322 1204 4322[ 1225 4323 1225 4294[ 1225 4260 1211 4180| 1196 4107"/>
  </edges>
</DOMShape>
                                   </elements>
            </DOMFrame>
          </frames>
        </DOMLayer>
        <DOMLayer name="Layer 14">
          <frames>
            <DOMFrame index="0" motionTweenScale="false" keyMode="8192">
              <elements>
                                        <DOMShape isFloating="true">
                                             <fills>
  <FillStyle index="1">
    <SolidColor color="#ffffff"/>
  </FillStyle>
</fills>
                                             <strokes/>
  <edges>
    <Edge fillStyle0="1" edges="!0 0! 1167 4186[ 1131 4356 1144 4383[ 1159 4414 1316 4417[ 1471 4421 1480 4402| 1509 4243| 1507 4314[ 1507 4388 1518 4406[ 1531 4426 1689 4422[ 1847 4419 1857 4402[ 1870 4381 1800 4041| 1206 4022| 1167 4186"/>
  </edges>
</DOMShape>
                                   </elements>
            </DOMFrame>
          </frames>
        </DOMLayer>
      </layers>
    </DOMTimeline>
  </timeline>
</DOMSymbolItem>
