<DOMSymbolItem xmlns="http://ns.adobe.com/xfl/2008/" xmlns:xsi="http://www.w3.org/2001/XMLSchema-instance" name="Symbol 202" lastModified="1635072455" symbolType="graphic">
  <timeline>
    <DOMTimeline name="Symbol 202" currentFrame="0">
      <layers>
        <DOMLayer name="Layer 1">
          <frames>
            <DOMFrame index="0" motionTweenScale="false" keyMode="8192">
              <elements>
                                        <DOMShape isFloating="true">
                                             <fills>
  <FillStyle index="1">
    <SolidColor color="#7f0000"/>
  </FillStyle>
</fills>
                                             <strokes/>
  <edges>
    <Edge fillStyle1="1" edges="!0 0! 2478 540[ 2362 531 2189 544[ 1842 569 1554 677[ 629 1022 629 2061[ 629 3100 1554 3452[ 1843 3562 2189 3591[ 2362 3605 2478 3597| 2478 4090[ 2323 4104 2091 4089[ 1626 4060 1239 3919[ 697 3721 387 3326[ 0 2832 0 2058[ 0 1284 387 787[ 697 389 1239 187[ 1626 42 2091 9[ 2323 -7 2478 5| 2478 540"/>
  </edges>
</DOMShape>
                                   </elements>
            </DOMFrame>
          </frames>
        </DOMLayer>
      </layers>
    </DOMTimeline>
  </timeline>
</DOMSymbolItem>
