<DOMSymbolItem xmlns="http://ns.adobe.com/xfl/2008/" xmlns:xsi="http://www.w3.org/2001/XMLSchema-instance" name="Symbol 241" lastModified="1635072455" symbolType="graphic">
  <timeline>
    <DOMTimeline name="Symbol 241" currentFrame="0">
      <layers>
        <DOMLayer name="Layer 1">
          <frames>
            <DOMFrame index="0" motionTweenScale="false" keyMode="8192">
              <elements>
<DOMShape isFloating="true">
                                             <fills>
  <FillStyle index="1">
    <SolidColor color="#fd0202" alpha="0.5019608"/>
  </FillStyle>
</fills>
                                             <strokes/>
  <edges>
    <Edge fillStyle0="0" fillStyle1="0" strokeStyle="0" edges="!0 0! 0 0"/>
    <Edge fillStyle0="0" fillStyle1="1" strokeStyle="0" edges="!0 0! 1551 977[ 1513 1003 1455 1028[ 1398 1054 1354 1065| 1305 1067[ 1301 1057 1339 1031[ 1377 1007 1434 981[ 1492 956 1536 943| 1584 942[ 1589 952 1551 977"/>
  </edges>
</DOMShape>
                                   </elements>
            </DOMFrame>
          </frames>
        </DOMLayer>
        <DOMLayer name="Layer 2">
          <frames>
            <DOMFrame index="0" motionTweenScale="false" keyMode="8192">
              <elements>
<DOMShape isFloating="true">
                                             <fills>
  <FillStyle index="1">
    <SolidColor color="#fd0202" alpha="0.5019608"/>
  </FillStyle>
</fills>
                                             <strokes/>
  <edges>
    <Edge fillStyle0="0" fillStyle1="0" strokeStyle="0" edges="!846 1651! 0 0"/>
    <Edge fillStyle0="0" fillStyle1="1" strokeStyle="0" edges="!0 0! 496 1332[ 458 1358 400 1383[ 343 1409 299 1420| 250 1422[ 246 1412 284 1386[ 322 1362 379 1336| 481 1298| 529 1297[ 534 1307 496 1332"/>
  </edges>
</DOMShape>
                                   </elements>
            </DOMFrame>
          </frames>
        </DOMLayer>
        <DOMLayer name="Layer 3">
          <frames>
            <DOMFrame index="0" motionTweenScale="false" keyMode="8192">
              <elements>
<DOMShape isFloating="true">
                                             <fills>
  <FillStyle index="1">
    <SolidColor color="#000000" alpha="1.0"/>
  </FillStyle>
</fills>
                                             <strokes/>
  <edges>
    <Edge fillStyle0="0" fillStyle1="0" strokeStyle="0" edges="!0 0! 0 0"/>
    <Edge fillStyle0="1" fillStyle1="0" strokeStyle="0" edges="!0 0! 846 1651[ 757 1624 740 1607[ 695 1565 695 1549[ 696 1535 703 1528| 731 1525[ 763 1530 782 1567[ 813 1628 932 1675| 846 1651"/>
    <Edge fillStyle0="1" fillStyle1="0" strokeStyle="0" edges="!846 1651! 885 1636[ 812 1593 796 1559[ 773 1516 735 1508[ 707 1504 693 1516[ 680 1527 679 1548[ 720 1674 947 1682| 885 1636"/>
  </edges>
</DOMShape>
                                   </elements>
            </DOMFrame>
          </frames>
        </DOMLayer>
        <DOMLayer name="Layer 4">
          <frames>
            <DOMFrame index="0" motionTweenScale="false" keyMode="8192">
              <elements>
<DOMShape isFloating="true">
                                             <fills>
  <FillStyle index="1">
    <SolidColor color="#f4a057" alpha="1.0"/>
  </FillStyle>
</fills>
                                             <strokes/>
  <edges>
    <Edge fillStyle0="0" fillStyle1="0" strokeStyle="0" edges="!0 0! 0 0"/>
    <Edge fillStyle0="1" fillStyle1="0" strokeStyle="0" edges="!0 0! 887 1659| 836 1636[ 781 1611 765 1600[ 752 1590 749 1575[ 746 1557 735 1547[ 714 1525 685 1531| 709 1586| 759 1628| 881 1669| 894 1668| 887 1659"/>
  </edges>
</DOMShape>
                                   </elements>
            </DOMFrame>
          </frames>
        </DOMLayer>
        <DOMLayer name="Layer 5">
          <frames>
            <DOMFrame index="0" motionTweenScale="false" keyMode="8192">
              <elements>
<DOMShape isFloating="true">
                                             <fills>
  <FillStyle index="1">
    <SolidColor color="#f5c4a0" alpha="1.0"/>
  </FillStyle>
</fills>
                                             <strokes/>
  <edges>
    <Edge fillStyle0="0" fillStyle1="0" strokeStyle="0" edges="!1232 1559! 0 0"/>
    <Edge fillStyle0="0" fillStyle1="1" strokeStyle="0" edges="!0 0! 944 1681| 848 1656[ 748 1626 722 1598[ 672 1546 698 1522[ 711 1511 737 1518[ 769 1526 788 1563[ 819 1623 944 1681"/>
  </edges>
</DOMShape>
                                   </elements>
            </DOMFrame>
          </frames>
        </DOMLayer>
        <DOMLayer name="Layer 6">
          <frames>
            <DOMFrame index="0" motionTweenScale="false" keyMode="8192">
              <elements>
<DOMShape isFloating="true">
                                             <fills>
  <FillStyle index="1">
    <SolidColor color="#000000" alpha="1.0"/>
  </FillStyle>
</fills>
                                             <strokes/>
  <edges>
    <Edge fillStyle0="0" fillStyle1="0" strokeStyle="0" edges="!0 0! 0 0"/>
    <Edge fillStyle0="1" fillStyle1="0" strokeStyle="0" edges="!0 0! 1232 1559[ 1282 1481 1285 1457[ 1293 1397 1281 1384[ 1273 1373 1262 1373[ 1250 1373 1239 1388[ 1217 1413 1227 1452[ 1242 1520 1181 1633| 1232 1559"/>
    <Edge fillStyle0="1" fillStyle1="0" strokeStyle="0" edges="!1232 1559! 1193 1572[ 1219 1492 1211 1456[ 1200 1409 1226 1378[ 1243 1357 1262 1357[ 1280 1357 1294 1373[ 1342 1495 1173 1647[ 1169 1644 1193 1572"/>
  </edges>
</DOMShape>
                                   </elements>
            </DOMFrame>
          </frames>
        </DOMLayer>
        <DOMLayer name="Layer 7">
          <frames>
            <DOMFrame index="0" motionTweenScale="false" keyMode="8192">
              <elements>
<DOMShape isFloating="true">
                                             <fills>
  <FillStyle index="1">
    <SolidColor color="#f4a057" alpha="1.0"/>
  </FillStyle>
</fills>
                                             <strokes/>
  <edges>
    <Edge fillStyle0="0" fillStyle1="0" strokeStyle="0" edges="!0 0! 0 0"/>
    <Edge fillStyle0="1" fillStyle1="0" strokeStyle="0" edges="!0 0! 1204 1591| 1229 1541| 1260 1467[ 1263 1451 1256 1438[ 1247 1423 1249 1407[ 1251 1377 1277 1363| 1294 1422| 1282 1485| 1215 1595| 1205 1602| 1204 1591"/>
  </edges>
</DOMShape>
                                   </elements>
            </DOMFrame>
          </frames>
        </DOMLayer>
        <DOMLayer name="Layer 8">
          <frames>
            <DOMFrame index="0" motionTweenScale="false" keyMode="8192">
              <elements>
<DOMShape isFloating="true">
                                             <fills>
  <FillStyle index="1">
    <SolidColor color="#f5c4a0" alpha="1.0"/>
  </FillStyle>
</fills>
                                             <strokes/>
  <edges>
    <Edge fillStyle0="0" fillStyle1="0" strokeStyle="0" edges="!1004 1343! 0 0"/>
    <Edge fillStyle0="0" fillStyle1="1" strokeStyle="0" edges="!0 0! 1175 1643| 1233 1564[ 1290 1477 1292 1440[ 1298 1366 1262 1365[ 1246 1364 1229 1386[ 1210 1413 1220 1455[ 1235 1520 1175 1643"/>
  </edges>
</DOMShape>
                                   </elements>
            </DOMFrame>
          </frames>
        </DOMLayer>
        <DOMLayer name="Layer 9">
          <frames>
            <DOMFrame index="0" motionTweenScale="false" keyMode="8192">
              <elements>
<DOMShape isFloating="true">
                                             <fills>
  <FillStyle index="1">
    <SolidColor color="#ffffff" alpha="1.0"/>
  </FillStyle>
</fills>
                                             <strokes>
  <StrokeStyle index="1">
    <SolidStroke scaleMode="normal" weight="0.5">
      <fill>
        <SolidColor color="#000000" alpha="1.0"/>
      </fill>
    </SolidStroke>
  </StrokeStyle>
  <StrokeStyle index="2">
    <SolidStroke scaleMode="normal" weight="0.5">
      <fill>
        <SolidColor color="#000000" alpha="1.0"/>
      </fill>
    </SolidStroke>
  </StrokeStyle>
</strokes>
  <edges>
    <Edge fillStyle0="0" fillStyle1="0" strokeStyle="0" edges="!0 0! 0 0"/>
    <Edge fillStyle0="1" fillStyle1="0" strokeStyle="1" edges="!0 0! 1132 1293| 1004 1343"/>
    <Edge fillStyle0="1" fillStyle1="0" strokeStyle="2" edges="!1004 1343[ 1120 1455 1132 1293"/>
  </edges>
</DOMShape>
                                   </elements>
            </DOMFrame>
          </frames>
        </DOMLayer>
        <DOMLayer name="Layer 10">
          <frames>
            <DOMFrame index="0" motionTweenScale="false" keyMode="8192">
              <elements>
<DOMShape isFloating="true">
                                             <fills>
  <FillStyle index="1">
    <SolidColor color="#ffa800" alpha="1.0"/>
  </FillStyle>
</fills>
                                             <strokes/>
  <edges>
    <Edge fillStyle0="0" fillStyle1="0" strokeStyle="0" edges="!0 0! 0 0"/>
    <Edge fillStyle0="1" fillStyle1="0" strokeStyle="0" edges="!0 0! 789 112[ 441 119 265 292[ 123 431 98 669[ 80 839 122 1043[ 143 1143 167 1211| 194 1192[ 176 1122 163 1021[ 137 815 161 647[ 194 411 323 281[ 484 119 786 134[ 931 30 1076 115[ 1192 183 1300 370[ 1378 503 1445 682| 1496 835| 1548 841[ 1530 778 1496 689[ 1429 509 1347 374[ 1234 184 1109 110[ 953 18 789 112"/>
  </edges>
</DOMShape>
                                   </elements>
            </DOMFrame>
          </frames>
        </DOMLayer>
        <DOMLayer name="Layer 11">
          <frames>
            <DOMFrame index="0" motionTweenScale="false" keyMode="8192">
              <elements>
<DOMShape isFloating="true">
                                             <fills>
  <FillStyle index="1">
    <SolidColor color="#f69c6b" alpha="1.0"/>
  </FillStyle>
</fills>
                                             <strokes/>
  <edges>
    <Edge fillStyle0="0" fillStyle1="0" strokeStyle="0" edges="!0 0! 0 0"/>
    <Edge fillStyle0="1" fillStyle1="0" strokeStyle="0" edges="!0 0! 968 1186| 970 1233| 998 1210| 968 1186"/>
  </edges>
</DOMShape>
                                   </elements>
            </DOMFrame>
          </frames>
        </DOMLayer>
        <DOMLayer name="Layer 12">
          <frames>
            <DOMFrame index="0" motionTweenScale="false" keyMode="8192">
              <elements>
<DOMShape isFloating="true">
                                             <fills>
  <FillStyle index="1">
    <SolidColor color="#000000" alpha="1.0"/>
  </FillStyle>
</fills>
                                             <strokes/>
  <edges>
    <Edge fillStyle0="0" fillStyle1="0" strokeStyle="0" edges="!0 0! 0 0"/>
    <Edge fillStyle0="0" fillStyle1="1" strokeStyle="0" edges="!0 0! 913 1359| 946 1357[ 991 1348 1056 1322[ 1176 1274 1179 1236[ 1179 1225 1149 1228| 1170 1222[ 1191 1219 1197 1230[ 1203 1244 1165 1277[ 1122 1313 1064 1333| 957 1357| 913 1359"/>
  </edges>
</DOMShape>
                                   </elements>
            </DOMFrame>
          </frames>
        </DOMLayer>
        <DOMLayer name="Layer 13">
          <frames>
            <DOMFrame index="0" motionTweenScale="false" keyMode="8192">
              <elements>
<DOMShape isFloating="true">
                                             <fills>
  <FillStyle index="1">
    <SolidColor color="#000000" alpha="1.0"/>
  </FillStyle>
</fills>
                                             <strokes/>
  <edges>
    <Edge fillStyle0="0" fillStyle1="0" strokeStyle="0" edges="!0 0! 0 0"/>
    <Edge fillStyle0="1" fillStyle1="0" strokeStyle="0" edges="!0 0! 805 1348[ 803 1362 852 1371| 881 1372| 895 1364[ 894 1360 888 1361| 851 1361[ 825 1359 812 1348| 806 1344| 805 1348"/>
  </edges>
</DOMShape>
                                   </elements>
            </DOMFrame>
          </frames>
        </DOMLayer>
        <DOMLayer name="Layer 14">
          <frames>
            <DOMFrame index="0" motionTweenScale="false" keyMode="8192">
              <elements>
<DOMShape isFloating="true">
                                             <fills>
  <FillStyle index="1">
    <SolidColor color="#000000" alpha="1.0"/>
  </FillStyle>
</fills>
                                             <strokes/>
  <edges>
    <Edge fillStyle0="0" fillStyle1="0" strokeStyle="0" edges="!0 0! 0 0"/>
    <Edge fillStyle0="0" fillStyle1="1" strokeStyle="0" edges="!0 0! 633 1123[ 642 1156 622 1162| 606 1156[ 597 1148 593 1134[ 584 1100 604 1095[ 624 1089 633 1123"/>
  </edges>
</DOMShape>
                                   </elements>
            </DOMFrame>
          </frames>
        </DOMLayer>
        <DOMLayer name="Layer 15">
          <frames>
            <DOMFrame index="0" motionTweenScale="false" keyMode="8192">
              <elements>
<DOMShape isFloating="true">
                                             <fills>
  <FillStyle index="1">
    <SolidColor color="#000000" alpha="1.0"/>
  </FillStyle>
</fills>
                                             <strokes/>
  <edges>
    <Edge fillStyle0="0" fillStyle1="0" strokeStyle="0" edges="!0 0! 0 0"/>
    <Edge fillStyle0="0" fillStyle1="1" strokeStyle="0" edges="!0 0! 414 1008[ 449 966 508 953[ 605 931 645 955[ 655 964 632 965[ 556 958 512 967[ 458 977 420 1014| 391 1047| 397 1035| 414 1008"/>
  </edges>
</DOMShape>
                                   </elements>
            </DOMFrame>
          </frames>
        </DOMLayer>
        <DOMLayer name="Layer 16">
          <frames>
            <DOMFrame index="0" motionTweenScale="false" keyMode="8192">
              <elements>
<DOMShape isFloating="true">
                                             <fills>
  <FillStyle index="1">
    <SolidColor color="#000000" alpha="1.0"/>
  </FillStyle>
</fills>
                                             <strokes/>
  <edges>
    <Edge fillStyle0="0" fillStyle1="0" strokeStyle="0" edges="!0 0! 0 0"/>
    <Edge fillStyle0="1" fillStyle1="0" strokeStyle="0" edges="!0 0! 1125 944[ 1105 950 1114 983[ 1123 1017 1143 1011[ 1162 1006 1153 972[ 1144 939 1125 944"/>
  </edges>
</DOMShape>
                                   </elements>
            </DOMFrame>
          </frames>
        </DOMLayer>
        <DOMLayer name="Layer 17">
          <frames>
            <DOMFrame index="0" motionTweenScale="false" keyMode="8192">
              <elements>
<DOMShape isFloating="true">
                                             <fills>
  <FillStyle index="1">
    <SolidColor color="#000000" alpha="1.0"/>
  </FillStyle>
</fills>
                                             <strokes/>
  <edges>
    <Edge fillStyle0="0" fillStyle1="0" strokeStyle="0" edges="!0 0! 0 0"/>
    <Edge fillStyle0="1" fillStyle1="0" strokeStyle="0" edges="!0 0! 1018 844| 1019 850| 1034 847| 1078 818[ 1113 796 1138 787| 1241 780| 1283 794[ 1269 782 1244 772[ 1193 755 1134 773[ 1075 792 1041 820| 1018 844"/>
  </edges>
</DOMShape>
                                   </elements>
            </DOMFrame>
          </frames>
        </DOMLayer>
        <DOMLayer name="Layer 18">
          <frames>
            <DOMFrame index="0" motionTweenScale="false" keyMode="8192">
              <elements>
<DOMShape isFloating="true">
                                             <fills>
  <FillStyle index="1">
    <SolidColor color="#000000" alpha="1.0"/>
  </FillStyle>
</fills>
                                             <strokes/>
  <edges>
    <Edge fillStyle0="0" fillStyle1="0" strokeStyle="0" edges="!0 0! 0 0"/>
    <Edge fillStyle0="0" fillStyle1="1" strokeStyle="0" edges="!0 0! 1547 1056| 1568 1011| 1662 1199[ 1762 1388 1793 1389[ 1755 1413 1676 1382| 1604 1346| 1570 1463| 1524 1423| 1447 1516| 1433 1406| 1469 1390| 1465 1459| 1522 1391| 1561 1416| 1587 1308| 1636 1333[ 1687 1359 1729 1371[ 1690 1340 1547 1056"/>
  </edges>
</DOMShape>
                                   </elements>
            </DOMFrame>
          </frames>
        </DOMLayer>
        <DOMLayer name="Layer 19">
          <frames>
            <DOMFrame index="0" motionTweenScale="false" keyMode="8192">
              <elements>
<DOMShape isFloating="true">
                                             <fills>
  <FillStyle index="1">
    <SolidColor color="#000000" alpha="1.0"/>
  </FillStyle>
</fills>
                                             <strokes/>
  <edges>
    <Edge fillStyle0="0" fillStyle1="0" strokeStyle="0" edges="!0 0! 0 0"/>
    <Edge fillStyle0="1" fillStyle1="0" strokeStyle="0" edges="!0 0! 371 1595[ 329 1698 280 1752[ 297 1705 275 1388| 234 1360| 249 1570[ 259 1782 233 1800[ 279 1802 331 1721| 373 1640| 453 1763| 480 1680| 589 1693| 551 1630| 513 1634| 548 1668| 467 1647| 447 1705| 371 1595"/>
  </edges>
</DOMShape>
                                   </elements>
            </DOMFrame>
          </frames>
        </DOMLayer>
        <DOMLayer name="Layer 20">
          <frames>
            <DOMFrame index="0" motionTweenScale="false" keyMode="8192">
              <elements>
<DOMShape isFloating="true">
                                             <fills>
  <FillStyle index="1">
    <SolidColor color="#000000" alpha="1.0"/>
  </FillStyle>
</fills>
                                             <strokes/>
  <edges>
    <Edge fillStyle0="0" fillStyle1="0" strokeStyle="0" edges="!0 0! 0 0"/>
    <Edge fillStyle0="1" fillStyle1="0" strokeStyle="0" edges="!0 0! 827 47| 967 40[ 1196 62 1375 282[ 1423 339 1490 596| 1548 841| 1579 875[ 1564 768 1533 637[ 1472 374 1396 252[ 1302 104 1117 36[ 929 -32 764 27| 686 40[ 595 55 513 83[ 246 175 92 388[ -62 603 42 956[ 92 1133 174 1266| 185 1225[ 111 1105 68 941[ -19 616 138 402[ 293 188 549 104[ 676 62 773 63| 827 47"/>
  </edges>
</DOMShape>
                                   </elements>
            </DOMFrame>
          </frames>
        </DOMLayer>
        <DOMLayer name="Layer 21">
          <frames>
            <DOMFrame index="0" motionTweenScale="false" keyMode="8192">
              <elements>
<DOMShape isFloating="true">
                                             <fills>
  <FillStyle index="1">
    <SolidColor color="#000000" alpha="1.0"/>
  </FillStyle>
</fills>
                                             <strokes/>
  <edges>
    <Edge fillStyle0="0" fillStyle1="0" strokeStyle="0" edges="!0 0! 0 0"/>
    <Edge fillStyle0="1" fillStyle1="0" strokeStyle="0" edges="!0 0! 1212 693[ 1011 543 982 511[ 990 566 918 784[ 922 769 904 720[ 870 621 758 453[ 749 457 779 546[ 812 645 804 683| 783 669| 742 635[ 669 581 592 565[ 674 601 751 677| 811 745[ 842 682 838 654[ 880 727 919 903| 964 792[ 1009 663 1012 571[ 1050 635 1251 747| 1225 615| 1314 717[ 1406 826 1423 861[ 1447 915 1387 771| 1179 532| 1212 693"/>
  </edges>
</DOMShape>
                                   </elements>
            </DOMFrame>
          </frames>
        </DOMLayer>
        <DOMLayer name="Layer 22">
          <frames>
            <DOMFrame index="0" motionTweenScale="false" keyMode="8192">
              <elements>
<DOMShape isFloating="true">
                                             <fills>
  <FillStyle index="1">
    <SolidColor color="#000000" alpha="1.0"/>
  </FillStyle>
</fills>
                                             <strokes/>
  <edges>
    <Edge fillStyle0="0" fillStyle1="0" strokeStyle="0" edges="!0 0! 0 0"/>
    <Edge fillStyle0="0" fillStyle1="1" strokeStyle="0" edges="!0 0! 595 795[ 514 1005 451 1044[ 444 1043 429 909[ 415 776 405 781[ 391 787 353 1012[ 314 1242 317 1326[ 295 1375 296 1127| 345 905[ 398 682 422 670[ 445 660 458 812[ 470 970 475 972[ 508 943 664 594[ 636 691 595 795"/>
  </edges>
</DOMShape>
                                   </elements>
            </DOMFrame>
          </frames>
        </DOMLayer>
        <DOMLayer name="Layer 23">
          <frames>
            <DOMFrame index="0" motionTweenScale="false" keyMode="8192">
              <elements>
<DOMShape isFloating="true">
                                             <fills>
  <FillStyle index="1">
    <SolidColor color="#000000" alpha="1.0"/>
  </FillStyle>
</fills>
                                             <strokes/>
  <edges>
    <Edge fillStyle0="0" fillStyle1="0" strokeStyle="0" edges="!0 0! 0 0"/>
    <Edge fillStyle0="0" fillStyle1="1" strokeStyle="0" edges="!0 0! 297 1138[ 303 1146 279 1160[ 237 1184 222 1199[ 190 1231 198 1272[ 205 1314 244 1346[ 262 1361 306 1385[ 329 1396 322 1404[ 291 1408 256 1394[ 188 1368 172 1279[ 156 1188 225 1154[ 259 1137 297 1138"/>
  </edges>
</DOMShape>
                                   </elements>
            </DOMFrame>
          </frames>
        </DOMLayer>
        <DOMLayer name="Layer 24">
          <frames>
            <DOMFrame index="0" motionTweenScale="false" keyMode="8192">
              <elements>
<DOMShape isFloating="true">
                                             <fills>
  <FillStyle index="1">
    <SolidColor color="#000000" alpha="1.0"/>
  </FillStyle>
</fills>
                                             <strokes/>
  <edges>
    <Edge fillStyle0="0" fillStyle1="0" strokeStyle="0" edges="!0 0! 0 0"/>
    <Edge fillStyle0="1" fillStyle1="0" strokeStyle="0" edges="!0 0! 1414 838| 1437 842| 1506 847[ 1551 858 1565 897[ 1580 937 1562 985| 1528 1050[ 1520 1063 1522 1070| 1525 1074| 1543 1064| 1576 1032[ 1622 975 1590 890[ 1558 804 1482 810[ 1458 812 1432 822| 1411 833| 1414 838"/>
  </edges>
</DOMShape>
                                   </elements>
            </DOMFrame>
          </frames>
        </DOMLayer>
        <DOMLayer name="Layer 25">
          <frames>
            <DOMFrame index="0" motionTweenScale="false" keyMode="8192">
              <elements>
<DOMShape isFloating="true">
                                             <fills>
  <FillStyle index="1">
    <SolidColor color="#000000" alpha="1.0"/>
  </FillStyle>
</fills>
                                             <strokes/>
  <edges>
    <Edge fillStyle0="0" fillStyle1="0" strokeStyle="0" edges="!0 0! 0 0"/>
    <Edge fillStyle0="0" fillStyle1="1" strokeStyle="0" edges="!0 0! 300 1105| 301 1153[ 303 1212 310 1268[ 330 1446 381 1523[ 438 1611 652 1625[ 847 1638 1029 1588[ 1212 1537 1377 1434[ 1557 1320 1555 1232[ 1553 1155 1452 931| 1351 723| 1388 773| 1471 899[ 1591 1098 1592 1219[ 1593 1349 1399 1467[ 1253 1557 1043 1618[ 854 1673 639 1664[ 390 1654 333 1550[ 282 1455 286 1271[ 287 1213 294 1153| 300 1105"/>
  </edges>
</DOMShape>
                                   </elements>
            </DOMFrame>
          </frames>
        </DOMLayer>
        <DOMLayer name="Layer 26">
          <frames>
            <DOMFrame index="0" motionTweenScale="false" keyMode="8192">
              <elements>
<DOMShape isFloating="true">
                                             <fills>
  <FillStyle index="1">
    <SolidColor color="#f4a057" alpha="1.0"/>
  </FillStyle>
</fills>
                                             <strokes/>
  <edges>
    <Edge fillStyle0="0" fillStyle1="0" strokeStyle="0" edges="!0 0! 0 0"/>
    <Edge fillStyle0="1" fillStyle1="0" strokeStyle="0" edges="!0 0! 277 1186[ 248 1204 238 1246[ 227 1288 264 1324[ 282 1342 301 1351| 304 1175[ 291 1177 277 1186"/>
  </edges>
</DOMShape>
                                   </elements>
            </DOMFrame>
          </frames>
        </DOMLayer>
        <DOMLayer name="Layer 27">
          <frames>
            <DOMFrame index="0" motionTweenScale="false" keyMode="8192">
              <elements>
<DOMShape isFloating="true">
                                             <fills>
  <FillStyle index="1">
    <SolidColor color="#f4a057" alpha="1.0"/>
  </FillStyle>
</fills>
                                             <strokes/>
  <edges>
    <Edge fillStyle0="0" fillStyle1="0" strokeStyle="0" edges="!0 0! 0 0"/>
    <Edge fillStyle0="1" fillStyle1="0" strokeStyle="0" edges="!0 0! 391 749| 289 1370| 295 1402| 322 1477[ 376 1590 477 1620[ 580 1650 832 1625| 1098 1590[ 1354 1509 1486 1369[ 1551 1298 1565 1245[ 1526 1292 1446 1353[ 1285 1474 1084 1539[ 872 1606 665 1560[ 586 1543 521 1511[ 466 1486 438 1459[ 399 1419 391 1081| 391 749"/>
  </edges>
</DOMShape>
                                   </elements>
            </DOMFrame>
          </frames>
        </DOMLayer>
        <DOMLayer name="Layer 28">
          <frames>
            <DOMFrame index="0" motionTweenScale="false" keyMode="8192">
              <elements>
<DOMShape isFloating="true">
                                             <fills>
  <FillStyle index="1">
    <SolidColor color="#f4a057" alpha="1.0"/>
  </FillStyle>
</fills>
                                             <strokes/>
  <edges>
    <Edge fillStyle0="0" fillStyle1="0" strokeStyle="0" edges="!0 0! 0 0"/>
    <Edge fillStyle0="1" fillStyle1="0" strokeStyle="0" edges="!0 0! 664 594| 470 1010| 427 729| 394 779| 407 905[ 424 1035 445 1055[ 495 1069 585 833[ 630 715 664 594"/>
  </edges>
</DOMShape>
                                   </elements>
            </DOMFrame>
          </frames>
        </DOMLayer>
        <DOMLayer name="Layer 29">
          <frames>
            <DOMFrame index="0" motionTweenScale="false" keyMode="8192">
              <elements>
<DOMShape isFloating="true">
                                             <fills>
  <FillStyle index="1">
    <SolidColor color="#f4a057" alpha="1.0"/>
  </FillStyle>
</fills>
                                             <strokes/>
  <edges>
    <Edge fillStyle0="0" fillStyle1="0" strokeStyle="0" edges="!0 0! 0 0"/>
    <Edge fillStyle0="0" fillStyle1="1" strokeStyle="0" edges="!0 0! 1247 648| 1267 767| 1041 634| 910 947| 844 706| 814 773| 655 595| 803 714| 841 641| 927 843| 1005 549| 1235 714| 1218 603| 1279 658| 1247 648"/>
  </edges>
</DOMShape>
                                   </elements>
            </DOMFrame>
          </frames>
        </DOMLayer>
        <DOMLayer name="Layer 30">
          <frames>
            <DOMFrame index="0" motionTweenScale="false" keyMode="8192">
              <elements>
<DOMShape isFloating="true">
                                             <fills>
  <FillStyle index="1">
    <SolidColor color="#f4a057" alpha="1.0"/>
  </FillStyle>
</fills>
                                             <strokes/>
  <edges>
    <Edge fillStyle0="0" fillStyle1="0" strokeStyle="0" edges="!0 0! 0 0"/>
    <Edge fillStyle0="1" fillStyle1="0" strokeStyle="0" edges="!0 0! 1506 991| 1532 965[ 1554 932 1531 897[ 1507 863 1476 874| 1449 892| 1506 991"/>
  </edges>
</DOMShape>
                                   </elements>
            </DOMFrame>
          </frames>
        </DOMLayer>
        <DOMLayer name="Layer 31">
          <frames>
            <DOMFrame index="0" motionTweenScale="false" keyMode="8192">
              <elements>
<DOMShape isFloating="true">
                                             <fills>
  <FillStyle index="1">
    <SolidColor color="#f5be8b" alpha="1.0"/>
  </FillStyle>
</fills>
                                             <strokes/>
  <edges>
    <Edge fillStyle0="0" fillStyle1="0" strokeStyle="0" edges="!0 0! 0 0"/>
    <Edge fillStyle0="1" fillStyle1="0" strokeStyle="0" edges="!0 0! 427 729[ 409 722 357 934[ 332 1039 310 1146[ 274 1149 241 1169[ 173 1208 185 1286[ 191 1333 303 1393| 390 1587| 440 1603| 578 1631[ 814 1662 1047 1600[ 1280 1539 1449 1388[ 1533 1313 1570 1250| 1530 1065| 1545 1054| 1572 1022[ 1610 966 1586 899[ 1562 833 1492 829| 1445 835| 1425 840| 1216 587| 1228 720| 1009 542| 943 839| 832 605| 815 699| 664 596[ 489 1056 461 1023[ 448 1006 444 868[ 442 735 427 729"/>
  </edges>
</DOMShape>
                                   </elements>
            </DOMFrame>
          </frames>
        </DOMLayer>
        <DOMLayer name="Layer 32">
          <frames>
            <DOMFrame index="0" motionTweenScale="false" keyMode="8192">
              <elements>
<DOMShape isFloating="true">
                                             <fills>
  <FillStyle index="1">
    <SolidColor color="#ffa800" alpha="1.0"/>
  </FillStyle>
</fills>
                                             <strokes/>
  <edges>
    <Edge fillStyle0="0" fillStyle1="0" strokeStyle="0" edges="!0 0! 0 0"/>
    <Edge fillStyle0="0" fillStyle1="1" strokeStyle="0" edges="!0 0! 1153 485| 1432 758| 1552 830| 1431 858| 1236 621| 1235 714| 1012 571| 937 861| 827 617| 803 715| 663 606| 476 993| 408 737| 310 1146| 262 1147[ 294 1002 332 857[ 407 567 433 566[ 426 583 465 737| 505 887| 603 628[ 613 604 526 501| 743 590| 733 376| 913 630| 954 440| 1161 599| 1153 485"/>
  </edges>
</DOMShape>
                                   </elements>
            </DOMFrame>
          </frames>
        </DOMLayer>
        <DOMLayer name="Layer 33">
          <frames>
            <DOMFrame index="0" motionTweenScale="false" keyMode="8192">
              <elements>
<DOMShape isFloating="true">
                                             <fills>
  <FillStyle index="1">
    <SolidColor color="#ffa800" alpha="1.0"/>
  </FillStyle>
</fills>
                                             <strokes/>
  <edges>
    <Edge fillStyle0="0" fillStyle1="0" strokeStyle="0" edges="!0 0! 0 0"/>
    <Edge fillStyle0="1" fillStyle1="0" strokeStyle="0" edges="!0 0! 288 1396| 298 1695| 366 1602| 445 1692| 445 1631| 548 1668| 513 1622| 288 1396"/>
  </edges>
</DOMShape>
                                   </elements>
            </DOMFrame>
          </frames>
        </DOMLayer>
        <DOMLayer name="Layer 34">
          <frames>
            <DOMFrame index="0" motionTweenScale="false" keyMode="8192">
              <elements>
<DOMShape isFloating="true">
                                             <fills>
  <FillStyle index="1">
    <SolidColor color="#ffa800" alpha="1.0"/>
  </FillStyle>
</fills>
                                             <strokes/>
  <edges>
    <Edge fillStyle0="0" fillStyle1="0" strokeStyle="0" edges="!0 0! 0 0"/>
    <Edge fillStyle0="1" fillStyle1="0" strokeStyle="0" edges="!0 0! 1547 1056| 1469 1395| 1465 1459| 1516 1385| 1560 1383| 1593 1287| 1703 1342| 1547 1056"/>
  </edges>
</DOMShape>
                                   </elements>
            </DOMFrame>
          </frames>
        </DOMLayer>
        <DOMLayer name="Layer 35">
          <frames>
            <DOMFrame index="0" motionTweenScale="false" keyMode="8192">
              <elements>
<DOMShape isFloating="true">
                                             <fills>
  <FillStyle index="1">
    <SolidColor color="#ffbf00" alpha="1.0"/>
  </FillStyle>
</fills>
                                             <strokes/>
  <edges>
    <Edge fillStyle0="0" fillStyle1="0" strokeStyle="0" edges="!0 0! 0 0"/>
    <Edge fillStyle0="1" fillStyle1="0" strokeStyle="0" edges="!0 0! 764 27[ 412 115 222 279[ 69 411 28 585[ -2 709 26 842[ 40 909 60 951| 103 1095[ 156 1247 201 1291[ 247 1334 264 1552| 271 1760| 377 1626| 462 1736| 480 1680| 574 1687| 551 1630| 1445 1424| 1452 1494| 1524 1423| 1563 1440| 1604 1327| 1740 1375| 1568 1011| 1561 840[ 1557 782 1540 695[ 1504 523 1437 387[ 1342 194 1197 101[ 1016 -16 764 27"/>
  </edges>
</DOMShape>
                                   </elements>
            </DOMFrame>
          </frames>
        </DOMLayer>
        <DOMLayer name="Layer 36">
          <frames>
            <DOMFrame index="0" motionTweenScale="false" keyMode="8192">
              <elements>
<DOMShape isFloating="true">
                                             <fills>
  <FillStyle index="1">
    <SolidColor color="#000000" alpha="1.0"/>
  </FillStyle>
</fills>
                                             <strokes/>
  <edges>
    <Edge fillStyle0="0" fillStyle1="0" strokeStyle="0" edges="!0 0! 0 0"/>
    <Edge fillStyle0="1" fillStyle1="0" strokeStyle="0" edges="!0 0! 1137 1601| 1130 1587| 1111 1591| 1125 1627[ 1127 1641 1116 1651[ 1104 1662 1080 1664[ 1044 1665 1033 1636[ 1029 1627 1036 1613| 1044 1601| 1027 1591| 1018 1609[ 1010 1629 1013 1639[ 1017 1654 1032 1665[ 1052 1679 1083 1678[ 1113 1676 1130 1659[ 1143 1645 1143 1628| 1137 1601"/>
  </edges>
</DOMShape>
                                   </elements>
            </DOMFrame>
          </frames>
        </DOMLayer>
        <DOMLayer name="Layer 37">
          <frames>
            <DOMFrame index="0" motionTweenScale="false" keyMode="8192">
              <elements>
<DOMShape isFloating="true">
                                             <fills>
  <FillStyle index="1">
    <SolidColor color="#f4a057" alpha="1.0"/>
  </FillStyle>
</fills>
                                             <strokes/>
  <edges>
    <Edge fillStyle0="0" fillStyle1="0" strokeStyle="0" edges="!0 0! 0 0"/>
    <Edge fillStyle0="1" fillStyle1="0" strokeStyle="0" edges="!0 0! 1031 1599| 1027 1632| 1050 1668| 1088 1670| 1128 1653| 1140 1619| 1139 1601| 1031 1599"/>
  </edges>
</DOMShape>
                                   </elements>
            </DOMFrame>
          </frames>
        </DOMLayer>
        <DOMLayer name="Layer 38">
          <frames>
            <DOMFrame index="0" motionTweenScale="false" keyMode="8192">
              <elements>
<DOMShape isFloating="true">
                                             <fills>
  <FillStyle index="1">
    <SolidColor color="#000000" alpha="1.0"/>
  </FillStyle>
</fills>
                                             <strokes/>
  <edges>
    <Edge fillStyle0="0" fillStyle1="0" strokeStyle="0" edges="!0 0! 0 0"/>
    <Edge fillStyle0="1" fillStyle1="0" strokeStyle="0" edges="!0 0! 1155 1743| 1135 1775| 1143 1838[ 1151 1892 1147 1900[ 1142 1910 1119 1916| 1076 1919[ 1006 1914 993 1888[ 987 1877 1002 1829| 1018 1772[ 1018 1763 1003 1745[ 984 1721 976 1702[ 965 1678 991 1645| 1019 1617| 1011 1594| 978 1627[ 946 1667 952 1695[ 957 1721 975 1741[ 991 1760 991 1768| 979 1831[ 968 1883 974 1896[ 983 1912 1017 1928[ 1049 1944 1073 1945| 1134 1933[ 1172 1920 1174 1909| 1164 1844[ 1152 1788 1155 1778| 1179 1746[ 1200 1719 1202 1688[ 1204 1656 1167 1618| 1130 1586| 1125 1620| 1155 1638[ 1184 1662 1179 1690[ 1174 1715 1155 1743"/>
  </edges>
</DOMShape>
                                   </elements>
            </DOMFrame>
          </frames>
        </DOMLayer>
        <DOMLayer name="Layer 39">
          <frames>
            <DOMFrame index="0" motionTweenScale="false" keyMode="8192">
              <elements>
<DOMShape isFloating="true">
                                             <fills>
  <FillStyle index="1">
    <SolidColor color="#dbe6eb" alpha="1.0"/>
  </FillStyle>
</fills>
                                             <strokes/>
  <edges>
    <Edge fillStyle0="0" fillStyle1="0" strokeStyle="0" edges="!0 0! 0 0"/>
    <Edge fillStyle0="1" fillStyle1="0" strokeStyle="0" edges="!0 0! 1015 1615| 986 1643[ 957 1673 957 1685[ 957 1696 984 1737| 1011 1776| 982 1884| 1000 1903[ 1027 1924 1073 1928| 1122 1927| 1115 1921[ 1077 1890 1073 1851[ 1072 1843 1106 1810| 1148 1763[ 1126 1767 1099 1751| 1076 1734[ 1035 1763 1016 1747[ 996 1730 993 1690[ 991 1671 1005 1651| 1019 1634| 1015 1615"/>
  </edges>
</DOMShape>
                                   </elements>
            </DOMFrame>
          </frames>
        </DOMLayer>
        <DOMLayer name="Layer 40">
          <frames>
            <DOMFrame index="0" motionTweenScale="false" keyMode="8192">
              <elements>
<DOMShape isFloating="true">
                                             <fills>
  <FillStyle index="1">
    <SolidColor color="#ffffff" alpha="1.0"/>
  </FillStyle>
</fills>
                                             <strokes/>
  <edges>
    <Edge fillStyle0="0" fillStyle1="0" strokeStyle="0" edges="!0 0! 0 0"/>
    <Edge fillStyle0="1" fillStyle1="0" strokeStyle="0" edges="!0 0! 1025 1601| 961 1671| 1005 1757| 974 1896| 1071 1934| 1166 1909| 1146 1777| 1192 1689| 1131 1604| 1025 1601"/>
  </edges>
</DOMShape>
                                   </elements>
            </DOMFrame>
          </frames>
        </DOMLayer>
        <DOMLayer name="Layer 41">
          <frames>
            <DOMFrame index="0" motionTweenScale="false" keyMode="8192">
              <elements>
<DOMShape isFloating="true">
                                             <fills>
  <FillStyle index="1">
    <SolidColor color="#ff0000" alpha="1.0"/>
  </FillStyle>
</fills>
                                             <strokes/>
  <edges>
    <Edge fillStyle0="0" fillStyle1="0" strokeStyle="0" edges="!0 0! 0 0"/>
    <Edge fillStyle0="1" fillStyle1="0" strokeStyle="0" edges="!0 0! 1076 2117[ 1067 2127 1035 2130| 1000 2128| 988 2125| 989 2131| 995 2140| 1040 2143[ 1073 2140 1076 2134[ 1082 2127 1076 2117"/>
  </edges>
</DOMShape>
                                   </elements>
            </DOMFrame>
          </frames>
        </DOMLayer>
        <DOMLayer name="Layer 42">
          <frames>
            <DOMFrame index="0" motionTweenScale="false" keyMode="8192">
              <elements>
<DOMShape isFloating="true">
                                             <fills>
  <FillStyle index="1">
    <SolidColor color="#ffffff" alpha="1.0"/>
  </FillStyle>
</fills>
                                             <strokes/>
  <edges>
    <Edge fillStyle0="0" fillStyle1="0" strokeStyle="0" edges="!0 0! 0 0"/>
    <Edge fillStyle0="1" fillStyle1="0" strokeStyle="0" edges="!0 0! 996 2102[ 986 2120 989 2132[ 992 2147 1035 2143[ 1079 2139 1079 2128[ 1079 2116 1069 2101[ 1057 2079 1034 2080[ 1010 2080 996 2102"/>
  </edges>
</DOMShape>
                                   </elements>
            </DOMFrame>
          </frames>
        </DOMLayer>
        <DOMLayer name="Layer 43">
          <frames>
            <DOMFrame index="0" motionTweenScale="false" keyMode="8192">
              <elements>
<DOMShape isFloating="true">
                                             <fills>
  <FillStyle index="1">
    <SolidColor color="#000000" alpha="1.0"/>
  </FillStyle>
</fills>
                                             <strokes/>
  <edges>
    <Edge fillStyle0="0" fillStyle1="0" strokeStyle="0" edges="!0 0! 0 0"/>
    <Edge fillStyle0="1" fillStyle1="0" strokeStyle="0" edges="!0 0! 1034 2067[ 1001 2067 982 2098[ 967 2123 970 2140[ 976 2162 1036 2156[ 1096 2150 1097 2135[ 1097 2118 1084 2097[ 1066 2067 1034 2067"/>
  </edges>
</DOMShape>
                                   </elements>
            </DOMFrame>
          </frames>
        </DOMLayer>
        <DOMLayer name="Layer 44">
          <frames>
            <DOMFrame index="0" motionTweenScale="false" keyMode="8192">
              <elements>
<DOMShape isFloating="true">
                                             <fills>
  <FillStyle index="1">
    <SolidColor color="#000000" alpha="1.0"/>
  </FillStyle>
</fills>
                                             <strokes/>
  <edges>
    <Edge fillStyle0="0" fillStyle1="0" strokeStyle="0" edges="!0 0! 0 0"/>
    <Edge fillStyle0="1" fillStyle1="0" strokeStyle="0" edges="!0 0! 988 1890| 982 1981[ 978 2075 994 2091[ 1012 2109 1044 2105[ 1075 2100 1080 2086[ 1087 2070 1075 1895| 1055 1902[ 1073 2062 1066 2075[ 1059 2084 1038 2086[ 1017 2089 1005 2080[ 993 2074 998 1983| 1004 1895| 988 1890"/>
  </edges>
</DOMShape>
                                   </elements>
            </DOMFrame>
          </frames>
        </DOMLayer>
        <DOMLayer name="Layer 45">
          <frames>
            <DOMFrame index="0" motionTweenScale="false" keyMode="8192">
              <elements>
<DOMShape isFloating="true">
                                             <fills>
  <FillStyle index="1">
    <SolidColor color="#003caf" alpha="1.0"/>
  </FillStyle>
</fills>
                                             <strokes/>
  <edges>
    <Edge fillStyle0="0" fillStyle1="0" strokeStyle="0" edges="!0 0! 0 0"/>
    <Edge fillStyle0="0" fillStyle1="1" strokeStyle="0" edges="!0 0! 1055 1922[ 1054 1941 1036 1959[ 1026 1972 1046 2029| 1067 2084| 991 2095| 998 1889| 1055 1922"/>
  </edges>
</DOMShape>
                                   </elements>
            </DOMFrame>
          </frames>
        </DOMLayer>
        <DOMLayer name="Layer 46">
          <frames>
            <DOMFrame index="0" motionTweenScale="false" keyMode="8192">
              <elements>
<DOMShape isFloating="true">
                                             <fills>
  <FillStyle index="1">
    <SolidColor color="#007fff" alpha="1.0"/>
  </FillStyle>
</fills>
                                             <strokes/>
  <edges>
    <Edge fillStyle0="0" fillStyle1="0" strokeStyle="0" edges="!0 0! 0 0"/>
    <Edge fillStyle0="0" fillStyle1="1" strokeStyle="0" edges="!0 0! 1069 1895| 1074 2084| 1030 2100| 989 2071| 988 1890| 1069 1895"/>
  </edges>
</DOMShape>
                                   </elements>
            </DOMFrame>
          </frames>
        </DOMLayer>
        <DOMLayer name="Layer 47">
          <frames>
            <DOMFrame index="0" motionTweenScale="false" keyMode="8192">
              <elements>
<DOMShape isFloating="true">
                                             <fills>
  <FillStyle index="1">
    <SolidColor color="#ff0000" alpha="1.0"/>
  </FillStyle>
</fills>
                                             <strokes/>
  <edges>
    <Edge fillStyle0="0" fillStyle1="0" strokeStyle="0" edges="!0 0! 0 0"/>
    <Edge fillStyle0="1" fillStyle1="0" strokeStyle="0" edges="!0 0! 1287 2014[ 1285 2027 1261 2049| 1233 2070| 1222 2074| 1226 2078[ 1230 2083 1237 2082[ 1249 2079 1273 2056[ 1298 2033 1297 2026[ 1297 2018 1287 2014"/>
  </edges>
</DOMShape>
                                   </elements>
            </DOMFrame>
          </frames>
        </DOMLayer>
        <DOMLayer name="Layer 48">
          <frames>
            <DOMFrame index="0" motionTweenScale="false" keyMode="8192">
              <elements>
<DOMShape isFloating="true">
                                             <fills>
  <FillStyle index="1">
    <SolidColor color="#ffffff" alpha="1.0"/>
  </FillStyle>
</fills>
                                             <strokes/>
  <edges>
    <Edge fillStyle0="0" fillStyle1="0" strokeStyle="0" edges="!0 0! 0 0"/>
    <Edge fillStyle0="1" fillStyle1="0" strokeStyle="0" edges="!0 0! 1227 2079[ 1238 2089 1269 2060[ 1302 2029 1295 2021[ 1288 2010 1270 2005[ 1248 1997 1229 2011[ 1211 2026 1214 2050[ 1216 2071 1227 2079"/>
  </edges>
</DOMShape>
                                   </elements>
            </DOMFrame>
          </frames>
        </DOMLayer>
        <DOMLayer name="Layer 49">
          <frames>
            <DOMFrame index="0" motionTweenScale="false" keyMode="8192">
              <elements>
<DOMShape isFloating="true">
                                             <fills>
  <FillStyle index="1">
    <SolidColor color="#000000" alpha="1.0"/>
  </FillStyle>
</fills>
                                             <strokes/>
  <edges>
    <Edge fillStyle0="0" fillStyle1="0" strokeStyle="0" edges="!0 0! 0 0"/>
    <Edge fillStyle0="1" fillStyle1="0" strokeStyle="0" edges="!0 0! 1217 2096[ 1234 2111 1278 2070[ 1323 2027 1314 2015[ 1303 2001 1280 1992[ 1247 1980 1221 2000[ 1196 2021 1200 2057[ 1204 2085 1217 2096"/>
  </edges>
</DOMShape>
                                   </elements>
            </DOMFrame>
          </frames>
        </DOMLayer>
        <DOMLayer name="Layer 50">
          <frames>
            <DOMFrame index="0" motionTweenScale="false" keyMode="8192">
              <elements>
<DOMShape isFloating="true">
                                             <fills>
  <FillStyle index="1">
    <SolidColor color="#000000" alpha="1.0"/>
  </FillStyle>
</fills>
                                             <strokes/>
  <edges>
    <Edge fillStyle0="0" fillStyle1="0" strokeStyle="0" edges="!0 0! 0 0"/>
    <Edge fillStyle0="0" fillStyle1="1" strokeStyle="0" edges="!0 0! 1118 1853[ 1256 1962 1256 1999[ 1257 2024 1231 2044[ 1206 2062 1192 2057| 1121 1985| 1060 1919| 1079 1909| 1131 1972| 1195 2038[ 1206 2040 1222 2027[ 1238 2013 1241 1998[ 1246 1978 1110 1868| 1118 1853"/>
  </edges>
</DOMShape>
                                   </elements>
            </DOMFrame>
          </frames>
        </DOMLayer>
        <DOMLayer name="Layer 51">
          <frames>
            <DOMFrame index="0" motionTweenScale="false" keyMode="8192">
              <elements>
<DOMShape isFloating="true">
                                             <fills>
  <FillStyle index="1">
    <SolidColor color="#004695" alpha="1.0"/>
  </FillStyle>
</fills>
                                             <strokes/>
  <edges>
    <Edge fillStyle0="0" fillStyle1="0" strokeStyle="0" edges="!0 0! 0 0"/>
    <Edge fillStyle0="0" fillStyle1="1" strokeStyle="0" edges="!0 0! 1104 1916| 1132 1952| 1176 1998| 1228 2003| 1208 2054| 1091 1935| 1104 1916"/>
  </edges>
</DOMShape>
                                   </elements>
            </DOMFrame>
          </frames>
        </DOMLayer>
        <DOMLayer name="Layer 52">
          <frames>
            <DOMFrame index="0" motionTweenScale="false" keyMode="8192">
              <elements>
                                        <DOMShape isFloating="true">
                                             <fills>
  <FillStyle index="1">
    <SolidColor color="#007fff" alpha="1.0"/>
  </FillStyle>
</fills>
                                             <strokes/>
  <edges>
    <Edge fillStyle0="1" edges="!0 0! 1064 1914| 1195 2050| 1237 2031| 1246 1981| 1118 1853| 1064 1914"/>
  </edges>
</DOMShape>
                                   </elements>
            </DOMFrame>
          </frames>
        </DOMLayer>
      </layers>
    </DOMTimeline>
  </timeline>
</DOMSymbolItem>
